respondent_id,Q1,Q5,Q8,Q11,Q12,Q13,Q14,Q16,Q18,Q22,Q26,Q27,knowledge_score,Q3,Q9,Q10,Q19,Q21,Q29,attitude_score,Q2,Q4,Q7,Q20,practice_score,Q6,Q15,Q17,Q23,Q24,Q25,risk_score,gender_female,gender_male,gender_non-binary,gender_prefer_not_to_say,age_less_than_18,age_19-30,age_31-40,age_41-55,age_56-65,age_over_65,country_Italy,educational_level_primary_school,educational_level_high_school,educational_level_bachelors_degree,educational_level_masters_degree,educational_level_PhD_or_equivalent,Cluster
1,2,2,2,2,2,2,2,2,2,2,2,2,1,2,1,2,2,2,2,0.916666667,2,2,2,2,1,3,3,3,3,3,3,1,1,0,0,0,0,1,0,0,0,0,1,0,0,0,1,0,3
2,2,2,2,2,2,2,2,2,2,2,2,0,0.916666667,2,1,2,2,2,2,0.916666667,2,2,2,2,1,3,3,3,3,3,3,1,1,0,0,0,0,0,1,0,0,0,1,0,0,0,1,0,3
3,2,2,2,2,2,2,2,2,2,2,2,2,1,2,1,2,1,2,2,0.833333333,2,1,2,2,0.875,3,3,3,3,3,3,1,1,0,0,0,0,0,0,1,0,0,1,0,0,1,0,0,3
4,2,2,2,2,2,2,2,2,2,2,2,2,1,0,2,2,1,2,2,0.75,0,0,2,2,0.5,3,3,3,3,3,3,1,0,1,0,0,0,0,1,0,0,0,1,0,0,0,1,0,2
5,2,2,0,2,2,2,1,2,1,2,1,2,0.791666667,1,2,2,2,2,2,0.916666667,2,2,2,2,1,2,2,3,3,3,3,0.888888889,1,0,0,0,0,1,0,0,0,0,1,0,0,0,0,1,0
6,2,2,0,2,2,2,2,2,2,2,0,2,0.833333333,1,1,2,2,2,2,0.833333333,1,2,2,1,0.75,2,2,3,3,3,3,0.888888889,1,0,0,0,0,0,1,0,0,0,1,0,0,0,1,0,3
7,2,2,2,2,2,2,1,2,2,2,1,2,0.916666667,0,2,2,1,2,2,0.75,0,2,2,2,0.75,3,3,3,3,3,3,1,1,0,0,0,0,0,1,0,0,0,1,0,0,0,1,0,2
9,2,2,2,2,0,1,1,1,1,0,0,0,0.5,0,2,2,1,2,0,0.583333333,0,0,2,2,0.5,3,2,2,0,0,0,0.388888889,0,1,0,0,0,0,1,0,0,0,1,0,0,0,1,0,1
11,2,0,2,2,2,1,2,2,2,2,2,0,0.791666667,0,2,2,1,1,2,0.666666667,0,1,2,2,0.625,3,3,3,3,3,3,1,1,0,0,0,0,0,0,1,0,0,1,0,0,1,0,0,2
14,2,2,0,2,0,1,1,1,1,2,1,2,0.625,2,0,1,1,1,2,0.583333333,2,2,2,2,1,1,2,3,3,3,3,0.833333333,0,1,0,0,0,1,0,0,0,0,1,0,0,0,1,0,0
16,2,2,0,2,2,2,2,2,1,2,0,0,0.708333333,1,1,2,1,1,2,0.666666667,1,2,2,2,0.875,1,2,3,3,1.5,3,0.75,0,1,0,0,0,0,0,0,0,1,1,0,0,0,0,1,3
17,2,2,0,2,2,2,2,2,0,2,1,2,0.791666667,0,1,2,1,1,2,0.583333333,1,1,2,2,0.75,3,3,3,3,3,3,1,0,0,1,0,0,1,0,0,0,0,1,0,0,0,1,0,2
19,2,0,0,2,2,2,1,1,2,2,1,2,0.708333333,2,2,2,2,1,0,0.75,1,2,0,2,0.625,1,3,3,3,3,3,0.888888889,1,0,0,0,1,0,0,0,0,0,1,0,1,0,0,0,3
21,2,2,2,2,2,2,2,2,2,2,2,2,1,1,2,2,2,2,2,0.916666667,1,2,2,2,0.875,3,3,3,3,3,3,1,0,1,0,0,0,1,0,0,0,0,1,0,0,0,1,0,0
47,2,2,0,2,2,2,2,2,2,2,1,2,0.875,1,2,2,1,2,2,0.833333333,2,2,2,1,0.875,3,3,3,3,3,3,1,0,1,0,0,0,1,0,0,0,0,1,0,0,0,1,0,0
50,2,2,2,2,0,2,2,2,2,2,2,2,0.916666667,1,2,2,1,1,2,0.75,0,2,2,2,0.75,3,3,3,3,3,3,1,1,0,0,0,0,1,0,0,0,0,1,0,0,1,0,0,2
55,2,0,0,2,2,2,2,1,2,2,2,2,0.791666667,2,2,1,1,1,2,0.75,2,2,2,2,1,2,1,3,3,1.5,0,0.583333333,0,1,0,0,0,0,0,1,0,0,1,0,0,0,1,0,0
77,2,2,0,2,2,2,1,2,2,2,2,2,0.875,2,1,1,1,1,2,0.666666667,2,2,2,2,1,2,3,3,3,3,3,0.944444444,1,0,0,0,0,0,0,1,0,0,1,0,1,0,0,0,3
78,2,2,0,2,0,2,2,2,2,2,1,2,0.791666667,2,2,2,1,1,2,0.833333333,2,2,2,2,1,3,3,3,3,1.5,3,0.916666667,1,0,0,0,0,0,0,1,0,0,1,0,0,0,0,1,0
79,2,2,2,2,2,2,2,2,2,2,2,2,1,2,2,2,1,2,2,0.916666667,2,2,2,1,0.875,2,3,3,3,1.5,3,0.861111111,0,1,0,0,0,1,0,0,0,0,1,0,0,0,1,0,0
80,2,0,2,2,2,2,2,2,2,2,1,2,0.875,0,2,2,1,2,2,0.75,0,0,2,2,0.5,3,3,3,3,3,3,1,1,0,0,0,0,0,1,0,0,0,1,0,0,0,1,0,2
81,2,0,0,2,2,2,2,2,2,2,0,2,0.75,1,1,2,1,1,2,0.666666667,2,1,0,2,0.625,1,2,3,3,3,3,0.833333333,1,0,0,0,0,1,0,0,0,0,1,0,0,0,1,0,2
82,2,2,2,0,0,0,0,0,0,0,0,0,0.25,2,2,2,0,0,0,0.5,2,0,2,1,0.625,3,1,1,0,0,0,0.277777778,0,1,0,0,0,0,0,0,0,1,1,0,1,0,0,0,1
83,2,2,2,2,0,2,2,2,1,2,1,2,0.833333333,0,1,2,1,2,2,0.666666667,0,0,2,2,0.5,2,3,3,3,1.5,3,0.861111111,1,0,0,0,0,0,0,0,0,1,1,0,1,0,0,0,2
84,2,0,2,2,2,1,1,2,1,2,2,2,0.791666667,1,1,1,1,1,2,0.583333333,0,0,2,2,0.5,3,3,3,3,1.5,3,0.916666667,1,0,0,0,0,0,0,1,0,0,1,1,0,0,0,0,2
85,2,2,2,2,0,2,1,2,2,2,1,0,0.75,1,2,2,2,1,2,0.833333333,0,1,2,2,0.625,3,3,3,3,1.5,3,0.916666667,0,1,0,0,0,0,1,0,0,0,1,0,0,0,1,0,0
86,2,2,0,2,0,2,2,2,2,2,1,2,0.791666667,1,2,2,1,1,2,0.75,2,1,2,2,0.875,2,3,3,3,3,3,0.944444444,1,0,0,0,0,1,0,0,0,0,1,0,0,0,1,0,0
87,2,2,2,2,0,2,1,2,2,0,0,0,0.625,2,2,2,2,2,0,0.833333333,2,2,2,2,1,2,3,3,0,0,0,0.444444444,1,0,0,0,0,1,0,0,0,0,1,0,0,1,0,0,1
88,2,2,2,2,2,2,2,1,1,2,1,0,0.791666667,1,2,2,2,1,0,0.666666667,1,2,2,2,0.875,3,2,3,3,1.5,3,0.861111111,0,1,0,0,0,0,1,0,0,0,1,0,0,0,0,1,3
89,2,2,2,2,0,2,2,2,2,2,2,2,0.916666667,1,2,2,2,1,2,0.833333333,1,1,2,2,0.75,2,3,3,3,3,3,0.944444444,1,0,0,0,0,1,0,0,0,0,1,0,0,0,1,0,3
90,2,2,2,2,2,2,1,2,2,2,2,2,0.958333333,2,2,2,1,1,2,0.833333333,2,2,2,2,1,3,3,3,3,3,3,1,1,0,0,0,0,0,0,1,0,0,1,0,0,0,0,1,3
91,2,2,2,2,2,2,1,1,2,2,2,0,0.833333333,0,2,2,1,1,2,0.666666667,0,0,2,2,0.5,3,3,3,3,3,3,1,0,1,0,0,0,0,0,1,0,0,1,0,0,0,0,1,2
92,2,2,0,2,2,2,0,2,2,2,2,0,0.75,0,1,2,2,2,2,0.75,0,1,2,2,0.625,3,3,3,3,3,3,1,1,0,0,0,0,1,0,0,0,0,1,0,1,0,0,0,2
93,2,0,0,2,2,2,1,1,0,2,1,0,0.541666667,0,2,2,1,1,2,0.666666667,0,1,2,2,0.625,2,3,3,3,1.5,3,0.861111111,1,0,0,0,0,0,0,1,0,0,1,0,0,0,1,0,2
94,2,0,2,2,2,2,2,2,2,2,2,0,0.833333333,0,2,2,2,2,2,0.833333333,0,0,2,2,0.5,2,3,3,3,3,3,0.944444444,0,1,0,0,0,0,1,0,0,0,1,0,0,0,0,1,2
95,2,2,0,2,0,2,2,2,1,2,1,2,0.75,2,2,2,2,1,2,0.916666667,1,2,2,2,0.875,1,3,3,3,1.5,3,0.805555556,1,0,0,0,0,0,0,0,1,0,1,0,0,0,0,1,3
96,2,2,0,2,0,2,1,2,2,2,2,2,0.791666667,0,2,2,1,2,2,0.75,0,0,0,2,0.25,2,3,3,3,3,3,0.944444444,1,0,0,0,0,0,0,1,0,0,1,0,1,0,0,0,2
97,2,2,0,2,2,2,2,2,2,2,1,2,0.875,1,1,2,1,2,2,0.75,1,2,2,2,0.875,3,3,3,3,3,3,1,1,0,0,0,0,0,1,0,0,0,1,0,0,0,0,1,3
98,2,0,2,2,2,2,2,2,1,2,2,0,0.791666667,1,2,1,2,2,2,0.833333333,1,0,2,2,0.625,3,3,3,3,3,3,1,0,1,0,0,0,0,1,0,0,0,1,0,0,1,0,0,3
99,2,2,0,2,2,2,2,2,2,2,2,0,0.833333333,1,2,2,2,2,2,0.916666667,1,2,2,2,0.875,3,3,3,3,3,3,1,1,0,0,0,0,1,0,0,0,0,1,0,1,0,0,0,3
100,2,2,2,2,0,2,2,2,2,2,0,2,0.833333333,2,2,2,2,1,2,0.916666667,2,1,2,2,0.875,1,3,3,3,1.5,3,0.805555556,0,1,0,0,0,0,1,0,0,0,1,0,0,0,1,0,0
101,2,2,2,2,2,2,2,2,2,2,1,2,0.958333333,2,1,2,2,2,2,0.916666667,2,2,2,2,1,2,3,3,3,3,3,0.944444444,1,0,0,0,0,0,0,0,0,1,1,0,1,0,0,0,3
102,2,2,0,2,2,2,1,2,2,2,2,2,0.875,2,2,2,2,1,2,0.916666667,1,2,2,2,0.875,1,3,3,3,3,3,0.888888889,1,0,0,0,0,0,0,1,0,0,1,0,1,0,0,0,3
103,2,2,2,2,2,2,2,2,2,2,2,2,1,2,1,2,2,2,2,0.916666667,2,2,2,2,1,3,3,3,3,3,3,1,0,1,0,0,0,0,0,0,0,1,1,0,1,0,0,0,0
104,2,2,2,2,0,2,2,2,2,0,0,0,0.666666667,0,2,2,1,1,0,0.5,0,0,2,2,0.5,3,3,3,0,0,0,0.5,1,0,0,0,0,0,0,1,0,0,1,0,1,0,0,0,1
105,2,0,2,2,2,1,1,2,1,2,1,0,0.666666667,2,2,2,2,1,2,0.916666667,2,2,2,2,1,1,3,3,3,1.5,3,0.805555556,1,0,0,0,0,0,1,0,0,0,1,0,0,0,0,1,3
106,2,2,2,2,0,2,1,2,2,0,0,0,0.625,1,1,2,1,1,0,0.5,1,2,2,2,0.875,2,3,3,0,0,0,0.444444444,1,0,0,0,0,0,0,0,1,0,1,0,1,0,0,0,1
107,2,2,2,2,0,2,1,2,1,0,0,0,0.583333333,1,2,1,1,1,0,0.5,0,0,0,2,0.25,2,3,3,0,0,0,0.444444444,1,0,0,0,0,0,1,0,0,0,1,0,1,0,0,0,1
108,2,2,0,2,0,2,2,2,2,2,0,2,0.75,2,2,2,2,2,0,0.833333333,1,2,2,2,0.875,3,3,3,3,3,3,1,1,0,0,0,0,0,0,1,0,0,1,0,1,0,0,0,3
109,2,2,2,2,2,1,2,2,2,2,2,2,0.958333333,2,2,2,1,2,2,0.916666667,2,2,2,2,1,1,3,3,3,3,3,0.888888889,1,0,0,0,0,0,0,1,0,0,1,0,0,0,1,0,3
110,2,2,2,2,0,2,1,2,2,2,1,2,0.833333333,2,2,2,1,1,2,0.833333333,2,1,2,2,0.875,1,3,3,3,3,3,0.888888889,0,1,0,0,0,0,0,1,0,0,1,0,0,1,0,0,0
111,2,0,0,2,0,2,1,1,2,2,1,0,0.541666667,1,2,1,2,1,2,0.75,0,0,2,2,0.5,1,3,3,3,1.5,3,0.805555556,0,1,0,0,0,0,0,1,0,0,1,0,0,0,1,0,0
112,2,0,2,2,2,2,1,2,1,2,2,2,0.833333333,0,2,2,2,1,2,0.75,0,2,2,1,0.625,1,3,3,3,1.5,3,0.805555556,1,0,0,0,0,0,0,1,0,0,1,0,0,0,0,1,2
113,2,0,2,2,2,1,2,2,2,2,2,2,0.875,0,2,1,2,2,0,0.583333333,0,2,0,1,0.375,3,3,3,3,1.5,3,0.916666667,0,1,0,0,0,1,0,0,0,0,1,0,0,0,1,0,2
114,2,0,0,2,2,2,1,2,2,2,2,2,0.791666667,2,2,2,1,2,2,0.916666667,1,2,2,2,0.875,1,3,3,3,3,3,0.888888889,1,0,0,0,0,1,0,0,0,0,1,0,0,0,1,0,0
115,2,0,0,2,2,2,1,2,2,2,1,0,0.666666667,2,2,2,2,1,2,0.916666667,1,2,2,2,0.875,2,2,3,3,3,3,0.888888889,1,0,0,0,0,1,0,0,0,0,1,0,0,0,1,0,3
116,2,2,0,2,0,2,1,2,2,2,2,0,0.708333333,2,1,2,1,1,2,0.75,2,1,2,2,0.875,1,3,3,3,3,3,0.888888889,1,0,0,0,0,0,0,1,0,0,1,0,0,0,1,0,3
117,2,2,2,2,2,2,1,2,1,2,0,2,0.833333333,0,1,2,1,2,0,0.5,1,2,2,2,0.875,3,2,3,3,3,3,0.944444444,1,0,0,0,0,0,0,1,0,0,1,0,0,0,0,1,3
118,2,2,2,2,0,2,1,2,2,2,1,2,0.833333333,2,2,2,1,1,2,0.833333333,2,2,2,2,1,2,3,3,3,1.5,3,0.861111111,0,1,0,0,0,0,0,0,1,0,1,0,0,0,1,0,0
119,2,2,0,2,0,2,2,2,2,2,2,0,0.75,0,2,2,1,1,2,0.666666667,0,0,0,2,0.25,1,2,3,3,3,3,0.833333333,0,1,0,0,0,0,1,0,0,0,1,0,0,0,0,1,2
120,2,2,2,2,0,2,1,2,2,2,2,2,0.875,2,1,2,1,2,2,0.833333333,1,2,2,1,0.75,1,3,3,3,3,3,0.888888889,1,0,0,0,0,0,0,1,0,0,1,0,0,0,1,0,3
121,2,0,0,2,2,2,1,2,2,2,2,0,0.708333333,0,2,2,1,1,2,0.666666667,1,2,0,2,0.625,1,2,2,3,3,3,0.777777778,0,1,0,0,0,0,0,1,0,0,1,0,0,0,1,0,0
122,0,0,2,2,2,2,2,2,2,2,2,0,0.75,0,2,2,1,1,2,0.666666667,1,2,0,2,0.625,3,3,3,3,3,3,1,1,0,0,0,0,1,0,0,0,0,1,0,0,1,0,0,3
123,2,0,0,2,2,2,2,2,2,2,2,0,0.75,0,2,2,1,2,2,0.75,1,2,0,2,0.625,3,3,3,3,3,3,1,1,0,0,0,0,1,0,0,0,0,1,0,1,0,0,0,3
124,2,0,0,2,0,1,1,1,1,2,1,0,0.458333333,2,2,1,1,1,2,0.75,1,2,2,2,0.875,2,3,2,3,1.5,3,0.805555556,1,0,0,0,0,0,0,0,1,0,1,0,1,0,0,0,3
125,2,2,0,2,2,2,1,2,2,2,1,2,0.833333333,2,2,2,2,1,0,0.75,2,2,0,2,0.75,1,1,3,3,3,3,0.777777778,1,0,0,0,0,0,1,0,0,0,1,0,0,0,0,1,0
126,2,2,0,2,0,2,1,2,2,2,1,0,0.666666667,2,1,1,1,1,0,0.5,0,2,2,2,0.75,2,2,3,3,3,3,0.888888889,0,1,0,0,0,0,0,1,0,0,1,0,0,0,1,0,0
127,2,0,0,0,0,0,0,0,0,0,0,0,0.083333333,0,0,0,0,0,0,0,0,0,2,1,0.375,3,1,1,0,0,0,0.277777778,1,0,0,0,0,0,0,1,0,0,1,0,1,0,0,0,1
128,2,2,2,2,0,2,2,2,2,0,0,0,0.666666667,0,2,2,1,1,0,0.5,0,2,2,2,0.75,2,2,3,0,0,0,0.388888889,0,1,0,0,0,1,0,0,0,0,1,0,0,0,1,0,1
129,2,0,2,0,0,0,0,0,0,0,0,0,0.166666667,0,2,2,0,0,0,0.333333333,2,0,2,1,0.625,3,1,1,0,0,0,0.277777778,1,0,0,0,0,0,0,0,1,0,1,0,1,0,0,0,1
130,0,2,2,0,0,0,0,0,0,0,0,0,0.166666667,1,0,0,0,0,0,0.083333333,0,0,0,1,0.125,3,1,1,0,0,0,0.277777778,1,0,0,0,0,1,0,0,0,0,1,0,1,0,0,0,1
131,2,0,2,2,0,2,1,2,2,0,0,0,0.541666667,0,2,2,1,1,0,0.5,0,0,2,2,0.5,3,3,3,0,0,0,0.5,1,0,0,0,0,0,1,0,0,0,1,0,1,0,0,0,1
132,2,2,2,2,2,2,2,2,2,2,1,2,0.958333333,1,2,2,1,1,2,0.75,2,1,2,2,0.875,2,3,3,3,3,3,0.944444444,1,0,0,0,0,0,1,0,0,0,1,0,0,0,0,1,3
133,2,0,0,2,2,2,1,2,2,2,2,0,0.708333333,0,2,2,1,2,2,0.75,1,2,2,2,0.875,3,3,3,3,3,3,1,1,0,0,0,0,0,1,0,0,0,1,0,0,1,0,0,3
134,2,2,2,2,0,2,1,2,2,2,0,2,0.791666667,2,2,2,2,2,2,1,2,2,2,1,0.875,1,3,3,3,3,3,0.888888889,1,0,0,0,0,0,0,1,0,0,1,0,0,1,0,0,3
135,2,2,0,2,0,2,1,2,2,2,0,2,0.708333333,0,2,2,2,1,2,0.75,0,2,2,2,0.75,3,3,3,3,3,3,1,1,0,0,0,0,0,1,0,0,0,1,0,0,0,1,0,2
136,2,0,0,2,2,2,1,2,2,2,2,0,0.708333333,0,2,2,1,2,2,0.75,0,0,2,2,0.5,3,3,3,3,3,3,1,1,0,0,0,0,1,0,0,0,0,1,0,1,0,0,0,2
137,2,2,2,2,2,2,2,2,2,2,2,2,1,1,2,2,1,2,0,0.666666667,1,2,2,1,0.75,1,3,3,3,3,3,0.888888889,1,0,0,0,0,0,1,0,0,0,1,0,0,0,1,0,3
138,2,2,2,2,2,2,1,2,1,2,1,0,0.791666667,1,2,0,1,1,0,0.416666667,2,2,2,2,1,1,2,2,3,3,3,0.777777778,1,0,0,0,0,0,1,0,0,0,1,1,0,0,0,0,3
139,2,2,0,2,2,2,1,2,1,2,1,0,0.708333333,2,2,1,1,1,2,0.75,1,2,0,2,0.625,1,2,3,3,3,3,0.833333333,0,1,0,0,0,0,0,1,0,0,1,0,0,0,1,0,0
140,2,0,0,2,2,2,1,1,1,2,0,0,0.541666667,1,1,1,1,1,2,0.583333333,0,0,2,2,0.5,2,1,1,3,3,3,0.722222222,1,0,0,0,0,0,1,0,0,0,1,0,0,1,0,0,2
141,2,0,0,2,2,2,2,2,2,2,2,0,0.75,2,0,2,1,1,2,0.666666667,1,2,2,2,0.875,1,3,3,3,3,3,0.888888889,1,0,0,0,0,0,1,0,0,0,1,0,0,0,0,1,3
142,2,2,0,2,0,2,2,2,2,2,2,2,0.833333333,2,2,2,1,1,2,0.833333333,1,2,0,2,0.625,1,3,3,3,3,3,0.888888889,0,1,0,0,0,0,0,1,0,0,1,0,1,0,0,0,3
143,2,2,0,2,2,2,1,2,1,2,1,0,0.708333333,1,2,2,1,1,2,0.75,1,2,2,2,0.875,1,2,2,3,3,3,0.777777778,1,0,0,0,0,0,1,0,0,0,1,0,0,1,0,0,3
144,2,0,0,2,2,2,2,2,2,0,0,0,0.583333333,2,2,2,2,1,0,0.75,2,2,2,2,1,2,3,3,0,0,0,0.444444444,1,0,0,0,0,1,0,0,0,0,1,0,0,0,1,0,1
145,2,2,0,0,0,0,0,0,0,0,0,0,0.166666667,2,1,2,0,0,0,0.416666667,2,1,0,1,0.5,2,1,1,0,0,0,0.222222222,1,0,0,0,0,0,1,0,0,0,1,0,0,0,0,1,1
146,2,2,2,2,2,2,2,1,2,2,1,0,0.833333333,1,2,2,2,2,0,0.75,2,2,2,2,1,2,2,3,3,3,3,0.888888889,1,0,0,0,0,1,0,0,0,0,1,0,1,0,0,0,3
147,2,2,2,2,2,2,1,2,2,2,2,2,0.958333333,1,2,2,2,2,2,0.916666667,2,2,2,2,1,2,3,3,3,3,3,0.944444444,1,0,0,0,0,1,0,0,0,0,1,0,0,1,0,0,0
148,2,2,2,2,0,2,2,2,2,2,2,0,0.833333333,2,1,2,2,1,2,0.833333333,1,2,0,2,0.625,1,3,3,3,3,3,0.888888889,0,1,0,0,0,0,0,0,0,1,1,0,0,0,1,0,3
149,2,0,0,2,0,2,1,2,2,0,0,0,0.458333333,2,1,2,1,0,0,0.5,0,0,2,1,0.375,2,3,3,0,0,0,0.444444444,1,0,0,0,0,0,0,1,0,0,1,0,1,0,0,0,1
150,2,0,0,2,2,2,1,2,2,2,1,2,0.75,2,2,1,2,2,2,0.916666667,0,0,2,2,0.5,3,3,3,3,3,3,1,1,0,0,0,0,0,1,0,0,0,1,0,0,0,1,0,2
151,2,2,0,2,2,2,2,2,2,2,2,2,0.916666667,1,1,2,1,2,2,0.75,1,2,2,2,0.875,1,3,3,3,3,3,0.888888889,1,0,0,0,0,0,1,0,0,0,1,0,0,0,0,1,3
152,0,2,2,2,0,2,1,2,1,0,0,0,0.5,2,1,2,2,2,0,0.75,2,2,2,2,1,1,3,3,0,0,0,0.388888889,1,0,0,0,0,1,0,0,0,0,1,0,0,0,1,0,1
153,2,2,2,2,0,2,1,2,1,0,0,0,0.583333333,1,2,2,2,1,0,0.666666667,1,2,2,1,0.75,1,1,2,0,0,0,0.222222222,0,1,0,0,0,0,0,1,0,0,1,0,1,0,0,0,1
154,2,2,0,2,0,2,2,2,1,2,0,2,0.708333333,1,2,2,1,2,0,0.666666667,1,2,2,2,0.875,2,1,2,3,1.5,3,0.694444444,0,1,0,0,0,1,0,0,0,0,1,0,0,0,1,0,0
155,2,0,0,0,0,0,0,0,0,0,0,0,0.083333333,1,2,2,0,0,0,0.416666667,0,0,2,1,0.375,2,1,1,0,0,0,0.222222222,1,0,0,0,0,0,0,0,1,0,1,0,1,0,0,0,1
156,2,0,0,2,0,1,1,1,1,2,1,2,0.541666667,1,0,1,1,1,2,0.5,2,2,0,2,0.75,1,3,3,3,1.5,3,0.805555556,1,0,0,0,0,0,0,0,1,0,1,0,1,0,0,0,0
157,2,2,2,2,0,1,1,1,2,0,0,0,0.541666667,2,2,2,2,1,0,0.75,2,1,2,2,0.875,1,3,3,0,0,0,0.388888889,1,0,0,0,0,0,0,1,0,0,1,0,0,0,0,1,1
158,2,0,0,2,0,2,0,2,1,2,1,2,0.583333333,2,2,2,1,1,2,0.833333333,2,2,0,2,0.75,2,3,3,3,1.5,3,0.861111111,1,0,0,0,0,0,0,0,1,0,1,0,1,0,0,0,0
159,2,2,0,2,2,2,1,2,2,2,0,0,0.708333333,2,2,2,1,1,2,0.833333333,2,2,2,2,1,1,2,3,3,1.5,3,0.75,0,1,0,0,0,1,0,0,0,0,1,0,1,0,0,0,0
160,2,2,0,2,2,2,2,2,2,2,2,2,0.916666667,2,2,2,2,2,0,0.833333333,2,1,2,1,0.75,3,3,3,3,3,3,1,1,0,0,0,0,1,0,0,0,0,1,0,0,1,0,0,2
161,2,0,0,2,2,2,2,2,2,0,0,0,0.583333333,1,2,2,1,1,0,0.583333333,1,2,2,2,0.875,2,3,3,0,0,0,0.444444444,1,0,0,0,0,1,0,0,0,0,1,0,1,0,0,0,1
162,2,2,0,2,2,2,2,2,2,2,1,0,0.791666667,1,2,2,2,1,0,0.666666667,1,1,2,2,0.75,1,3,3,3,3,3,0.888888889,0,1,0,0,0,1,0,0,0,0,1,0,1,0,0,0,0
163,2,2,0,2,2,2,2,2,1,2,1,2,0.833333333,1,2,2,1,2,2,0.833333333,1,2,2,1,0.75,1,3,3,3,3,3,0.888888889,0,0,1,0,0,1,0,0,0,0,1,0,1,0,0,0,0
164,2,0,0,2,2,1,2,1,2,2,0,0,0.583333333,2,1,2,1,2,2,0.833333333,2,2,0,2,0.75,1,3,3,3,1.5,3,0.805555556,0,1,0,0,0,0,0,1,0,0,1,0,1,0,0,0,0
165,2,2,0,2,0,2,1,2,2,2,0,2,0.708333333,2,2,2,1,2,2,0.916666667,2,2,0,2,0.75,1,3,3,3,3,3,0.888888889,1,0,0,0,0,0,0,0,1,0,1,0,0,0,1,0,0
166,2,2,0,2,0,2,2,2,1,2,2,0,0.708333333,2,2,2,1,1,0,0.666666667,2,2,2,2,1,1,3,3,3,1.5,3,0.805555556,0,1,0,0,0,0,0,0,1,0,1,0,0,0,1,0,0
167,2,2,2,2,2,2,1,2,2,2,1,2,0.916666667,2,2,2,2,1,2,0.916666667,1,2,2,1,0.75,2,3,3,3,1.5,3,0.861111111,1,0,0,0,0,1,0,0,0,0,1,0,0,0,0,1,3
168,2,2,0,2,0,2,1,2,2,2,0,2,0.708333333,1,2,2,1,1,0,0.583333333,2,1,2,2,0.875,1,2,3,3,3,3,0.833333333,0,1,0,0,0,1,0,0,0,0,1,0,1,0,0,0,0
169,2,0,2,2,2,2,1,2,2,0,0,0,0.625,0,2,2,1,1,0,0.5,0,0,2,2,0.5,2,3,3,0,0,0,0.444444444,0,1,0,0,0,0,0,0,1,0,1,0,1,0,0,0,1
171,2,2,0,0,0,0,0,0,0,0,0,0,0.166666667,1,2,2,0,0,0,0.416666667,1,0,2,1,0.5,1,1,1,0,0,0,0.166666667,1,0,0,0,0,0,0,1,0,0,1,1,0,0,0,0,1
172,2,0,2,2,2,2,1,2,2,2,2,0,0.791666667,1,2,2,2,2,2,0.916666667,2,0,2,2,0.75,2,3,3,3,3,3,0.944444444,1,0,0,0,0,0,0,1,0,0,1,0,0,0,1,0,3
173,2,0,0,2,2,1,1,2,2,2,1,0,0.625,2,2,2,1,1,0,0.666666667,1,2,2,2,0.875,1,3,3,3,1.5,3,0.805555556,1,0,0,0,0,0,1,0,0,0,1,0,0,0,0,1,3
174,2,0,0,0,0,0,0,0,0,0,0,0,0.083333333,2,1,2,0,0,0,0.416666667,1,2,2,1,0.75,2,1,1,0,0,0,0.222222222,1,0,0,0,0,0,0,1,0,0,1,0,1,0,0,0,1
175,2,0,2,2,2,2,0,2,2,0,0,0,0.583333333,1,1,2,1,1,0,0.5,0,0,2,2,0.5,2,3,3,0,0,0,0.444444444,1,0,0,0,0,0,0,1,0,0,1,0,1,0,0,0,1
176,2,2,2,2,2,2,2,2,2,2,1,0,0.875,1,2,2,2,2,2,0.916666667,1,2,0,2,0.625,2,3,3,3,3,3,0.944444444,0,1,0,0,0,1,0,0,0,0,1,0,1,0,0,0,3
177,2,2,0,2,2,2,2,2,2,2,2,2,0.916666667,0,2,2,2,2,2,0.833333333,1,2,2,2,0.875,2,3,3,3,3,3,0.944444444,1,0,0,0,0,1,0,0,0,0,1,0,1,0,0,0,3
178,2,2,2,2,2,2,2,2,2,2,2,2,1,2,1,2,1,1,0,0.583333333,2,1,2,2,0.875,2,3,3,3,1.5,3,0.861111111,1,0,0,0,0,0,0,0,1,0,1,0,0,0,1,0,3
179,2,0,0,2,2,2,2,2,1,2,2,0,0.708333333,0,2,2,1,2,2,0.75,0,2,2,2,0.75,3,3,3,3,1.5,3,0.916666667,1,0,0,0,0,0,0,0,1,0,1,0,0,0,1,0,3
180,2,2,2,2,0,2,2,2,1,2,2,2,0.875,0,2,2,1,1,2,0.666666667,2,2,2,1,0.875,1,3,3,3,1.5,3,0.805555556,1,0,0,0,0,0,0,0,1,0,1,0,0,0,1,0,3
181,2,0,0,2,0,1,2,2,2,2,2,2,0.708333333,1,2,2,1,1,2,0.75,1,2,2,2,0.875,2,3,3,3,3,3,0.944444444,1,0,0,0,0,0,0,0,1,0,1,0,1,0,0,0,3
182,2,2,0,2,2,2,1,2,1,2,2,2,0.833333333,0,2,2,1,1,2,0.666666667,0,2,2,2,0.75,2,3,3,3,3,3,0.944444444,0,1,0,0,0,0,0,1,0,0,1,0,0,0,0,1,0
183,2,2,2,2,2,2,2,2,2,2,2,2,1,2,2,2,1,1,2,0.833333333,1,2,2,2,0.875,2,3,3,3,1.5,3,0.861111111,0,1,0,0,0,0,0,0,1,0,1,0,0,0,0,1,3
184,2,2,0,2,0,2,2,1,2,2,2,2,0.791666667,2,1,2,1,1,0,0.583333333,2,1,2,2,0.875,1,3,3,3,3,3,0.888888889,0,1,0,0,0,0,0,0,0,1,1,0,0,0,1,0,0
185,2,2,2,2,2,2,2,2,2,2,2,2,1,0,1,2,2,2,2,0.75,0,0,2,2,0.5,3,3,3,3,3,3,1,1,0,0,0,0,1,0,0,0,0,1,0,1,0,0,0,2
186,2,2,0,2,2,2,2,2,2,2,1,0,0.791666667,1,2,2,1,1,2,0.75,1,2,2,2,0.875,3,3,3,3,3,3,1,1,0,0,0,0,1,0,0,0,0,1,0,1,0,0,0,3
187,2,2,0,2,2,2,2,2,2,2,2,2,0.916666667,2,2,2,2,1,2,0.916666667,1,2,2,2,0.875,3,3,3,3,3,3,1,1,0,0,0,0,1,0,0,0,0,1,0,1,0,0,0,3
188,2,0,0,2,2,2,2,2,2,2,2,0,0.75,0,2,1,1,1,2,0.583333333,0,2,2,2,0.75,2,3,3,3,3,3,0.944444444,0,1,0,0,0,1,0,0,0,0,1,0,1,0,0,0,3
189,2,0,0,2,0,2,1,1,2,2,1,2,0.625,1,1,2,1,1,2,0.666666667,0,0,0,1,0.125,2,3,3,3,3,3,0.944444444,1,0,0,0,0,0,1,0,0,0,1,0,0,0,0,1,2
190,2,0,0,2,2,2,2,2,2,2,2,0,0.75,1,2,2,1,2,2,0.833333333,1,1,2,1,0.625,1,3,3,3,3,3,0.888888889,1,0,0,0,0,0,0,0,1,0,1,0,0,0,1,0,3
191,2,2,0,2,0,2,2,2,1,0,0,0,0.541666667,1,2,2,2,1,0,0.666666667,1,2,2,2,0.875,2,3,3,0,0,0,0.444444444,0,1,0,0,0,0,1,0,0,0,1,0,0,0,0,1,1
192,2,0,0,2,2,2,2,2,2,2,2,0,0.75,2,2,2,1,0,2,0.75,2,2,2,2,1,3,3,3,3,3,3,1,1,0,0,0,0,0,0,0,1,0,1,0,0,0,1,0,3
193,2,2,2,2,2,2,2,2,2,2,2,0,0.916666667,2,2,2,1,1,2,0.833333333,1,2,2,1,0.75,3,3,3,3,3,3,1,0,1,0,0,0,0,0,0,1,0,1,0,0,0,0,1,3
194,2,2,2,2,0,2,1,1,1,0,0,0,0.541666667,0,1,1,1,1,0,0.333333333,0,0,2,1,0.375,2,2,2,0,0,0,0.333333333,0,1,0,0,0,0,0,1,0,0,1,0,0,1,0,0,1
195,2,2,0,2,2,2,2,2,1,2,2,0,0.791666667,1,2,2,2,1,2,0.833333333,1,1,2,2,0.75,2,3,3,3,3,3,0.944444444,1,0,0,0,0,0,0,0,1,0,1,0,0,0,1,0,3
196,2,2,0,2,2,2,2,2,2,2,2,2,0.916666667,2,2,2,2,1,2,0.916666667,1,2,2,2,0.875,2,3,3,3,3,3,0.944444444,0,1,0,0,0,1,0,0,0,0,1,0,1,0,0,0,3
197,2,2,0,2,2,2,2,2,2,2,0,2,0.833333333,2,2,2,2,1,2,0.916666667,1,1,2,2,0.75,2,3,3,3,3,3,0.944444444,1,0,0,0,0,0,0,1,0,0,1,0,0,0,0,1,3
198,2,0,2,2,2,2,1,2,2,2,2,0,0.791666667,2,2,2,2,1,2,0.916666667,1,2,2,1,0.75,2,3,3,3,3,3,0.944444444,0,1,0,0,0,0,0,0,0,1,1,0,0,0,1,0,3
199,2,2,0,2,0,2,1,2,2,0,0,0,0.541666667,1,2,2,1,1,0,0.583333333,2,2,2,2,1,2,3,3,0,0,0,0.444444444,1,0,0,0,0,1,0,0,0,0,1,0,1,0,0,0,1
200,2,0,0,2,2,2,2,2,1,2,1,2,0.75,2,2,2,1,1,0,0.666666667,1,2,2,2,0.875,1,2,2,3,1.5,3,0.694444444,0,1,0,0,0,0,1,0,0,0,1,0,0,0,1,0,0
201,2,2,0,2,2,2,2,2,2,2,2,2,0.916666667,2,2,2,2,2,0,0.833333333,1,1,0,2,0.5,2,3,3,3,3,3,0.944444444,1,0,0,0,0,0,1,0,0,0,1,0,0,0,1,0,3
202,2,0,0,2,2,2,1,2,2,2,2,0,0.708333333,2,2,2,1,1,2,0.833333333,1,2,2,2,0.875,3,3,3,3,3,3,1,0,0,0,1,0,0,0,0,1,0,1,0,0,0,1,0,3
203,2,0,2,2,2,2,1,2,1,2,2,0,0.75,0,2,2,2,1,2,0.75,0,0,2,2,0.5,3,3,3,3,3,3,1,1,0,0,0,0,0,0,1,0,0,1,0,0,1,0,0,2
204,2,2,0,2,2,2,1,2,2,2,2,0,0.791666667,2,2,2,1,2,2,0.916666667,2,2,2,2,1,2,3,3,3,3,3,0.944444444,1,0,0,0,0,0,0,0,1,0,1,0,0,0,1,0,3
205,2,0,0,2,0,1,1,2,1,2,1,0,0.5,1,2,2,1,2,0,0.666666667,2,0,2,2,0.75,3,3,3,3,3,3,1,1,0,0,0,0,0,0,0,1,0,1,0,1,0,0,0,3
206,2,2,2,2,2,2,2,2,2,2,2,0,0.916666667,1,2,2,1,1,2,0.75,1,2,2,2,0.875,3,3,3,3,3,3,1,1,0,0,0,0,1,0,0,0,0,1,0,0,1,0,0,3
207,0,0,0,2,0,2,1,2,2,2,1,2,0.583333333,0,2,2,1,2,2,0.75,1,2,2,2,0.875,1,2,3,3,3,3,0.833333333,0,1,0,0,0,1,0,0,0,0,1,0,1,0,0,0,0
208,2,2,0,2,2,2,2,2,2,2,1,2,0.875,2,2,1,1,2,0,0.666666667,1,2,0,1,0.5,3,3,3,3,3,3,1,0,1,0,0,0,1,0,0,0,0,1,0,1,0,0,0,0
209,2,2,2,2,2,2,2,1,2,2,1,2,0.916666667,2,1,2,1,2,0,0.666666667,1,2,2,2,0.875,3,2,3,3,3,3,0.944444444,1,0,0,0,0,0,0,0,1,0,1,0,0,0,1,0,3
210,2,2,0,2,0,2,1,2,2,2,1,2,0.75,2,2,2,1,1,0,0.666666667,1,2,2,2,0.875,2,3,3,3,3,3,0.944444444,0,1,0,0,0,0,0,1,0,0,1,0,0,0,0,1,0
211,2,2,0,2,0,2,2,2,1,2,2,0,0.708333333,2,2,2,1,2,2,0.916666667,2,2,2,2,1,1,3,3,3,3,3,0.888888889,1,0,0,0,0,0,0,1,0,0,1,0,0,0,1,0,3
212,2,2,2,2,2,2,1,2,2,2,1,2,0.916666667,0,2,2,2,1,2,0.75,1,2,2,2,0.875,2,3,3,3,3,3,0.944444444,0,1,0,0,0,0,1,0,0,0,1,0,0,0,0,1,0
213,2,2,0,2,0,2,2,2,1,2,2,2,0.791666667,0,2,2,1,1,2,0.666666667,0,0,2,1,0.375,3,3,3,3,1.5,3,0.916666667,1,0,0,0,0,0,0,1,0,0,1,0,0,0,0,1,2
214,2,0,2,2,0,2,1,0,0,2,2,2,0.625,1,1,1,1,1,2,0.583333333,2,2,2,2,1,1,1,1,0,0,0,0.166666667,0,1,0,0,0,0,0,0,1,0,1,0,0,0,0,1,1
215,2,2,0,2,2,2,2,2,2,2,2,0,0.833333333,1,2,1,2,2,2,0.833333333,0,1,2,2,0.625,3,3,3,3,3,3,1,1,0,0,0,0,1,0,0,0,0,1,0,1,0,0,0,2
216,2,0,2,2,2,2,1,2,2,2,2,0,0.791666667,1,2,2,1,2,2,0.833333333,2,1,2,2,0.875,3,3,3,3,3,3,1,1,0,0,0,0,0,1,0,0,0,1,0,0,0,1,0,3
217,2,0,0,2,2,2,1,2,2,2,1,0,0.666666667,2,2,2,1,2,2,0.916666667,1,1,0,2,0.5,1,2,3,3,3,3,0.833333333,1,0,0,0,1,0,0,0,0,0,1,0,1,0,0,0,3
218,2,2,0,2,0,2,2,1,1,2,2,2,0.75,0,2,1,2,2,2,0.75,0,0,2,2,0.5,1,3,3,3,1.5,3,0.805555556,1,0,0,0,0,1,0,0,0,0,1,0,1,0,0,0,2
219,0,0,2,2,2,2,2,2,1,2,1,2,0.75,1,2,2,1,1,2,0.75,0,1,2,2,0.625,2,2,3,3,1.5,3,0.805555556,1,0,0,0,0,1,0,0,0,0,1,1,0,0,0,0,2
220,0,0,2,2,2,2,1,2,1,2,2,2,0.75,1,2,2,1,1,0,0.583333333,0,0,0,2,0.25,2,3,3,3,3,3,0.944444444,1,0,0,0,0,1,0,0,0,0,1,0,1,0,0,0,2
221,2,2,0,2,2,2,1,2,2,2,2,2,0.875,2,0,2,1,1,2,0.666666667,0,0,2,2,0.5,2,3,3,3,3,0,0.777777778,1,0,0,0,0,1,0,0,0,0,1,0,1,0,0,0,2
222,0,0,0,2,0,2,1,2,1,2,1,2,0.541666667,2,2,1,2,1,0,0.666666667,0,1,2,2,0.625,2,3,3,3,1.5,3,0.861111111,1,0,0,0,0,1,0,0,0,0,1,1,0,0,0,0,2
223,2,2,0,2,2,2,1,2,2,2,2,2,0.875,1,2,2,1,2,2,0.833333333,1,1,2,2,0.75,2,3,3,3,3,3,0.944444444,0,1,0,0,0,1,0,0,0,0,1,0,0,1,0,0,0
224,0,0,0,2,0,2,1,2,1,2,2,0,0.5,1,2,2,2,1,2,0.833333333,2,2,2,2,1,2,3,3,3,1.5,3,0.861111111,1,0,0,0,0,1,0,0,0,0,1,0,1,0,0,0,3
225,2,2,0,2,2,2,2,2,2,2,2,2,0.916666667,2,2,2,1,1,2,0.833333333,1,2,2,2,0.875,3,3,3,3,3,3,1,0,1,0,0,0,0,0,0,1,0,1,0,1,0,0,0,3
226,2,2,0,2,2,2,2,1,2,2,1,2,0.833333333,2,2,1,1,1,2,0.75,1,0,2,2,0.625,3,2,3,3,3,0,0.777777778,1,0,0,0,0,1,0,0,0,0,1,1,0,0,0,0,2
227,2,2,2,2,0,2,1,2,1,2,1,0,0.708333333,1,2,2,2,1,2,0.833333333,2,1,2,2,0.875,2,3,3,3,3,3,0.944444444,1,0,0,0,0,1,0,0,0,0,1,0,1,0,0,0,3
228,0,0,0,2,2,2,1,2,2,2,0,2,0.625,1,2,1,1,1,0,0.5,0,0,2,2,0.5,2,3,3,3,3,3,0.944444444,1,0,0,0,0,1,0,0,0,0,1,0,1,0,0,0,2
229,0,0,0,2,2,2,1,2,1,2,1,0,0.541666667,1,2,2,2,1,2,0.833333333,1,2,2,2,0.875,1,2,3,3,1.5,3,0.75,1,0,0,0,0,1,0,0,0,0,1,0,1,0,0,0,0
230,2,0,0,2,0,1,1,1,1,2,0,0,0.416666667,2,2,2,1,1,2,0.833333333,2,2,2,1,0.875,1,3,3,3,3,3,0.888888889,1,0,0,0,0,1,0,0,0,0,1,0,1,0,0,0,0
231,0,0,0,2,2,2,1,1,1,2,0,2,0.541666667,1,2,2,2,1,2,0.833333333,0,0,2,2,0.5,1,2,3,3,0,3,0.666666667,1,0,0,0,0,1,0,0,0,0,1,0,1,0,0,0,2
232,0,2,0,2,2,2,1,1,1,2,1,2,0.666666667,1,2,1,2,0,2,0.666666667,0,0,2,2,0.5,3,3,3,3,1.5,3,0.916666667,1,0,0,0,0,1,0,0,0,0,1,0,1,0,0,0,2
233,2,2,0,2,2,2,2,2,2,2,2,2,0.916666667,2,2,1,1,1,2,0.75,2,1,2,2,0.875,3,3,3,3,3,3,1,1,0,0,0,0,1,0,0,0,0,1,0,1,0,0,0,3
234,0,2,2,2,2,2,1,2,1,2,1,2,0.791666667,1,1,2,1,2,2,0.75,0,1,2,2,0.625,1,3,3,3,3,3,0.888888889,1,0,0,0,0,1,0,0,0,0,1,0,1,0,0,0,2
235,2,0,0,2,2,2,1,2,2,2,2,0,0.708333333,1,2,2,1,1,2,0.75,1,2,2,2,0.875,2,3,3,3,3,3,0.944444444,1,0,0,0,0,0,0,1,0,0,1,0,1,0,0,0,3
236,2,0,0,2,2,2,2,2,1,2,2,0,0.708333333,1,2,2,1,1,2,0.75,0,0,2,2,0.5,3,3,3,3,3,3,1,1,0,0,0,0,0,0,1,0,0,1,0,0,0,0,1,2
237,2,0,0,2,0,2,2,2,1,2,1,2,0.666666667,0,1,2,1,1,2,0.583333333,1,1,0,2,0.5,2,3,3,3,1.5,3,0.861111111,1,0,0,0,0,0,0,1,0,0,1,0,0,0,0,1,2
238,2,0,2,2,0,2,1,1,2,0,0,0,0.5,2,2,2,2,2,0,0.833333333,2,2,2,2,1,1,2,3,0,0,0,0.333333333,1,0,0,0,0,0,0,1,0,0,1,0,0,0,1,0,1
239,2,2,2,2,2,2,1,2,2,2,2,0,0.875,1,2,2,2,2,2,0.916666667,1,2,2,2,0.875,2,3,3,3,1.5,3,0.861111111,0,0,0,1,0,0,0,0,1,0,1,0,1,0,0,0,3
240,2,2,0,2,0,2,2,2,2,2,1,2,0.791666667,2,2,2,2,1,2,0.916666667,0,2,0,2,0.5,1,3,3,3,3,3,0.888888889,1,0,0,0,0,1,0,0,0,0,1,0,1,0,0,0,0
241,2,2,2,2,2,2,1,2,1,2,1,2,0.875,0,2,2,1,1,2,0.666666667,1,2,2,2,0.875,3,3,3,3,3,3,1,0,1,0,0,0,0,0,1,0,0,1,0,0,0,1,0,0
242,2,2,0,2,2,2,1,2,1,2,0,0,0.666666667,2,1,2,2,2,2,0.916666667,2,0,0,2,0.5,1,2,2,3,1.5,3,0.694444444,1,0,0,0,0,0,0,0,1,0,1,0,0,1,0,0,3
243,2,2,0,2,2,2,1,2,2,2,2,0,0.791666667,2,2,2,1,1,2,0.833333333,1,0,2,2,0.625,3,3,3,3,3,3,1,1,0,0,0,0,0,1,0,0,0,1,0,0,0,1,0,3
244,2,0,0,0,0,0,0,0,0,0,0,0,0.083333333,2,2,2,0,0,0,0.5,1,2,0,1,0.5,2,1,1,0,0,0,0.222222222,1,0,0,0,0,0,0,1,0,0,1,0,1,0,0,0,1
245,2,2,0,2,2,2,2,2,2,2,1,0,0.791666667,1,2,2,2,1,2,0.833333333,2,2,2,2,1,2,3,3,3,3,3,0.944444444,1,0,0,0,0,0,1,0,0,0,1,0,0,0,1,0,3
246,2,0,0,2,2,2,1,2,2,2,2,0,0.708333333,2,1,2,1,2,2,0.833333333,1,2,2,2,0.875,3,3,3,3,3,3,1,1,0,0,0,0,0,0,1,0,0,1,0,0,0,1,0,3
247,2,0,0,2,2,2,2,2,2,2,2,0,0.75,0,2,2,1,1,2,0.666666667,1,2,2,2,0.875,3,3,3,3,3,3,1,0,0,1,0,0,0,1,0,0,0,1,0,0,1,0,0,3
248,2,2,0,2,2,2,1,2,2,2,2,2,0.875,2,2,2,1,2,2,0.916666667,2,2,2,2,1,2,3,3,3,3,3,0.944444444,1,0,0,0,0,0,0,1,0,0,1,0,1,0,0,0,3
249,2,2,0,2,2,2,2,2,2,2,1,2,0.875,2,2,2,1,2,2,0.916666667,2,2,2,2,1,1,3,3,3,3,3,0.888888889,1,0,0,0,0,0,0,1,0,0,1,0,0,0,1,0,0
250,2,0,2,2,0,2,0,2,2,2,2,2,0.75,0,2,2,1,1,2,0.666666667,2,1,2,2,0.875,2,3,3,3,3,3,0.944444444,1,0,0,0,0,0,0,0,1,0,1,0,1,0,0,0,3
251,2,0,2,2,2,2,2,2,1,2,2,0,0.791666667,2,2,2,1,1,2,0.833333333,1,1,2,2,0.75,3,3,3,3,3,3,1,1,0,0,0,0,0,0,0,1,0,1,0,0,0,0,1,3
252,2,2,2,2,0,2,0,2,2,2,1,0,0.708333333,2,1,2,1,1,2,0.75,1,2,2,2,0.875,1,3,3,3,3,3,0.888888889,1,0,0,0,0,0,0,0,1,0,1,0,1,0,0,0,3
253,2,2,0,2,0,2,2,2,2,0,0,0,0.583333333,1,2,2,1,2,0,0.666666667,1,2,0,2,0.625,2,3,3,0,0,0,0.444444444,1,0,0,0,0,1,0,0,0,0,1,0,1,0,0,0,1
254,2,2,0,0,0,0,0,0,0,0,0,0,0.166666667,2,1,1,0,0,0,0.333333333,2,1,2,1,0.75,2,1,1,0,0,0,0.222222222,0,1,0,0,0,1,0,0,0,0,1,0,1,0,0,0,1
255,2,0,0,2,0,1,1,2,2,2,2,2,0.666666667,0,2,1,2,1,2,0.666666667,1,1,2,2,0.75,2,1,3,3,3,3,0.833333333,1,0,0,0,0,1,0,0,0,0,1,0,1,0,0,0,3
256,2,2,2,2,2,2,2,2,2,2,2,0,0.916666667,0,2,2,1,1,0,0.5,2,2,2,2,1,3,3,3,3,3,3,1,1,0,0,0,0,0,1,0,0,0,1,0,0,1,0,0,3
257,2,2,0,2,2,2,2,2,2,2,2,0,0.833333333,2,2,2,1,2,2,0.916666667,2,2,2,2,1,3,3,3,3,3,3,1,0,1,0,0,0,0,0,0,1,0,1,0,1,0,0,0,3
258,2,2,0,2,0,2,2,2,1,2,1,2,0.75,2,1,2,1,1,2,0.75,1,1,2,2,0.75,1,3,3,3,1.5,3,0.805555556,0,1,0,0,0,0,0,1,0,0,1,0,0,0,1,0,0
259,2,2,0,2,0,2,1,0,1,0,0,0,0.416666667,0,2,2,1,1,0,0.5,0,1,2,2,0.625,2,2,3,0,0,0,0.388888889,0,1,0,0,0,0,1,0,0,0,1,0,0,1,0,0,1
260,2,2,0,2,0,2,1,2,2,2,2,2,0.791666667,2,2,2,1,2,2,0.916666667,1,2,0,2,0.625,3,3,3,3,3,3,1,1,0,0,0,0,0,0,1,0,0,1,0,0,1,0,0,3
261,2,2,2,2,2,2,1,2,2,2,0,2,0.875,0,2,2,1,2,2,0.75,0,0,2,2,0.5,3,3,3,3,3,3,1,0,1,0,0,0,0,0,1,0,0,1,0,1,0,0,0,2
262,2,2,0,2,2,2,2,2,2,2,2,0,0.833333333,2,2,2,2,2,2,1,2,2,0,2,0.75,1,3,3,3,3,3,0.888888889,0,1,0,0,0,0,0,1,0,0,1,0,0,1,0,0,3
263,2,0,2,2,0,2,1,2,1,2,1,2,0.708333333,2,2,2,2,2,2,1,2,2,2,1,0.875,2,3,3,3,1.5,3,0.861111111,0,1,0,0,0,0,0,1,0,0,1,0,0,0,0,1,0
264,2,2,2,2,2,2,1,2,2,2,2,2,0.958333333,0,1,2,2,1,2,0.666666667,0,0,2,1,0.375,3,3,3,3,3,3,1,0,1,0,0,0,1,0,0,0,0,1,0,0,1,0,0,2
265,2,2,2,2,0,2,1,2,2,2,1,2,0.833333333,2,2,2,1,1,2,0.833333333,1,2,2,1,0.75,2,3,2,3,1.5,3,0.805555556,1,0,0,0,0,0,0,1,0,0,1,0,0,0,1,0,3
266,0,2,2,2,2,1,1,2,1,2,1,2,0.75,0,2,2,2,1,2,0.75,1,0,2,2,0.625,2,2,3,3,3,3,0.888888889,0,1,0,0,0,1,0,0,0,0,1,0,1,0,0,0,0
267,2,0,2,2,0,2,1,2,1,2,1,2,0.708333333,0,1,2,1,1,0,0.416666667,0,1,0,2,0.375,2,3,3,3,1.5,3,0.861111111,0,1,0,0,0,0,1,0,0,0,1,0,0,0,1,0,2
268,2,2,2,2,2,2,1,1,1,2,0,0,0.708333333,1,1,2,1,1,0,0.5,1,2,2,2,0.875,1,1,2,3,1.5,3,0.638888889,0,1,0,0,0,0,0,0,1,0,1,0,0,0,0,1,0
269,2,0,0,2,2,2,2,2,2,2,2,0,0.75,2,1,2,1,2,2,0.833333333,1,2,2,2,0.875,2,3,3,3,3,3,0.944444444,1,0,0,0,0,0,0,1,0,0,1,0,1,0,0,0,3
270,2,2,0,2,2,2,2,2,2,2,2,2,0.916666667,2,2,2,1,2,2,0.916666667,1,1,2,2,0.75,2,3,3,3,3,3,0.944444444,1,0,0,0,0,0,0,1,0,0,1,0,0,0,1,0,3
271,2,2,0,2,2,2,2,2,2,2,1,2,0.875,1,2,2,2,1,2,0.833333333,1,2,2,2,0.875,3,3,3,3,3,3,1,0,1,0,0,0,1,0,0,0,0,1,0,0,0,1,0,0
272,2,2,0,2,2,2,1,2,2,2,1,0,0.75,2,2,2,1,2,2,0.916666667,2,2,2,2,1,1,3,3,3,3,3,0.888888889,0,1,0,0,0,0,1,0,0,0,1,0,0,0,0,1,0
273,2,2,0,2,0,2,1,2,2,0,0,0,0.541666667,0,2,1,1,1,0,0.416666667,0,2,0,2,0.5,2,3,3,0,0,0,0.444444444,1,0,0,0,0,1,0,0,0,0,1,0,1,0,0,0,1
274,2,2,0,2,2,2,2,2,2,2,2,2,0.916666667,1,2,2,1,1,2,0.75,1,2,2,2,0.875,2,2,3,3,3,3,0.888888889,0,1,0,0,0,1,0,0,0,0,1,0,1,0,0,0,0
275,2,0,2,2,2,2,2,2,2,2,1,0,0.791666667,1,2,2,1,2,2,0.833333333,2,2,2,2,1,1,2,3,3,3,3,0.833333333,0,1,0,0,0,1,0,0,0,0,1,0,0,1,0,0,0
276,2,0,2,2,2,2,2,2,2,2,2,0,0.833333333,1,2,2,1,2,2,0.833333333,2,2,2,2,1,1,3,3,3,3,3,0.888888889,1,0,0,0,0,0,0,0,0,1,1,0,1,0,0,0,3
277,2,0,0,2,2,2,0,2,2,2,1,0,0.625,2,2,2,2,2,2,1,0,2,2,2,0.75,2,3,3,3,3,3,0.944444444,1,0,0,0,0,1,0,0,0,0,1,0,0,1,0,0,3
278,2,2,0,2,2,1,2,2,1,2,1,2,0.791666667,2,2,2,2,2,2,1,2,0,2,2,0.75,3,3,3,3,3,3,1,1,0,0,0,0,0,0,0,1,0,1,0,0,1,0,0,3
279,2,2,0,2,0,2,2,2,2,2,2,0,0.75,0,2,2,1,2,2,0.75,0,1,2,2,0.625,3,3,3,3,3,3,1,0,1,0,0,0,0,0,1,0,0,1,1,0,0,0,0,2
280,2,2,2,2,2,2,1,2,2,2,2,2,0.958333333,0,2,2,1,1,2,0.666666667,0,1,2,2,0.625,3,3,3,3,3,3,1,0,1,0,0,0,1,0,0,0,0,1,0,0,1,0,0,2
281,2,2,0,2,2,1,2,2,2,2,0,2,0.791666667,2,2,2,1,1,0,0.666666667,1,2,0,2,0.625,1,2,3,3,3,3,0.833333333,0,1,0,0,0,1,0,0,0,0,1,0,1,0,0,0,0
282,2,0,0,2,0,1,1,1,1,2,1,2,0.541666667,1,1,1,1,1,2,0.583333333,0,0,2,2,0.5,3,3,3,3,1.5,3,0.916666667,1,0,0,0,0,0,0,1,0,0,1,0,1,0,0,0,2
283,2,2,2,2,2,2,1,1,1,2,0,2,0.791666667,2,1,2,2,1,2,0.833333333,2,2,2,2,1,1,2,2,0,0,3,0.444444444,0,0,1,0,0,1,0,0,0,0,1,0,0,0,0,1,0
284,2,2,2,2,2,2,2,2,2,2,1,0,0.875,2,2,2,1,1,2,0.833333333,2,2,2,2,1,2,3,3,3,3,3,0.944444444,0,1,0,0,0,0,1,0,0,0,1,0,0,0,1,0,3
285,2,2,0,2,2,2,2,2,2,2,2,0,0.833333333,0,2,2,1,1,2,0.666666667,0,2,2,2,0.75,1,2,3,3,3,3,0.833333333,0,1,0,0,0,1,0,0,0,0,1,0,0,0,1,0,0
286,2,2,0,2,2,2,1,1,1,2,2,0,0.708333333,1,2,2,1,1,2,0.75,2,0,2,2,0.75,2,3,3,3,1.5,3,0.861111111,1,0,0,0,0,0,0,0,1,0,1,0,0,0,0,1,3
287,2,2,2,2,2,2,1,2,1,0,0,0,0.666666667,2,2,2,1,1,0,0.666666667,1,2,2,2,0.875,1,3,3,0,0,0,0.388888889,1,0,0,0,0,0,0,1,0,0,1,0,0,0,1,0,1
288,2,2,0,2,0,2,1,1,1,2,2,2,0.708333333,1,1,2,1,1,2,0.666666667,1,2,2,2,0.875,1,2,3,3,1.5,3,0.75,0,1,0,0,0,0,1,0,0,0,1,0,0,0,1,0,0
289,2,2,0,2,2,2,2,2,2,2,2,2,0.916666667,2,2,2,1,1,2,0.833333333,2,1,2,2,0.875,1,3,3,3,3,3,0.888888889,0,0,0,1,0,1,0,0,0,0,1,0,0,0,1,0,0
290,2,2,2,2,2,2,2,2,2,2,1,2,0.958333333,2,1,1,1,2,2,0.75,1,2,2,2,0.875,1,3,3,3,3,3,0.888888889,0,1,0,0,0,0,0,0,1,0,1,0,0,0,1,0,0
291,2,2,2,2,2,1,1,2,1,2,1,0,0.75,1,1,1,1,2,2,0.666666667,2,0,2,2,0.75,2,3,3,3,3,3,0.944444444,0,1,0,0,0,0,1,0,0,0,1,0,0,0,1,0,0
292,2,2,0,2,2,2,2,2,1,2,0,2,0.791666667,1,1,2,2,1,2,0.75,0,2,0,2,0.5,1,1,1,0,0,0,0.166666667,0,1,0,0,0,0,1,0,0,0,1,0,0,0,1,0,1
293,2,2,2,2,0,2,2,2,2,2,2,2,0.916666667,2,2,2,1,1,0,0.666666667,2,1,2,2,0.875,2,3,3,3,3,3,0.944444444,1,0,0,0,0,0,0,1,0,0,1,0,0,0,1,0,3
294,2,2,0,2,0,2,1,1,1,2,0,2,0.625,2,2,2,1,2,0,0.75,2,2,2,2,1,2,3,3,3,1.5,3,0.861111111,0,1,0,0,0,0,0,0,1,0,1,0,0,0,1,0,0
295,2,2,0,2,2,2,2,2,1,2,1,2,0.833333333,2,2,2,1,1,0,0.666666667,2,0,2,2,0.75,3,3,3,3,3,3,1,0,1,0,0,0,0,0,1,0,0,1,0,0,0,1,0,0
296,2,2,0,2,0,2,1,2,1,2,1,2,0.708333333,2,1,2,1,1,0,0.583333333,2,2,2,1,0.875,3,3,3,3,1.5,3,0.916666667,0,1,0,0,0,0,0,0,0,1,1,0,0,0,1,0,0
297,2,2,2,2,2,2,2,2,2,2,2,2,1,2,2,2,1,1,0,0.666666667,1,2,0,2,0.625,2,3,3,3,3,3,0.944444444,1,0,0,0,0,0,0,0,1,0,1,0,0,0,1,0,3
298,2,2,2,2,0,2,1,2,1,2,1,2,0.791666667,2,2,2,1,1,2,0.833333333,2,2,2,2,1,3,3,3,3,1.5,3,0.916666667,0,1,0,0,0,0,0,1,0,0,1,0,0,0,1,0,0
299,2,2,2,2,2,2,1,2,2,2,1,2,0.916666667,0,2,2,2,2,2,0.833333333,0,2,2,2,0.75,3,3,3,3,3,3,1,1,0,0,0,0,0,0,1,0,0,1,0,0,0,1,0,2
300,2,2,2,2,2,2,1,2,1,2,0,2,0.833333333,1,2,2,1,1,0,0.583333333,0,2,2,2,0.75,1,1,1,0,0,3,0.333333333,0,1,0,0,0,0,0,0,1,0,1,0,0,0,1,0,1
301,2,2,2,2,0,2,2,1,1,2,1,2,0.791666667,1,2,2,1,1,2,0.75,1,2,2,2,0.875,1,3,3,3,1.5,3,0.805555556,0,1,0,0,0,0,0,0,1,0,1,0,0,0,1,0,0
302,2,2,0,2,0,2,1,2,2,2,1,2,0.75,2,2,2,1,1,2,0.833333333,2,1,2,2,0.875,1,3,3,3,1.5,3,0.805555556,0,1,0,0,0,0,0,0,1,0,1,0,0,0,1,0,0
303,2,2,2,2,2,2,1,1,1,2,1,2,0.833333333,2,2,2,2,1,0,0.75,1,1,2,2,0.75,3,3,3,0,0,3,0.666666667,0,1,0,0,0,0,0,1,0,0,1,0,0,0,1,0,0
304,2,0,2,2,0,1,1,1,1,0,0,0,0.416666667,2,1,2,1,1,0,0.583333333,2,0,2,1,0.625,2,1,1,0,0,0,0.222222222,0,1,0,0,0,0,0,0,0,1,1,0,0,0,1,0,1
305,2,2,0,2,0,1,1,1,1,0,0,0,0.416666667,2,2,1,1,1,0,0.583333333,2,2,2,2,1,1,3,3,0,0,0,0.388888889,1,0,0,0,0,0,0,0,0,1,1,0,0,0,1,0,1
306,2,2,2,2,0,2,1,2,1,2,0,2,0.75,0,2,2,1,1,0,0.5,1,2,2,2,0.875,3,2,3,3,1.5,3,0.861111111,0,1,0,0,0,0,0,1,0,0,1,0,0,0,1,0,0
307,2,2,2,2,2,2,2,2,2,2,2,2,1,2,1,2,1,2,2,0.833333333,2,1,2,2,0.875,3,3,3,3,3,3,1,0,1,0,0,0,0,1,0,0,0,1,0,0,0,0,1,0
308,2,2,0,2,2,2,1,2,2,2,2,2,0.875,0,2,2,1,1,2,0.666666667,0,0,0,2,0.25,3,3,3,3,1.5,3,0.916666667,0,1,0,0,0,0,0,0,1,0,1,0,0,0,1,0,2
309,2,2,2,2,0,2,1,2,1,2,1,2,0.791666667,2,2,2,1,1,0,0.666666667,2,2,2,2,1,3,3,3,3,1.5,3,0.916666667,0,1,0,0,0,0,0,0,1,0,1,0,0,0,1,0,0
310,2,0,2,2,0,2,1,2,1,2,1,2,0.708333333,2,2,1,1,2,2,0.833333333,2,2,2,2,1,3,3,3,3,3,3,1,1,0,0,0,0,0,0,0,1,0,1,0,0,0,1,0,3
311,2,0,0,0,0,0,0,0,0,0,0,0,0.083333333,1,2,2,0,0,0,0.416666667,0,0,2,1,0.375,1,1,1,0,0,0,0.166666667,1,0,0,0,0,1,0,0,0,0,1,0,1,0,0,0,1
312,2,2,2,2,2,2,1,2,2,2,0,2,0.875,1,2,2,1,1,2,0.75,0,0,2,2,0.5,3,3,3,3,1.5,3,0.916666667,1,0,0,0,0,0,1,0,0,0,1,0,0,0,1,0,2
313,2,2,0,2,2,2,2,2,2,2,2,2,0.916666667,0,2,2,1,1,2,0.666666667,0,0,0,2,0.25,3,3,3,3,3,3,1,0,1,0,0,0,0,0,1,0,0,1,0,0,1,0,0,2
314,2,2,2,2,2,2,1,2,2,2,1,2,0.916666667,1,1,2,2,1,2,0.75,0,0,2,2,0.5,3,3,3,3,3,3,1,1,0,0,0,0,0,1,0,0,0,1,0,0,0,1,0,2
315,2,2,2,2,2,2,1,2,1,2,2,2,0.916666667,2,2,2,1,1,2,0.833333333,2,2,0,2,0.75,1,3,3,3,1.5,3,0.805555556,0,1,0,0,0,0,0,1,0,0,1,0,0,0,1,0,0
316,2,2,0,2,2,2,2,2,2,2,2,0,0.833333333,2,2,2,2,2,0,0.833333333,1,1,2,2,0.75,2,3,3,3,3,3,0.944444444,1,0,0,0,0,1,0,0,0,0,1,0,1,0,0,0,3
317,2,2,0,2,0,2,1,2,2,2,0,2,0.708333333,1,2,2,1,2,2,0.833333333,0,2,2,2,0.75,2,3,3,3,3,3,0.944444444,0,1,0,0,0,0,1,0,0,0,1,0,0,1,0,0,0
318,2,2,2,2,0,2,2,2,2,2,1,2,0.875,1,1,2,1,1,2,0.666666667,1,2,2,2,0.875,3,3,3,3,3,3,1,0,1,0,0,0,0,0,1,0,0,1,0,0,0,0,1,0
319,2,2,2,2,0,2,1,2,2,2,0,2,0.791666667,2,2,2,1,2,2,0.916666667,2,1,2,2,0.875,1,3,3,3,1.5,3,0.805555556,0,1,0,0,0,0,0,0,1,0,1,0,0,0,1,0,0
320,2,0,2,2,0,2,1,1,1,2,1,2,0.666666667,1,1,2,1,2,2,0.75,0,1,2,1,0.5,2,3,3,3,1.5,3,0.861111111,0,1,0,0,0,0,1,0,0,0,1,0,0,0,1,0,0
321,2,2,0,2,2,2,2,2,1,2,1,2,0.833333333,1,1,2,2,2,2,0.833333333,0,0,2,2,0.5,2,3,3,3,1.5,3,0.861111111,1,0,0,0,0,1,0,0,0,0,1,0,0,1,0,0,2
322,2,2,0,2,2,1,1,2,2,2,0,2,0.75,2,2,2,1,1,2,0.833333333,1,1,0,2,0.5,1,3,3,3,3,3,0.888888889,0,1,0,0,0,0,0,0,1,0,1,0,0,0,1,0,0
323,2,2,2,2,0,2,1,1,1,0,0,0,0.541666667,0,2,2,2,1,0,0.583333333,0,0,2,2,0.5,2,3,3,0,0,0,0.444444444,0,1,0,0,0,0,0,1,0,0,1,0,0,0,1,0,1
324,2,2,2,2,2,2,2,2,2,2,0,2,0.916666667,2,1,2,1,2,2,0.833333333,1,2,2,2,0.875,2,3,3,3,3,3,0.944444444,0,1,0,0,0,0,0,0,1,0,1,0,0,0,1,0,3
325,2,2,2,2,0,2,1,2,2,2,0,2,0.791666667,0,2,2,2,2,2,0.833333333,1,2,2,2,0.875,3,3,3,3,3,3,1,1,0,0,0,0,0,0,1,0,0,1,0,0,0,1,0,3
326,2,2,2,2,2,2,1,2,2,2,0,2,0.875,0,2,2,1,1,2,0.666666667,1,0,0,2,0.375,2,2,3,3,1.5,3,0.805555556,1,0,0,0,0,0,1,0,0,0,1,0,0,0,1,0,2
327,2,2,0,2,2,2,1,2,2,2,2,0,0.791666667,1,1,2,1,2,2,0.75,1,0,0,2,0.375,2,3,3,3,3,3,0.944444444,1,0,0,0,0,0,1,0,0,0,1,0,0,0,1,0,3
328,2,2,0,2,2,2,1,2,2,2,2,0,0.791666667,2,2,2,1,2,2,0.916666667,2,2,2,1,0.875,2,3,3,3,3,3,0.944444444,0,1,0,0,0,0,0,1,0,0,1,0,0,0,1,0,3
329,2,0,2,0,0,0,0,0,0,0,0,0,0.166666667,0,2,2,0,0,0,0.333333333,0,0,2,1,0.375,3,1,1,0,0,0,0.277777778,1,0,0,0,0,1,0,0,0,0,1,0,1,0,0,0,1
330,2,0,0,2,2,2,1,2,2,2,2,2,0.791666667,1,2,2,1,2,2,0.833333333,2,2,0,2,0.75,2,3,3,3,3,3,0.944444444,0,1,0,0,0,1,0,0,0,0,1,0,0,1,0,0,0
331,2,0,2,2,2,2,2,2,2,2,1,0,0.791666667,0,2,2,2,2,2,0.833333333,0,0,2,1,0.375,1,3,3,3,3,3,0.888888889,0,1,0,0,0,1,0,0,0,0,1,0,0,1,0,0,2
332,2,2,2,2,2,2,1,2,2,2,1,2,0.916666667,0,1,2,2,2,0,0.583333333,1,2,2,1,0.75,1,3,3,3,3,3,0.888888889,0,1,0,0,0,1,0,0,0,0,1,0,0,1,0,0,0
333,0,2,0,2,0,2,2,2,2,2,0,2,0.666666667,1,2,2,2,1,2,0.833333333,0,2,2,2,0.75,3,3,3,3,3,3,1,0,1,0,0,0,1,0,0,0,0,1,0,1,0,0,0,0
334,2,2,0,2,0,1,1,1,1,2,1,2,0.625,1,2,2,2,1,0,0.666666667,2,2,0,2,0.75,1,3,3,3,1.5,3,0.805555556,1,0,0,0,0,1,0,0,0,0,1,0,1,0,0,0,0
335,2,2,2,2,0,2,2,2,1,2,2,2,0.875,2,2,1,1,1,2,0.75,0,0,2,2,0.5,3,3,3,3,3,3,1,0,1,0,0,0,1,0,0,0,0,1,0,1,0,0,0,2
336,2,2,0,2,0,1,1,2,1,0,0,0,0.458333333,1,2,2,2,1,0,0.666666667,1,2,2,1,0.75,2,2,2,0,0,0,0.333333333,1,0,0,0,0,1,0,0,0,0,1,0,1,0,0,0,1
337,2,0,0,2,2,2,1,2,1,2,2,2,0.75,1,2,2,1,1,0,0.583333333,1,1,0,1,0.375,2,3,3,3,3,3,0.944444444,1,0,0,0,0,1,0,0,0,0,1,0,1,0,0,0,2
338,2,2,0,2,2,2,2,2,1,2,1,0,0.75,2,1,1,1,2,0,0.583333333,0,0,2,1,0.375,1,3,3,3,3,3,0.888888889,1,0,0,0,0,1,0,0,0,0,1,0,1,0,0,0,2
339,2,2,0,2,2,2,2,1,2,2,2,2,0.875,0,2,2,1,1,2,0.666666667,0,0,2,2,0.5,3,3,3,3,3,3,1,1,0,0,0,0,1,0,0,0,0,1,0,1,0,0,0,2
340,2,0,0,2,0,2,1,2,2,2,1,2,0.666666667,1,1,2,1,1,2,0.666666667,1,2,2,2,0.875,2,3,3,3,3,3,0.944444444,0,0,1,0,0,1,0,0,0,0,1,0,1,0,0,0,0
341,2,2,2,2,2,2,0,2,2,2,2,0,0.833333333,0,2,2,1,1,2,0.666666667,0,0,2,2,0.5,2,3,3,3,3,3,0.944444444,1,0,0,0,0,1,0,0,0,0,1,0,1,0,0,0,2
342,2,2,2,2,2,2,2,2,2,2,2,0,0.916666667,0,2,2,1,1,0,0.5,0,0,0,2,0.25,3,3,3,3,1.5,3,0.916666667,1,0,0,0,0,1,0,0,0,0,1,0,1,0,0,0,2
343,2,0,0,2,2,2,1,2,2,0,0,0,0.541666667,0,2,1,2,1,0,0.5,0,2,2,2,0.75,3,3,3,0,0,0,0.5,1,0,0,0,0,1,0,0,0,0,1,0,1,0,0,0,1
344,2,2,0,2,2,2,1,2,2,2,0,2,0.791666667,1,1,2,1,1,2,0.666666667,0,1,2,2,0.625,1,3,3,3,3,3,0.888888889,0,1,0,0,0,1,0,0,0,0,1,0,1,0,0,0,0
345,2,2,0,2,2,2,1,2,2,2,2,0,0.791666667,0,2,2,2,2,2,0.833333333,1,1,2,2,0.75,1,3,3,3,3,3,0.888888889,0,1,0,0,0,1,0,0,0,0,1,0,1,0,0,0,0
346,2,0,0,0,0,0,0,0,0,0,0,0,0.083333333,1,2,2,0,0,0,0.416666667,0,0,2,1,0.375,1,1,1,0,0,0,0.166666667,1,0,0,0,0,1,0,0,0,0,1,0,1,0,0,0,1
347,2,0,0,2,2,2,1,2,1,0,0,0,0.5,2,2,2,2,1,0,0.75,0,0,2,2,0.5,1,2,3,0,0,0,0.333333333,1,0,0,0,0,0,0,0,1,0,1,0,0,0,0,1,1
348,2,2,0,2,2,2,1,2,2,2,1,2,0.833333333,0,2,2,1,1,2,0.666666667,0,0,2,2,0.5,2,2,3,3,1.5,3,0.805555556,1,0,0,0,0,1,0,0,0,0,1,0,0,1,0,0,2
349,2,2,0,2,2,2,2,2,2,0,0,0,0.666666667,0,2,2,1,1,0,0.5,0,1,2,2,0.625,1,3,3,0,0,0,0.388888889,1,0,0,0,0,0,0,1,0,0,1,0,0,0,1,0,1
350,2,2,2,0,0,0,0,0,0,0,0,0,0.25,1,2,2,0,0,0,0.416666667,0,2,2,1,0.625,2,1,1,0,0,0,0.222222222,1,0,0,0,0,1,0,0,0,0,1,0,1,0,0,0,1
351,2,2,0,2,2,2,2,1,2,2,1,2,0.833333333,1,2,2,2,1,2,0.833333333,0,0,2,2,0.5,1,3,3,3,1.5,3,0.805555556,1,0,0,0,0,1,0,0,0,0,1,0,1,0,0,0,2
352,2,2,2,2,2,2,2,2,2,2,2,2,1,2,2,2,1,2,2,0.916666667,2,2,2,2,1,1,3,3,3,3,3,0.888888889,1,0,0,0,0,0,1,0,0,0,1,0,0,0,1,0,3
353,2,2,2,2,2,2,1,2,1,2,2,0,0.833333333,2,2,2,2,1,0,0.75,1,2,2,2,0.875,1,3,3,3,3,3,0.888888889,0,1,0,0,0,1,0,0,0,0,1,0,0,0,1,0,0
354,2,2,2,2,2,2,2,2,2,2,2,0,0.916666667,0,2,2,1,2,2,0.75,1,2,2,1,0.75,2,3,3,3,3,3,0.944444444,0,0,0,1,0,0,1,0,0,0,1,0,1,0,0,0,3
355,2,2,2,2,2,2,1,2,1,2,2,2,0.916666667,1,1,2,1,1,2,0.666666667,1,2,2,2,0.875,2,3,3,3,1.5,3,0.861111111,1,0,0,0,0,0,0,0,1,0,1,0,0,0,1,0,3
356,2,2,2,2,2,2,2,2,1,2,2,2,0.958333333,2,2,2,1,1,2,0.833333333,2,2,2,2,1,2,3,3,3,1.5,3,0.861111111,1,0,0,0,0,1,0,0,0,0,1,0,0,0,1,0,3
357,0,2,0,2,0,2,2,2,2,2,2,0,0.666666667,1,2,2,2,1,2,0.833333333,0,2,0,2,0.5,3,3,3,3,3,3,1,1,0,0,0,0,1,0,0,0,0,1,0,0,1,0,0,2
358,2,2,2,2,2,2,2,2,2,2,2,0,0.916666667,1,2,2,1,1,2,0.75,1,2,2,2,0.875,3,3,3,3,3,3,1,1,0,0,0,0,1,0,0,0,0,1,0,1,0,0,0,3
359,2,2,2,2,2,2,1,2,2,2,2,0,0.875,1,2,2,1,2,2,0.833333333,1,2,2,2,0.875,2,3,3,3,3,3,0.944444444,1,0,0,0,0,1,0,0,0,0,1,0,1,0,0,0,3
360,2,2,0,2,2,2,2,1,2,2,1,0,0.75,1,2,2,1,1,2,0.75,0,2,2,2,0.75,1,3,3,3,3,3,0.888888889,1,0,0,0,0,1,0,0,0,0,1,0,0,1,0,0,3
361,2,2,2,2,0,1,2,1,1,2,0,2,0.708333333,0,1,2,1,1,2,0.583333333,0,1,2,2,0.625,2,3,3,3,1.5,3,0.861111111,1,0,0,0,0,1,0,0,0,0,1,0,1,0,0,0,2
362,2,0,2,2,0,2,1,1,1,2,1,2,0.666666667,0,2,2,2,1,2,0.75,0,0,2,1,0.375,2,3,3,3,1.5,3,0.861111111,0,0,0,1,0,1,0,0,0,0,1,0,1,0,0,0,2
363,2,0,0,0,0,0,0,0,0,0,0,0,0.083333333,1,2,2,0,0,0,0.416666667,2,1,2,1,0.75,1,1,1,0,0,0,0.166666667,1,0,0,0,0,0,0,1,0,0,1,0,1,0,0,0,1
364,2,2,2,2,2,2,2,2,2,2,1,2,0.958333333,2,1,2,2,1,2,0.833333333,1,2,2,2,0.875,3,3,3,3,3,3,1,1,0,0,0,0,0,1,0,0,0,1,0,0,0,1,0,3
365,2,2,0,2,0,2,2,2,1,2,2,0,0.708333333,1,1,2,1,1,2,0.666666667,1,1,2,2,0.75,1,3,3,3,1.5,3,0.805555556,0,1,0,0,0,1,0,0,0,0,1,0,1,0,0,0,3
366,2,0,0,2,2,2,2,1,1,2,1,2,0.708333333,0,2,2,1,1,0,0.5,1,2,2,2,0.875,1,3,3,3,3,3,0.888888889,0,1,0,0,0,1,0,0,0,0,1,0,1,0,0,0,0
367,2,2,0,2,0,1,1,2,1,0,0,0,0.458333333,0,2,1,1,1,0,0.416666667,0,0,0,2,0.25,2,3,3,0,0,0,0.444444444,0,1,0,0,0,1,0,0,0,0,1,0,0,0,1,0,1
369,2,0,0,2,2,2,1,1,1,2,1,2,0.666666667,1,2,2,2,1,2,0.833333333,2,2,2,2,1,2,2,3,3,1.5,3,0.805555556,1,0,0,0,0,1,0,0,0,0,1,0,0,1,0,0,0
370,2,0,2,0,0,0,0,0,0,0,0,0,0.166666667,2,2,2,0,0,0,0.5,2,1,2,1,0.75,1,1,1,0,0,0,0.166666667,1,0,0,0,0,0,0,1,0,0,1,0,0,0,1,0,1
371,2,0,0,2,2,2,1,2,1,2,2,0,0.666666667,2,1,2,1,1,0,0.583333333,2,1,2,2,0.875,2,3,3,3,1.5,3,0.861111111,0,1,0,0,0,0,0,1,0,0,1,0,1,0,0,0,0
372,2,0,0,2,0,1,1,2,1,2,2,0,0.541666667,2,2,2,1,2,2,0.916666667,1,2,2,2,0.875,2,3,3,3,3,3,0.944444444,1,0,0,0,0,0,0,1,0,0,1,0,0,0,1,0,3
373,2,0,0,2,0,1,1,1,1,2,0,2,0.5,2,2,2,2,1,2,0.916666667,1,2,2,2,0.875,2,3,3,3,1.5,3,0.861111111,1,0,0,0,0,0,0,0,0,1,1,0,1,0,0,0,3
374,2,2,0,2,2,2,2,2,2,2,2,2,0.916666667,2,2,2,2,1,2,0.916666667,2,2,2,2,1,2,3,3,3,3,3,0.944444444,1,0,0,0,0,0,1,0,0,0,1,0,0,0,1,0,3
375,2,2,2,2,2,2,1,2,2,2,2,2,0.958333333,0,2,2,2,2,2,0.833333333,1,0,2,2,0.625,1,3,3,3,3,3,0.888888889,1,0,0,0,0,0,0,0,1,0,1,0,0,0,1,0,2
376,2,2,0,2,2,2,2,2,2,2,2,0,0.833333333,1,2,2,1,1,2,0.75,0,0,2,2,0.5,2,3,3,3,3,3,0.944444444,1,0,0,0,0,0,0,0,1,0,1,0,1,0,0,0,2
378,2,0,2,2,0,2,2,2,1,2,1,2,0.75,2,2,2,2,1,2,0.916666667,1,2,0,2,0.625,1,3,3,3,1.5,3,0.805555556,1,0,0,0,0,0,0,0,1,0,1,0,0,0,1,0,3
379,2,2,2,2,0,2,1,2,1,2,2,2,0.833333333,1,1,2,1,1,0,0.5,0,1,2,2,0.625,2,3,3,3,1.5,3,0.861111111,1,0,0,0,0,0,0,1,0,0,1,0,0,0,1,0,2
380,2,0,2,2,0,2,2,0,1,2,2,0,0.625,1,2,1,1,0,2,0.583333333,1,2,2,2,0.875,2,1,3,3,1.5,3,0.75,0,1,0,0,0,1,0,0,0,0,1,0,0,1,0,0,3
381,2,2,2,2,0,2,2,2,2,0,0,0,0.666666667,1,2,2,1,1,0,0.583333333,1,1,2,2,0.75,1,1,3,0,0,0,0.277777778,0,1,0,0,0,1,0,0,0,0,1,0,0,0,1,0,1
382,2,2,0,2,2,2,1,2,2,2,2,2,0.875,1,1,2,2,1,2,0.75,1,2,0,2,0.625,1,3,3,3,3,3,0.888888889,1,0,0,0,0,1,0,0,0,0,1,0,0,0,1,0,0
383,2,2,0,2,2,2,2,2,2,2,2,2,0.916666667,0,2,2,1,1,2,0.666666667,1,1,2,2,0.75,2,3,3,3,3,3,0.944444444,1,0,0,0,0,1,0,0,0,0,1,0,0,0,1,0,2
384,2,2,2,2,0,2,1,2,2,2,2,2,0.875,0,2,2,2,1,2,0.75,0,0,2,1,0.375,2,3,3,3,1.5,3,0.861111111,0,1,0,0,0,1,0,0,0,0,1,0,0,1,0,0,2
385,2,2,0,2,0,2,2,2,2,2,2,2,0.833333333,1,2,2,1,2,2,0.833333333,1,2,2,2,0.875,3,3,3,3,3,3,1,0,1,0,0,0,0,1,0,0,0,1,0,0,1,0,0,3
386,2,2,0,2,2,2,1,2,1,2,2,2,0.833333333,1,2,2,2,2,0,0.75,1,2,2,2,0.875,1,2,2,3,1.5,0,0.527777778,0,1,0,0,0,1,0,0,0,0,1,0,1,0,0,0,0
387,2,2,2,2,2,2,1,2,2,2,1,2,0.916666667,2,2,2,2,2,2,1,0,2,2,2,0.75,3,3,3,3,3,3,1,0,1,0,0,0,1,0,0,0,0,1,0,1,0,0,0,0
388,2,2,0,2,2,2,1,2,2,2,2,0,0.791666667,2,2,2,1,2,2,0.916666667,2,2,2,2,1,1,3,3,3,3,3,0.888888889,1,0,0,0,0,0,0,1,0,0,1,0,0,0,0,1,3
389,2,2,2,2,2,2,2,2,2,2,1,2,0.958333333,2,2,2,2,1,2,0.916666667,1,1,2,2,0.75,1,3,3,3,1.5,3,0.805555556,1,0,0,0,0,0,1,0,0,0,1,0,0,0,0,1,3
390,2,2,2,2,2,2,2,2,2,2,2,0,0.916666667,2,2,2,2,1,2,0.916666667,2,2,2,2,1,3,3,3,3,3,3,1,1,0,0,0,0,1,0,0,0,0,1,0,1,0,0,0,3
391,2,0,0,2,2,2,2,2,2,2,2,0,0.75,0,1,2,1,1,2,0.583333333,0,1,2,2,0.625,2,3,3,3,3,3,0.944444444,0,1,0,0,0,0,0,1,0,0,1,0,0,0,0,1,3
392,2,0,2,2,2,2,2,2,2,2,2,0,0.833333333,0,2,2,1,1,2,0.666666667,1,2,2,2,0.875,3,3,3,3,3,3,1,0,1,0,0,0,0,1,0,0,0,1,0,0,0,0,1,3
393,2,2,2,2,2,2,2,1,1,2,0,2,0.833333333,0,2,1,2,1,2,0.666666667,0,0,0,2,0.25,1,3,3,3,3,3,0.888888889,0,1,0,0,0,1,0,0,0,0,1,0,1,0,0,0,2
394,2,2,0,2,0,2,1,2,2,0,0,0,0.541666667,1,2,2,2,1,0,0.666666667,2,1,2,2,0.875,2,2,3,0,0,0,0.388888889,0,1,0,0,0,1,0,0,0,0,1,0,1,0,0,0,1
395,2,0,0,2,2,2,2,2,2,2,2,0,0.75,1,2,2,1,1,2,0.75,2,2,2,2,1,3,3,3,3,3,3,1,0,1,0,0,0,1,0,0,0,0,1,0,0,1,0,0,0
396,2,2,0,2,0,2,2,2,2,0,0,0,0.583333333,1,2,2,1,1,0,0.583333333,2,0,2,1,0.625,3,3,3,0,0,0,0.5,0,1,0,0,0,1,0,0,0,0,1,0,0,1,0,0,1
397,2,0,2,2,2,2,2,2,2,2,2,0,0.833333333,2,2,2,2,1,2,0.916666667,2,2,0,2,0.75,2,3,3,3,1.5,3,0.861111111,1,0,0,0,0,0,1,0,0,0,1,0,0,0,1,0,3
398,2,2,0,2,0,2,2,2,2,2,2,2,0.833333333,1,2,2,2,2,2,0.916666667,1,2,2,2,0.875,3,3,3,3,3,3,1,0,1,0,0,0,1,0,0,0,0,1,0,1,0,0,0,3
399,2,2,0,2,2,2,1,2,2,2,1,2,0.833333333,0,2,2,2,2,2,0.833333333,0,1,0,2,0.375,2,3,3,3,3,3,0.944444444,1,0,0,0,0,1,0,0,0,0,1,0,1,0,0,0,2
400,0,2,0,2,2,2,2,2,2,2,0,2,0.75,0,2,2,2,2,2,0.833333333,1,2,2,2,0.875,3,3,3,3,3,3,1,1,0,0,0,0,1,0,0,0,0,1,0,1,0,0,0,2
401,2,2,0,2,2,2,2,1,2,2,2,0,0.791666667,0,2,2,2,1,2,0.75,0,0,2,2,0.5,3,3,3,3,1.5,3,0.916666667,1,0,0,0,0,1,0,0,0,0,1,0,0,0,1,0,2
402,2,2,2,2,2,2,2,2,2,2,2,2,1,2,2,2,1,2,2,0.916666667,2,2,2,2,1,2,3,3,3,3,3,0.944444444,0,1,0,0,0,1,0,0,0,0,1,0,0,1,0,0,0
403,2,2,0,2,2,2,2,1,2,2,1,2,0.833333333,2,1,2,1,1,2,0.75,1,2,0,2,0.625,1,2,3,3,3,3,0.833333333,0,1,0,0,0,0,1,0,0,0,1,0,1,0,0,0,0
404,2,2,0,2,2,2,2,1,2,2,2,2,0.875,2,1,2,1,1,2,0.75,1,1,2,2,0.75,1,2,3,3,3,3,0.833333333,0,1,0,0,0,0,0,1,0,0,1,0,0,0,0,1,3
405,0,0,0,2,2,2,1,0,2,2,2,0,0.541666667,1,2,1,1,2,2,0.75,1,2,2,2,0.875,3,3,3,3,3,3,1,1,0,0,0,0,1,0,0,0,0,1,0,1,0,0,0,3
406,2,2,0,2,0,1,1,1,2,2,2,0,0.625,0,1,2,1,1,2,0.583333333,0,0,2,2,0.5,3,3,3,3,3,3,1,0,1,0,0,0,0,0,1,0,0,1,0,0,0,1,0,2
407,0,0,0,2,2,2,2,2,2,2,1,2,0.708333333,1,2,2,2,1,2,0.833333333,2,2,2,2,1,3,3,3,3,3,3,1,0,0,1,0,0,1,0,0,0,0,1,0,1,0,0,0,0
408,2,2,0,2,2,2,1,2,2,2,0,2,0.791666667,1,2,2,2,1,2,0.833333333,1,2,2,2,0.875,2,3,3,3,3,3,0.944444444,1,0,0,0,0,1,0,0,0,0,1,0,1,0,0,0,3
409,2,2,0,2,2,2,2,2,2,2,2,2,0.916666667,1,1,2,1,2,2,0.75,1,2,2,2,0.875,2,3,3,3,1.5,3,0.861111111,1,0,0,0,0,1,0,0,0,0,1,0,0,1,0,0,3
410,2,0,2,2,2,2,2,2,1,2,2,0,0.791666667,0,2,2,2,1,2,0.75,0,0,2,2,0.5,2,3,2,3,3,3,0.888888889,1,0,0,0,0,0,1,0,0,0,1,0,0,0,1,0,2
411,2,2,0,2,0,2,2,2,2,2,1,2,0.791666667,1,2,2,1,2,2,0.833333333,0,0,0,2,0.25,3,3,3,3,3,3,1,1,0,0,0,0,1,0,0,0,0,1,0,0,1,0,0,2
412,2,2,0,2,2,2,1,2,2,2,0,0,0.708333333,1,2,2,2,1,2,0.833333333,1,2,2,2,0.875,3,3,3,3,3,3,1,1,0,0,0,0,1,0,0,0,0,1,0,1,0,0,0,3
413,2,2,0,2,2,2,2,2,2,2,2,2,0.916666667,2,2,1,1,1,2,0.75,2,2,2,1,0.875,2,3,2,3,0,3,0.722222222,0,1,0,0,0,1,0,0,0,0,1,0,1,0,0,0,0
414,2,2,0,2,2,1,2,2,2,2,2,2,0.875,1,2,2,1,1,2,0.75,0,0,0,2,0.25,3,3,3,3,1.5,3,0.916666667,0,1,0,0,0,0,0,1,0,0,1,0,0,0,0,1,2
415,2,0,0,2,2,2,1,2,2,2,1,0,0.666666667,2,2,1,1,2,2,0.833333333,1,1,2,2,0.75,3,3,3,3,3,3,1,1,0,0,0,0,1,0,0,0,0,1,0,1,0,0,0,3
416,2,2,0,2,2,2,2,2,2,2,2,0,0.833333333,2,1,2,1,1,2,0.75,1,0,2,1,0.5,1,3,3,3,3,3,0.888888889,1,0,0,0,0,1,0,0,0,0,1,0,0,1,0,0,2
417,2,2,2,2,2,2,1,2,1,2,0,2,0.833333333,2,2,2,1,1,0,0.666666667,2,2,0,2,0.75,3,3,3,3,1.5,3,0.916666667,0,1,0,0,0,1,0,0,0,0,1,0,0,0,1,0,0
418,0,2,2,2,0,2,1,2,2,0,0,0,0.541666667,2,2,2,1,2,0,0.75,0,2,2,2,0.75,3,3,3,0,0,0,0.5,1,0,0,0,0,1,0,0,0,0,1,0,1,0,0,0,1
419,2,2,2,2,0,2,2,2,2,2,2,0,0.833333333,2,2,2,1,2,2,0.916666667,2,2,2,2,1,1,3,3,3,3,3,0.888888889,0,1,0,0,0,0,0,1,0,0,1,0,0,0,0,1,3
420,2,2,0,2,2,2,2,2,2,2,2,0,0.833333333,0,2,2,2,1,2,0.75,0,2,2,2,0.75,2,2,3,3,3,3,0.888888889,0,1,0,0,0,1,0,0,0,0,1,0,0,1,0,0,3
421,2,2,0,2,0,2,2,2,2,2,1,2,0.791666667,1,2,2,1,1,2,0.75,1,2,2,1,0.75,1,3,3,3,3,3,0.888888889,0,1,0,0,0,0,0,0,1,0,1,0,0,0,0,1,0
422,0,2,0,2,0,2,1,2,2,0,0,0,0.458333333,0,2,2,2,1,0,0.583333333,0,0,2,2,0.5,2,2,3,0,0,0,0.388888889,0,1,0,0,0,1,0,0,0,0,1,0,1,0,0,0,1
423,2,2,0,2,2,2,1,1,2,2,2,2,0.833333333,2,1,2,2,2,2,0.916666667,2,2,2,2,1,1,3,3,3,3,3,0.888888889,1,0,0,0,0,0,0,0,1,0,1,0,0,0,0,1,3
424,2,2,0,2,0,2,1,2,1,2,0,0,0.583333333,0,2,2,1,1,0,0.5,2,2,2,1,0.875,2,2,1,3,1.5,3,0.694444444,0,1,0,0,0,1,0,0,0,0,1,0,1,0,0,0,0
425,2,0,2,2,2,2,2,2,2,2,2,0,0.833333333,0,2,2,1,2,2,0.75,0,0,2,2,0.5,3,3,3,3,3,3,1,0,1,0,0,0,0,0,1,0,0,1,0,0,0,0,1,2
426,2,2,2,2,2,2,1,1,1,0,0,0,0.625,1,2,2,1,1,0,0.583333333,2,1,2,2,0.875,1,3,3,0,0,0,0.388888889,0,1,0,0,0,1,0,0,0,0,1,0,0,1,0,0,1
427,0,2,0,0,0,0,0,0,0,0,0,0,0.083333333,1,1,2,0,0,0,0.333333333,2,2,2,1,0.875,1,1,1,0,0,0,0.166666667,0,1,0,0,0,1,0,0,0,0,1,0,1,0,0,0,1
428,2,2,0,2,2,2,2,2,2,2,1,2,0.875,1,2,2,1,2,2,0.833333333,2,2,2,2,1,1,3,3,3,3,3,0.888888889,1,0,0,0,0,1,0,0,0,0,1,0,0,1,0,0,0
429,2,0,2,2,2,2,2,2,1,2,2,2,0.875,2,2,2,1,2,2,0.916666667,2,2,2,2,1,3,3,3,3,1.5,3,0.916666667,1,0,0,0,0,0,1,0,0,0,1,0,0,1,0,0,3
430,2,0,0,2,2,1,1,2,1,2,2,0,0.625,2,2,2,1,1,2,0.833333333,1,2,2,2,0.875,2,3,3,3,3,3,0.944444444,1,0,0,0,0,0,0,1,0,0,1,0,0,0,0,1,3
431,2,0,0,2,0,1,1,2,1,2,2,2,0.625,2,2,2,1,1,2,0.833333333,2,2,0,2,0.75,2,3,3,3,3,3,0.944444444,1,0,0,0,0,0,1,0,0,0,1,0,0,1,0,0,3
432,2,2,0,2,2,2,1,2,2,2,0,2,0.791666667,1,1,2,1,2,0,0.583333333,1,2,2,2,0.875,1,3,3,3,3,3,0.888888889,0,1,0,0,0,1,0,0,0,0,1,0,0,1,0,0,0
433,2,0,0,2,2,2,2,2,2,2,2,0,0.75,1,2,2,1,1,0,0.583333333,0,0,2,2,0.5,3,3,3,3,3,3,1,1,0,0,0,0,1,0,0,0,0,1,0,1,0,0,0,2
434,2,2,0,2,2,2,2,2,2,2,2,0,0.833333333,2,2,2,2,2,2,1,2,2,0,2,0.75,3,3,3,3,3,3,1,0,1,0,0,0,0,1,0,0,0,1,0,0,0,0,1,3
435,2,2,2,2,2,2,1,1,1,2,1,2,0.833333333,1,2,2,2,1,0,0.666666667,0,0,0,2,0.25,1,2,3,3,1.5,3,0.75,0,1,0,0,0,0,0,0,0,1,1,0,0,0,0,1,2
436,2,0,0,2,2,2,2,2,2,2,2,2,0.833333333,0,2,2,2,1,2,0.75,0,0,2,2,0.5,3,3,3,3,3,3,1,1,0,0,0,0,0,0,1,0,0,1,0,0,0,1,0,2
437,2,2,2,2,2,2,2,2,2,2,2,0,0.916666667,2,2,2,2,1,0,0.75,2,2,2,2,1,1,3,3,3,3,3,0.888888889,0,1,0,0,0,1,0,0,0,0,1,0,0,1,0,0,0
438,2,0,2,2,2,1,2,2,2,2,1,2,0.833333333,2,2,2,2,2,2,1,2,1,0,2,0.625,1,3,3,3,3,3,0.888888889,1,0,0,0,0,0,0,1,0,0,1,0,0,0,1,0,0
439,2,2,0,2,2,2,1,1,2,2,1,2,0.791666667,1,1,2,1,1,2,0.666666667,2,2,2,2,1,1,3,3,3,3,3,0.888888889,1,0,0,0,0,1,0,0,0,0,1,0,0,1,0,0,0
440,2,0,0,2,2,2,1,2,2,2,0,0,0.625,0,2,2,2,1,0,0.583333333,0,1,2,2,0.625,2,2,3,3,1.5,3,0.805555556,1,0,0,0,0,0,0,1,0,0,1,0,0,0,0,1,2
441,0,2,2,2,0,2,2,2,2,0,0,0,0.583333333,0,1,2,1,1,0,0.416666667,0,0,2,2,0.5,1,3,3,0,0,0,0.388888889,0,1,0,0,0,1,0,0,0,0,1,0,1,0,0,0,1
442,2,2,0,2,0,2,1,2,2,2,1,2,0.75,1,1,2,2,1,0,0.583333333,2,2,2,2,1,1,2,3,3,1.5,3,0.75,1,0,0,0,0,0,0,1,0,0,1,0,0,0,0,1,0
443,2,2,2,2,2,2,2,2,2,2,2,2,1,2,2,2,1,1,2,0.833333333,1,0,2,2,0.625,2,3,3,3,3,3,0.944444444,1,0,0,0,0,1,0,0,0,0,1,0,1,0,0,0,3
444,0,2,0,2,0,2,1,2,2,0,0,0,0.458333333,2,2,2,1,1,0,0.666666667,1,2,2,1,0.75,1,3,3,0,0,0,0.388888889,1,0,0,0,0,1,0,0,0,0,1,0,0,0,1,0,1
445,2,2,2,2,0,2,2,2,2,2,2,2,0.916666667,2,2,2,1,1,0,0.666666667,1,2,2,2,0.875,2,3,3,3,3,3,0.944444444,1,0,0,0,0,1,0,0,0,0,1,0,0,1,0,0,3
446,2,2,2,2,0,2,1,2,2,0,0,0,0.625,0,2,1,1,1,0,0.416666667,0,2,2,2,0.75,3,3,3,0,0,0,0.5,0,1,0,0,0,0,1,0,0,0,1,0,0,0,0,1,1
447,2,2,0,2,2,1,1,2,1,2,0,2,0.708333333,2,2,1,2,1,0,0.666666667,1,2,0,2,0.625,1,3,3,3,3,3,0.888888889,1,0,0,0,0,0,0,1,0,0,1,0,1,0,0,0,3
448,0,2,0,2,2,2,1,2,2,2,2,0,0.708333333,1,2,2,2,1,0,0.666666667,1,2,2,2,0.875,2,3,3,3,3,3,0.944444444,1,0,0,0,0,1,0,0,0,0,1,0,1,0,0,0,3
449,2,2,2,2,2,2,2,2,2,2,2,0,0.916666667,1,2,2,1,2,2,0.833333333,1,1,2,2,0.75,2,3,3,3,3,3,0.944444444,1,0,0,0,0,1,0,0,0,0,1,0,1,0,0,0,3
450,2,2,0,2,0,2,2,1,1,2,1,2,0.708333333,1,1,2,1,1,2,0.666666667,0,2,2,2,0.75,1,2,2,3,3,3,0.777777778,0,1,0,0,0,1,0,0,0,0,1,0,1,0,0,0,0
451,2,2,0,2,2,2,1,2,2,2,2,0,0.791666667,2,2,2,2,1,2,0.916666667,1,2,2,2,0.875,3,3,3,3,3,3,1,1,0,0,0,0,1,0,0,0,0,1,0,1,0,0,0,3
452,2,2,2,2,2,2,2,2,2,2,2,2,1,0,2,2,1,2,2,0.75,0,0,2,2,0.5,2,3,3,3,3,3,0.944444444,0,1,0,0,0,0,0,1,0,0,1,0,0,0,0,1,2
453,2,2,2,2,2,2,1,2,1,2,1,0,0.791666667,2,2,2,1,2,2,0.916666667,1,2,2,2,0.875,2,3,3,3,1.5,3,0.861111111,0,1,0,0,0,0,0,1,0,0,1,0,0,0,1,0,3
454,2,0,2,2,0,2,1,2,2,2,1,2,0.75,1,2,2,1,2,0,0.666666667,0,1,2,2,0.625,1,3,3,3,3,3,0.888888889,1,0,0,0,0,0,0,0,1,0,1,0,0,0,1,0,2
455,2,2,2,2,2,2,2,2,1,0,0,0,0.708333333,0,1,2,1,1,0,0.416666667,0,2,2,2,0.75,2,2,2,0,0,0,0.333333333,0,1,0,0,0,1,0,0,0,0,1,0,0,1,0,0,1
456,2,2,2,2,2,2,2,2,2,2,1,2,0.958333333,2,2,2,2,1,2,0.916666667,2,2,2,2,1,1,3,3,3,3,3,0.888888889,1,0,0,0,0,1,0,0,0,0,1,0,0,0,1,0,0
457,2,2,0,2,2,2,2,2,2,2,1,2,0.875,1,2,2,1,2,2,0.833333333,0,0,2,2,0.5,3,3,3,3,3,3,1,1,0,0,0,0,0,0,1,0,0,1,0,1,0,0,0,2
458,2,2,0,2,0,2,1,2,2,0,0,0,0.541666667,2,2,2,1,2,0,0.75,2,1,2,2,0.875,3,2,3,0,0,0,0.444444444,1,0,0,0,0,1,0,0,0,0,1,0,0,1,0,0,1
459,2,0,0,2,0,2,1,2,2,2,0,2,0.625,2,0,2,1,1,2,0.666666667,1,2,2,2,0.875,1,2,3,3,3,3,0.833333333,0,1,0,0,0,0,1,0,0,0,1,0,0,0,1,0,0
460,2,0,0,0,0,0,0,0,0,0,0,0,0.083333333,0,2,2,0,0,0,0.333333333,0,1,0,1,0.25,3,1,1,0,0,0,0.277777778,1,0,0,0,0,0,0,1,0,0,1,0,1,0,0,0,1
461,2,2,0,2,2,2,2,2,1,2,1,2,0.833333333,0,2,2,1,2,2,0.75,0,0,0,2,0.25,1,3,3,3,1.5,3,0.805555556,1,0,0,0,0,0,0,1,0,0,1,0,0,0,1,0,2
462,2,0,0,2,2,2,1,1,2,2,2,0,0.666666667,1,2,2,1,1,0,0.583333333,0,1,0,2,0.375,2,3,3,3,3,3,0.944444444,1,0,0,0,0,0,0,1,0,0,1,0,0,0,1,0,3
463,2,2,0,2,0,2,2,2,1,0,0,0,0.541666667,2,2,2,2,1,0,0.75,1,2,2,2,0.875,3,3,3,0,0,0,0.5,0,1,0,0,0,0,1,0,0,0,1,0,0,0,0,1,1
464,2,2,0,2,2,2,2,2,2,2,2,0,0.833333333,1,2,2,2,2,2,0.916666667,1,2,2,2,0.875,3,2,3,3,3,3,0.944444444,1,0,0,0,0,1,0,0,0,0,1,0,0,1,0,0,3
465,2,2,0,2,2,2,2,2,2,2,2,2,0.916666667,1,2,2,1,1,2,0.75,0,0,2,2,0.5,1,3,3,3,3,3,0.888888889,0,1,0,0,0,1,0,0,0,0,1,0,1,0,0,0,2
466,2,2,2,2,0,2,2,2,2,2,0,2,0.833333333,1,2,2,1,1,2,0.75,0,0,2,2,0.5,2,3,3,3,3,3,0.944444444,1,0,0,0,0,1,0,0,0,0,1,0,1,0,0,0,2
467,2,2,2,2,2,2,1,2,2,2,1,0,0.833333333,0,2,2,1,1,2,0.666666667,0,0,2,2,0.5,3,3,3,3,3,3,1,1,0,0,0,0,1,0,0,0,0,1,0,1,0,0,0,2
468,2,2,0,2,2,2,0,1,1,2,1,0,0.625,1,1,2,1,1,2,0.666666667,0,0,0,2,0.25,1,3,3,3,3,3,0.888888889,1,0,0,0,0,0,0,0,1,0,1,0,1,0,0,0,2
469,2,2,0,2,2,2,2,2,1,2,1,2,0.833333333,1,2,2,1,1,2,0.75,1,2,2,2,0.875,2,3,3,3,1.5,3,0.861111111,0,1,0,0,0,1,0,0,0,0,1,0,1,0,0,0,0
470,2,0,0,2,2,2,2,2,2,0,0,0,0.583333333,2,2,2,2,1,0,0.75,1,2,0,2,0.625,1,3,3,0,0,0,0.388888889,1,0,0,0,0,1,0,0,0,0,1,0,1,0,0,0,1
471,2,2,0,2,0,1,1,2,1,2,1,2,0.666666667,2,2,2,1,1,2,0.833333333,1,2,0,2,0.625,1,3,3,3,1.5,3,0.805555556,0,1,0,0,0,0,0,0,1,0,1,0,0,0,0,1,0
472,0,0,0,2,2,2,1,1,1,2,1,2,0.583333333,1,2,2,2,1,0,0.666666667,0,0,0,2,0.25,2,3,3,3,1.5,3,0.861111111,0,1,0,0,0,1,0,0,0,0,1,0,0,1,0,0,2
473,2,2,2,2,2,2,2,2,1,2,1,0,0.833333333,1,2,2,1,1,2,0.75,0,0,2,1,0.375,2,3,3,3,1.5,3,0.861111111,0,1,0,0,0,0,1,0,0,0,1,0,0,0,1,0,2
474,2,2,2,2,2,2,1,1,1,2,2,0,0.791666667,2,1,2,1,1,2,0.75,2,2,2,2,1,1,2,3,3,1.5,3,0.75,0,1,0,0,0,0,0,0,1,0,1,0,0,0,0,1,0
475,2,2,0,2,2,2,1,2,2,2,1,0,0.75,1,2,2,1,2,2,0.833333333,0,1,2,2,0.625,3,3,3,3,0,3,0.833333333,1,0,0,0,0,1,0,0,0,0,1,0,1,0,0,0,2
476,2,2,0,2,0,2,2,2,2,2,1,2,0.791666667,2,2,2,1,1,2,0.833333333,2,2,2,2,1,3,2,3,3,3,3,0.944444444,0,1,0,0,0,0,1,0,0,0,1,0,0,0,0,1,0
477,2,2,0,2,0,2,1,2,2,2,1,0,0.666666667,2,2,2,1,2,2,0.916666667,1,2,2,2,0.875,2,3,3,3,3,3,0.944444444,1,0,0,0,0,0,0,0,1,0,1,0,1,0,0,0,3
478,2,2,2,2,2,2,2,2,2,2,2,0,0.916666667,0,2,2,2,1,2,0.75,0,0,2,1,0.375,3,3,3,3,3,3,1,0,0,0,1,0,1,0,0,0,0,1,0,1,0,0,0,2
479,2,2,0,2,2,2,2,2,1,2,2,0,0.791666667,1,2,2,2,1,0,0.666666667,0,0,2,2,0.5,3,3,3,3,3,3,1,1,0,0,0,0,1,0,0,0,0,1,0,1,0,0,0,2
480,2,0,0,2,2,2,2,2,1,2,2,2,0.791666667,2,2,2,1,1,2,0.833333333,1,1,2,2,0.75,3,3,3,3,3,3,1,1,0,0,0,0,0,1,0,0,0,1,0,0,0,1,0,3
481,2,0,2,2,0,1,1,2,2,2,1,2,0.708333333,2,2,2,1,1,2,0.833333333,2,0,2,2,0.75,3,3,3,3,3,3,1,0,1,0,0,0,1,0,0,0,0,1,0,1,0,0,0,0
482,2,0,0,2,2,2,1,2,2,2,1,2,0.75,0,2,2,1,1,2,0.666666667,1,2,2,2,0.875,1,2,2,3,3,3,0.777777778,0,1,0,0,0,1,0,0,0,0,1,0,0,0,1,0,0
483,2,2,0,2,2,2,2,2,2,2,2,0,0.833333333,0,2,2,2,2,0,0.666666667,0,0,2,1,0.375,3,3,3,3,3,3,1,0,0,0,1,0,0,0,0,1,0,1,0,1,0,0,0,2
484,2,2,0,2,2,2,2,2,2,2,2,0,0.833333333,1,2,2,1,2,2,0.833333333,1,2,2,2,0.875,2,3,3,3,3,3,0.944444444,1,0,0,0,0,1,0,0,0,0,1,0,1,0,0,0,3
485,2,2,0,2,0,2,2,2,1,2,2,2,0.791666667,1,2,2,1,1,2,0.75,0,1,2,2,0.625,2,3,3,3,3,3,0.944444444,0,1,0,0,0,0,0,0,1,0,1,0,1,0,0,0,2
486,2,2,0,2,2,2,1,2,1,2,1,2,0.791666667,2,2,2,1,1,2,0.833333333,2,1,0,2,0.625,2,2,3,3,1.5,3,0.805555556,0,1,0,0,0,1,0,0,0,0,1,0,1,0,0,0,0
487,2,2,0,2,0,2,1,1,1,0,0,0,0.458333333,2,2,2,2,1,0,0.75,2,2,2,2,1,2,3,3,0,0,0,0.444444444,0,1,0,0,0,1,0,0,0,0,1,0,0,1,0,0,1
488,2,0,0,0,0,0,0,0,0,0,0,0,0.083333333,0,1,2,0,0,0,0.25,0,1,2,1,0.5,2,1,1,0,0,0,0.222222222,1,0,0,0,0,0,0,1,0,0,1,0,0,0,1,0,1
489,2,2,0,2,2,2,1,2,1,2,2,0,0.75,0,2,2,1,1,0,0.5,0,0,2,2,0.5,3,2,3,3,1.5,3,0.861111111,0,1,0,0,0,0,1,0,0,0,1,0,0,0,0,1,2
490,2,0,0,2,2,2,2,2,1,2,2,0,0.708333333,2,2,2,2,1,2,0.916666667,2,1,2,2,0.875,3,3,2,3,3,3,0.944444444,0,1,0,0,0,1,0,0,0,0,1,0,0,0,1,0,0
491,2,0,2,2,0,2,1,2,1,2,2,2,0.75,0,2,2,2,1,2,0.75,0,0,2,2,0.5,3,3,3,3,3,3,1,1,0,0,0,0,0,0,0,1,0,1,0,0,0,0,1,2
492,2,2,2,2,0,2,1,2,1,2,1,0,0.708333333,1,2,2,2,2,2,0.916666667,2,2,2,2,1,3,3,3,3,1.5,3,0.916666667,0,1,0,0,0,0,0,0,1,0,1,0,0,0,0,1,0
493,2,2,0,2,2,2,2,2,2,2,2,0,0.833333333,2,2,2,1,2,2,0.916666667,2,2,2,2,1,1,2,2,3,3,3,0.777777778,1,0,0,0,0,0,0,1,0,0,1,0,0,0,0,1,3
494,2,2,0,2,2,2,2,2,2,2,2,2,0.916666667,2,2,2,2,1,2,0.916666667,2,1,2,2,0.875,2,2,3,3,3,3,0.888888889,0,1,0,0,0,0,1,0,0,0,1,0,0,0,0,1,3
495,2,2,2,2,0,2,2,2,2,0,0,0,0.666666667,0,2,1,1,1,0,0.416666667,1,0,0,2,0.375,1,1,2,0,0,0,0.222222222,0,1,0,0,0,1,0,0,0,0,1,0,1,0,0,0,1
496,2,2,0,2,0,2,2,2,2,2,0,2,0.75,2,2,2,1,1,2,0.833333333,1,2,2,2,0.875,2,2,3,3,3,3,0.888888889,0,0,1,0,0,1,0,0,0,0,1,0,0,0,1,0,0
497,0,0,0,2,2,2,1,2,2,2,2,2,0.708333333,0,2,2,2,1,2,0.75,0,0,2,2,0.5,2,3,3,3,1.5,3,0.861111111,1,0,0,0,0,0,1,0,0,0,1,0,1,0,0,0,2
498,2,2,0,2,2,1,1,1,2,2,1,0,0.666666667,1,2,2,1,1,2,0.75,0,0,2,2,0.5,3,3,3,3,3,3,1,1,0,0,0,0,1,0,0,0,0,1,0,0,1,0,0,2
499,0,2,0,2,2,2,1,2,2,2,2,0,0.708333333,0,2,2,1,1,0,0.5,0,0,2,2,0.5,1,3,2,3,3,3,0.833333333,0,1,0,0,0,1,0,0,0,0,1,0,1,0,0,0,2
500,2,2,2,2,2,2,1,2,2,2,2,2,0.958333333,2,1,2,1,1,2,0.75,1,2,2,2,0.875,2,3,3,3,3,3,0.944444444,1,0,0,0,0,1,0,0,0,0,1,0,1,0,0,0,3
501,2,0,0,0,0,0,0,0,0,0,0,0,0.083333333,0,1,2,0,0,0,0.25,0,0,2,1,0.375,3,1,1,0,0,0,0.277777778,1,0,0,0,0,0,0,0,1,0,1,0,0,0,1,0,1
502,2,2,0,2,2,2,1,2,1,2,2,0,0.75,2,1,2,1,2,2,0.833333333,2,2,2,2,1,2,3,3,3,3,3,0.944444444,0,1,0,0,0,0,0,0,1,0,1,0,0,0,1,0,3
503,2,2,2,2,2,2,2,2,2,2,2,2,1,2,1,2,1,1,2,0.75,1,2,2,2,0.875,1,2,3,3,3,3,0.833333333,1,0,0,0,0,0,1,0,0,0,1,0,0,0,1,0,3
504,2,0,2,2,0,1,1,2,2,2,2,2,0.75,0,2,2,1,1,2,0.666666667,1,2,2,2,0.875,2,3,3,3,3,3,0.944444444,1,0,0,0,0,0,1,0,0,0,1,0,0,0,0,1,3
505,2,2,2,2,2,2,0,2,2,2,1,2,0.875,2,2,2,1,1,0,0.666666667,2,1,2,2,0.875,1,3,3,3,3,3,0.888888889,0,1,0,0,0,1,0,0,0,0,1,0,1,0,0,0,0
506,2,2,2,2,0,2,2,2,1,0,0,0,0.625,2,2,2,2,2,0,0.833333333,2,2,2,2,1,1,3,3,0,0,0,0.388888889,0,1,0,0,0,1,0,0,0,0,1,0,0,0,1,0,1
507,2,0,0,2,2,2,1,2,2,2,2,0,0.708333333,0,2,2,1,1,0,0.5,0,0,2,2,0.5,2,3,3,3,3,3,0.944444444,0,0,0,1,0,0,1,0,0,0,1,0,1,0,0,0,2
508,2,2,0,2,0,2,1,2,2,2,1,2,0.75,0,2,2,1,1,0,0.5,1,2,2,1,0.75,3,3,3,3,3,3,1,0,1,0,0,0,1,0,0,0,0,1,0,0,1,0,0,0
509,2,2,2,2,2,2,2,2,2,2,2,0,0.916666667,0,2,2,2,2,2,0.833333333,0,0,2,2,0.5,3,3,3,3,3,3,1,1,0,0,0,0,0,0,1,0,0,1,0,0,0,0,1,2
510,2,2,0,2,2,2,2,2,2,2,0,2,0.833333333,1,2,2,2,1,2,0.833333333,0,0,0,2,0.25,1,3,3,3,3,3,0.888888889,0,1,0,0,0,1,0,0,0,0,1,0,1,0,0,0,2
511,2,2,2,2,2,2,1,2,1,2,2,0,0.833333333,0,2,2,1,1,2,0.666666667,0,1,0,2,0.375,2,3,3,3,1.5,3,0.861111111,1,0,0,0,0,0,1,0,0,0,1,0,0,1,0,0,2
512,0,0,0,2,2,2,2,2,2,2,2,0,0.666666667,1,2,2,1,1,0,0.583333333,1,2,2,2,0.875,1,3,3,3,3,3,0.888888889,0,0,0,1,0,1,0,0,0,0,1,0,0,1,0,0,3
513,2,2,0,2,2,2,2,2,1,2,1,2,0.833333333,1,1,2,1,1,2,0.666666667,1,1,0,2,0.5,1,3,3,3,1.5,3,0.805555556,0,1,0,0,0,1,0,0,0,0,1,0,1,0,0,0,0
514,2,2,0,2,0,2,2,2,2,2,2,2,0.833333333,1,2,2,2,1,2,0.833333333,1,2,2,2,0.875,2,3,3,3,3,3,0.944444444,1,0,0,0,0,1,0,0,0,0,1,0,0,0,0,1,3
515,2,0,0,0,0,0,0,0,0,0,0,0,0.083333333,1,1,2,0,0,0,0.333333333,1,2,2,1,0.75,2,1,1,0,0,0,0.222222222,1,0,0,0,0,0,0,1,0,0,1,0,1,0,0,0,1
516,2,0,0,2,2,2,1,2,2,2,2,0,0.708333333,2,2,2,1,1,2,0.833333333,1,1,2,2,0.75,2,3,3,3,3,3,0.944444444,1,0,0,0,0,0,1,0,0,0,1,0,1,0,0,0,3
517,2,2,2,2,0,2,1,2,2,2,0,2,0.791666667,2,2,2,2,1,2,0.916666667,1,2,2,2,0.875,1,2,3,3,3,3,0.833333333,1,0,0,0,0,1,0,0,0,0,1,0,0,0,1,0,0
518,2,2,0,2,2,2,2,2,2,2,2,2,0.916666667,1,2,2,1,1,2,0.75,1,2,2,2,0.875,3,3,2,3,1.5,3,0.861111111,1,0,0,0,0,1,0,0,0,0,1,0,1,0,0,0,3
519,2,0,0,2,0,2,1,2,1,2,2,2,0.666666667,0,1,2,1,2,2,0.666666667,1,2,2,2,0.875,3,3,3,3,1.5,3,0.916666667,0,0,0,1,0,0,0,0,1,0,1,0,0,0,0,1,3
520,2,2,0,2,2,2,2,2,1,2,1,2,0.833333333,2,2,2,1,1,0,0.666666667,2,0,2,2,0.75,3,1,2,3,3,3,0.833333333,0,1,0,0,0,1,0,0,0,0,1,0,0,0,1,0,0
521,2,0,0,2,0,2,1,2,1,2,1,2,0.625,2,2,2,1,1,2,0.833333333,1,2,2,2,0.875,3,3,3,3,3,3,1,1,0,0,0,0,0,0,1,0,0,1,0,0,0,0,1,3
522,2,2,2,2,2,2,2,2,2,2,2,2,1,0,2,2,1,2,2,0.75,1,2,2,2,0.875,2,3,3,3,3,3,0.944444444,1,0,0,0,0,0,0,0,1,0,1,0,0,0,0,1,3
523,2,0,0,2,0,2,2,2,2,2,2,0,0.666666667,1,1,2,1,2,0,0.583333333,0,0,0,1,0.125,3,3,3,3,3,3,1,1,0,0,0,0,0,0,0,1,0,1,0,0,1,0,0,2
524,2,2,0,2,2,2,2,2,2,2,1,2,0.875,1,2,2,2,1,2,0.833333333,0,0,2,2,0.5,3,2,3,3,1.5,3,0.861111111,0,1,0,0,0,1,0,0,0,0,1,0,0,1,0,0,2
525,2,0,0,2,2,2,1,1,2,2,2,2,0.75,1,2,2,1,1,2,0.75,1,2,0,2,0.625,3,3,3,3,3,3,1,1,0,0,0,0,0,0,1,0,0,1,0,0,0,1,0,3
526,2,2,0,2,2,2,2,2,1,2,0,0,0.708333333,1,1,2,1,1,0,0.5,2,2,2,2,1,1,2,3,3,1.5,3,0.75,1,0,0,0,0,0,1,0,0,0,1,0,0,0,1,0,3
527,0,2,0,2,2,2,1,2,2,2,2,0,0.708333333,1,2,2,1,1,2,0.75,1,2,2,2,0.875,2,3,3,3,3,3,0.944444444,0,1,0,0,0,1,0,0,0,0,1,0,1,0,0,0,3
528,2,2,2,2,0,2,1,2,2,2,2,0,0.791666667,2,2,2,2,1,2,0.916666667,0,2,0,1,0.375,2,3,3,3,3,3,0.944444444,0,1,0,0,0,1,0,0,0,0,1,0,1,0,0,0,0
529,2,2,0,2,2,2,1,1,1,2,1,2,0.75,2,1,2,1,1,2,0.75,2,2,2,2,1,1,3,3,3,3,3,0.888888889,0,1,0,0,0,0,0,0,1,0,1,0,0,0,0,1,0
530,2,2,0,2,2,2,1,2,1,2,2,2,0.833333333,2,1,2,1,1,0,0.583333333,1,2,2,2,0.875,2,1,3,3,1.5,3,0.75,0,1,0,0,0,0,1,0,0,0,1,0,0,0,0,1,0
531,2,0,0,2,0,2,2,2,2,2,1,0,0.625,1,2,2,2,1,2,0.833333333,1,2,0,2,0.625,1,3,3,3,3,3,0.888888889,1,0,0,0,0,1,0,0,0,0,1,0,1,0,0,0,3
532,2,2,0,2,2,2,2,2,2,2,2,2,0.916666667,1,2,2,2,1,0,0.666666667,2,2,2,2,1,2,3,3,3,3,3,0.944444444,0,1,0,0,0,1,0,0,0,0,1,0,1,0,0,0,0
533,2,2,0,2,2,2,2,2,2,2,1,0,0.791666667,1,2,2,1,1,0,0.583333333,0,0,2,2,0.5,2,3,3,3,1.5,3,0.861111111,1,0,0,0,0,1,0,0,0,0,1,0,0,0,1,0,2
534,2,2,2,2,2,2,2,2,2,2,1,2,0.958333333,0,2,2,1,2,2,0.75,0,0,2,2,0.5,1,2,3,3,3,3,0.833333333,1,0,0,0,0,1,0,0,0,0,1,0,0,0,0,1,2
535,2,2,0,2,0,2,1,2,2,2,2,0,0.708333333,2,2,2,2,1,2,0.916666667,1,0,2,2,0.625,2,3,3,3,3,3,0.944444444,0,1,0,0,0,0,0,1,0,0,1,0,0,0,0,1,3
536,2,0,2,2,2,2,0,2,2,2,1,0,0.708333333,2,1,2,1,2,2,0.833333333,1,2,2,2,0.875,1,3,3,3,3,3,0.888888889,1,0,0,0,0,0,0,0,1,0,1,0,0,1,0,0,3
537,2,2,2,2,2,2,2,2,2,2,1,2,0.958333333,0,2,2,1,2,2,0.75,0,0,2,2,0.5,3,3,3,3,3,3,1,1,0,0,0,0,1,0,0,0,0,1,0,1,0,0,0,2
538,2,0,0,2,2,2,1,2,2,2,2,0,0.708333333,1,2,2,1,2,2,0.833333333,1,2,2,2,0.875,2,3,3,3,3,3,0.944444444,1,0,0,0,0,1,0,0,0,0,1,0,0,0,1,0,3
539,2,2,0,2,0,2,1,1,2,0,0,0,0.5,1,2,2,2,1,0,0.666666667,1,2,0,2,0.625,1,1,3,0,0,0,0.277777778,0,1,0,0,0,1,0,0,0,0,1,0,0,1,0,0,1
540,2,2,0,2,0,2,2,2,2,2,1,2,0.791666667,2,2,2,2,2,0,0.833333333,1,2,2,2,0.875,3,3,3,3,3,3,1,1,0,0,0,0,0,1,0,0,0,1,0,1,0,0,0,3
541,2,2,0,2,0,2,1,2,2,2,2,2,0.791666667,1,2,2,2,1,2,0.833333333,1,2,2,2,0.875,2,3,3,3,3,3,0.944444444,1,0,0,0,0,0,1,0,0,0,1,0,0,0,0,1,3
542,2,2,0,2,0,2,1,2,1,2,2,2,0.75,0,2,2,1,1,2,0.666666667,0,0,2,2,0.5,3,3,3,3,1.5,3,0.916666667,0,1,0,0,0,1,0,0,0,0,1,0,1,0,0,0,2
543,2,2,0,2,2,2,1,2,2,2,1,2,0.833333333,1,2,2,1,1,2,0.75,1,2,0,2,0.625,1,2,3,3,3,3,0.833333333,0,1,0,0,0,1,0,0,0,0,1,0,1,0,0,0,0
544,2,0,2,2,2,2,1,2,2,2,2,0,0.791666667,1,2,2,1,2,2,0.833333333,0,0,0,2,0.25,3,3,3,3,3,3,1,1,0,0,0,0,0,0,0,1,0,1,0,0,1,0,0,2
545,2,2,2,2,2,2,2,2,2,2,2,2,1,2,2,2,1,1,2,0.833333333,2,2,2,1,0.875,2,3,3,3,3,3,0.944444444,0,1,0,0,0,1,0,0,0,0,1,0,0,0,1,0,0
546,2,0,0,2,0,2,1,2,2,2,0,2,0.625,1,2,2,1,1,2,0.75,1,1,2,2,0.75,3,3,3,3,3,3,1,0,1,0,0,0,1,0,0,0,0,1,0,1,0,0,0,0
547,2,2,2,2,0,2,1,1,1,2,1,2,0.75,2,1,2,1,1,0,0.583333333,1,2,0,2,0.625,3,2,2,3,1.5,3,0.805555556,1,0,0,0,0,0,0,1,0,0,1,0,0,0,1,0,0
548,0,0,2,2,2,2,2,1,1,2,2,2,0.75,0,2,2,1,2,2,0.75,0,2,2,2,0.75,3,3,3,3,1.5,3,0.916666667,0,1,0,0,0,1,0,0,0,0,1,0,0,1,0,0,2
549,2,2,0,2,2,2,2,2,2,2,1,2,0.875,0,2,2,1,1,2,0.666666667,0,0,2,2,0.5,3,3,3,3,3,3,1,1,0,0,0,0,0,0,1,0,0,1,0,0,1,0,0,2
550,2,2,2,2,2,2,2,2,2,2,1,2,0.958333333,2,2,2,2,1,2,0.916666667,2,2,2,2,1,3,3,3,3,3,3,1,0,1,0,0,0,1,0,0,0,0,1,0,0,1,0,0,0
551,2,2,0,2,0,2,1,2,2,2,1,2,0.75,0,2,2,2,1,2,0.75,0,1,2,2,0.625,2,3,3,3,1.5,3,0.861111111,1,0,0,0,0,0,1,0,0,0,1,0,0,0,0,1,2
552,2,0,0,2,2,2,1,2,2,2,0,2,0.708333333,0,1,2,2,1,0,0.5,1,1,2,2,0.75,2,2,3,3,3,3,0.888888889,1,0,0,0,0,1,0,0,0,0,1,0,0,0,1,0,3
553,2,2,2,2,2,2,2,2,2,2,2,2,1,2,1,2,2,0,2,0.75,2,1,2,2,0.875,1,3,3,3,1.5,3,0.805555556,0,1,0,0,0,0,0,1,0,0,1,0,0,0,0,1,0
554,2,0,0,2,2,2,0,2,2,2,2,0,0.666666667,2,2,2,1,2,2,0.916666667,1,1,2,2,0.75,3,3,3,3,3,3,1,1,0,0,0,0,0,1,0,0,0,1,0,0,0,1,0,3
555,2,2,2,2,2,2,1,2,2,2,2,2,0.958333333,0,1,2,1,1,2,0.583333333,0,2,0,2,0.5,3,3,3,3,3,3,1,0,1,0,0,0,1,0,0,0,0,1,0,1,0,0,0,2
556,2,2,2,2,0,2,1,2,2,2,2,0,0.791666667,2,2,2,2,2,2,1,2,0,2,2,0.75,2,3,3,3,3,3,0.944444444,1,0,0,0,0,0,0,1,0,0,1,0,0,0,1,0,3
557,2,0,0,2,0,2,1,2,2,0,0,0,0.458333333,1,1,2,1,1,0,0.5,1,2,2,1,0.75,3,3,3,0,0,0,0.5,0,1,0,0,0,0,0,0,1,0,1,0,0,0,1,0,1
558,2,2,2,2,0,2,1,2,2,2,1,2,0.833333333,1,2,2,1,1,0,0.583333333,0,1,2,2,0.625,2,3,3,3,1.5,3,0.861111111,0,1,0,0,0,1,0,0,0,0,1,0,1,0,0,0,0
559,2,2,2,2,2,2,1,2,2,2,2,0,0.875,0,2,2,2,1,2,0.75,0,0,2,2,0.5,3,3,3,3,3,3,1,1,0,0,0,0,0,0,0,1,0,1,0,1,0,0,0,2
560,2,2,0,2,0,1,1,1,1,0,0,0,0.416666667,0,2,2,1,1,0,0.5,0,0,2,1,0.375,2,2,3,0,0,0,0.388888889,0,1,0,0,0,0,0,1,0,0,1,0,0,0,1,0,1
561,2,2,0,2,2,2,2,2,2,2,2,0,0.833333333,2,1,2,1,2,0,0.666666667,1,2,2,2,0.875,2,3,3,3,3,3,0.944444444,0,1,0,0,0,1,0,0,0,0,1,0,1,0,0,0,3
562,2,2,0,2,2,2,2,2,2,2,1,2,0.875,2,2,2,2,2,2,1,2,1,2,2,0.875,3,3,3,3,3,3,1,0,1,0,0,0,1,0,0,0,0,1,0,1,0,0,0,0
563,2,2,0,2,2,2,2,2,2,2,0,2,0.833333333,1,2,2,1,1,0,0.583333333,0,0,2,1,0.375,3,3,3,0,0,3,0.666666667,0,0,0,1,0,0,0,0,1,0,1,0,0,0,1,0,2
564,2,2,0,2,0,2,2,2,2,2,1,2,0.791666667,0,2,2,1,1,2,0.666666667,0,0,2,2,0.5,3,3,3,3,3,3,1,0,1,0,0,0,1,0,0,0,0,1,0,0,0,1,0,2
565,2,2,0,2,0,2,2,2,1,2,0,2,0.708333333,2,2,2,1,1,0,0.666666667,2,2,2,2,1,2,3,3,3,1.5,3,0.861111111,0,1,0,0,0,0,1,0,0,0,1,0,0,0,0,1,0
566,2,0,0,2,2,1,1,2,2,2,1,0,0.625,1,2,2,2,1,2,0.833333333,0,0,0,2,0.25,2,3,3,3,3,3,0.944444444,1,0,0,0,0,1,0,0,0,0,1,0,0,1,0,0,2
567,2,2,0,2,2,2,2,1,1,2,2,2,0.833333333,0,2,2,1,1,2,0.666666667,0,1,2,2,0.625,1,2,3,3,1.5,3,0.75,0,1,0,0,0,1,0,0,0,0,1,0,1,0,0,0,2
568,2,2,2,2,2,2,2,2,2,2,2,2,1,2,2,2,1,2,2,0.916666667,2,1,2,2,0.875,2,3,3,3,3,3,0.944444444,1,0,0,0,0,0,0,1,0,0,1,0,0,0,1,0,3
569,0,2,0,2,2,1,1,1,1,2,1,2,0.625,1,2,2,1,2,2,0.833333333,1,2,2,2,0.875,2,2,3,3,0,3,0.722222222,0,1,0,0,0,1,0,0,0,0,1,0,0,1,0,0,0
570,2,0,0,2,0,2,2,2,1,0,0,0,0.458333333,1,2,2,1,1,0,0.583333333,1,2,0,2,0.625,1,3,3,0,0,0,0.388888889,1,0,0,0,0,1,0,0,0,0,1,0,1,0,0,0,1
571,2,0,0,2,2,2,1,2,2,2,2,0,0.708333333,1,2,2,1,2,0,0.666666667,1,2,2,2,0.875,1,3,3,3,3,3,0.888888889,1,0,0,0,0,1,0,0,0,0,1,0,1,0,0,0,3
572,2,2,0,2,2,2,1,2,2,2,0,2,0.791666667,0,2,2,1,2,2,0.75,0,0,2,2,0.5,1,3,3,3,3,3,0.888888889,1,0,0,0,0,1,0,0,0,0,1,0,1,0,0,0,2
573,2,2,0,2,0,2,1,2,1,2,0,2,0.666666667,2,2,2,1,1,2,0.833333333,1,1,0,2,0.5,1,3,3,3,1.5,3,0.805555556,1,0,0,0,0,0,0,1,0,0,1,0,0,0,0,1,0
574,2,2,0,2,2,2,1,2,1,0,0,0,0.583333333,2,2,2,1,1,0,0.666666667,2,2,2,2,1,2,3,3,0,0,0,0.444444444,0,1,0,0,0,1,0,0,0,0,1,0,1,0,0,0,1
575,2,0,0,2,2,2,2,2,2,2,2,2,0.833333333,2,2,2,1,2,2,0.916666667,1,2,2,2,0.875,2,3,3,3,3,3,0.944444444,1,0,0,0,0,0,0,0,1,0,1,0,1,0,0,0,3
576,2,2,2,2,2,2,2,2,2,2,2,2,1,1,2,2,1,1,2,0.75,1,1,2,2,0.75,3,3,3,3,3,3,1,0,1,0,0,0,0,1,0,0,0,1,0,0,0,1,0,3
577,2,2,2,2,2,2,2,2,1,2,1,2,0.916666667,2,2,2,2,2,0,0.833333333,2,1,0,2,0.625,1,2,3,3,3,3,0.833333333,1,0,0,0,0,0,0,1,0,0,1,0,0,0,0,1,3
578,2,2,2,2,0,2,1,2,1,2,2,2,0.833333333,2,1,2,1,1,2,0.75,2,2,2,2,1,3,3,3,3,1.5,3,0.916666667,0,1,0,0,0,0,0,0,1,0,1,0,1,0,0,0,0
579,2,2,0,2,0,2,1,2,2,0,0,0,0.541666667,1,2,2,2,1,0,0.666666667,0,2,2,1,0.625,1,3,3,0,0,0,0.388888889,1,0,0,0,0,1,0,0,0,0,1,0,0,1,0,0,1
580,2,2,0,2,0,1,2,2,1,2,1,2,0.708333333,2,2,2,1,1,2,0.833333333,1,2,2,2,0.875,1,3,3,3,1.5,3,0.805555556,1,0,0,0,0,0,0,1,0,0,1,0,0,0,1,0,3
581,2,2,0,2,0,2,1,2,2,2,1,2,0.75,0,2,2,2,1,2,0.75,0,0,0,2,0.25,1,2,3,3,3,3,0.833333333,1,0,0,0,0,1,0,0,0,0,1,0,1,0,0,0,2
582,2,0,2,2,2,2,1,2,1,2,1,2,0.791666667,0,2,2,2,1,2,0.75,0,1,2,2,0.625,3,3,3,3,3,3,1,1,0,0,0,0,1,0,0,0,0,1,0,0,1,0,0,2
583,2,2,2,2,0,2,1,2,1,2,0,2,0.75,2,2,2,1,1,2,0.833333333,1,2,2,2,0.875,1,3,3,3,3,3,0.888888889,0,1,0,0,0,1,0,0,0,0,1,0,1,0,0,0,0
584,2,2,0,2,0,2,2,2,1,0,0,0,0.541666667,2,1,2,2,1,0,0.666666667,2,2,0,1,0.625,3,2,3,0,0,0,0.444444444,1,0,0,0,0,0,0,1,0,0,1,0,1,0,0,0,1
585,2,2,0,2,2,2,2,2,2,2,1,2,0.875,0,2,2,1,1,2,0.666666667,1,0,2,2,0.625,3,3,3,3,3,3,1,0,1,0,0,0,0,1,0,0,0,1,0,1,0,0,0,2
586,2,2,2,2,0,2,1,1,1,0,0,0,0.541666667,0,2,2,2,1,0,0.583333333,0,0,2,2,0.5,2,2,3,0,0,0,0.388888889,0,1,0,0,0,0,0,1,0,0,1,0,0,0,0,1,1
587,0,2,2,2,2,2,2,1,2,2,1,2,0.833333333,0,2,2,1,1,2,0.666666667,0,0,2,2,0.5,2,2,3,3,3,3,0.888888889,0,1,0,0,0,0,0,1,0,0,1,0,0,0,0,1,2
588,2,2,2,2,2,2,1,2,2,2,2,0,0.875,0,1,2,1,1,2,0.583333333,0,1,2,1,0.5,3,3,3,3,3,3,1,1,0,0,0,0,0,0,1,0,0,1,0,0,0,0,1,2
589,2,2,0,2,2,2,1,2,2,2,2,2,0.875,2,2,2,1,2,2,0.916666667,2,2,2,2,1,1,3,3,3,3,3,0.888888889,1,0,0,0,0,0,0,1,0,0,1,0,0,0,1,0,0
590,2,2,2,2,2,2,2,2,2,2,1,2,0.958333333,2,1,2,2,1,0,0.666666667,2,2,2,2,1,1,2,3,3,3,3,0.833333333,1,0,0,0,0,0,0,1,0,0,1,0,0,0,0,1,0
591,2,0,0,2,2,2,1,1,1,2,2,0,0.625,0,2,2,1,1,2,0.666666667,0,0,2,2,0.5,1,3,3,3,3,3,0.888888889,1,0,0,0,0,0,0,0,1,0,1,0,0,0,1,0,2
592,2,2,0,2,2,2,2,2,2,2,1,2,0.875,2,2,2,1,2,2,0.916666667,2,2,2,2,1,1,3,2,3,3,3,0.833333333,0,1,0,0,0,1,0,0,0,0,1,0,0,1,0,0,0
593,2,2,0,2,0,2,1,2,1,2,0,2,0.666666667,2,2,2,1,1,2,0.833333333,1,2,2,2,0.875,1,1,2,3,1.5,3,0.638888889,0,1,0,0,0,1,0,0,0,0,1,0,0,0,1,0,0
594,2,2,2,2,2,2,2,2,2,2,2,0,0.916666667,2,2,2,2,2,2,1,1,2,2,1,0.75,3,3,3,3,3,3,1,1,0,0,0,0,0,0,0,1,0,1,0,0,0,1,0,3
595,2,2,0,2,0,2,2,2,2,0,0,0,0.583333333,2,2,2,1,2,0,0.75,2,2,0,2,0.75,1,2,3,0,0,0,0.333333333,0,1,0,0,0,0,0,1,0,0,1,0,0,0,0,1,1
596,2,2,0,2,0,2,1,2,2,2,2,0,0.708333333,2,1,2,2,1,0,0.666666667,1,2,2,1,0.75,1,2,3,3,3,3,0.833333333,1,0,0,0,0,0,0,1,0,0,1,0,0,1,0,0,3
597,2,2,2,2,0,2,1,1,2,0,0,0,0.583333333,0,2,2,2,2,0,0.666666667,0,0,2,1,0.375,2,3,3,0,0,0,0.444444444,0,1,0,0,0,0,1,0,0,0,1,0,1,0,0,0,1
598,0,2,0,2,2,2,2,2,2,2,1,2,0.791666667,1,2,2,1,1,2,0.75,2,1,2,2,0.875,2,3,3,3,3,3,0.944444444,1,0,0,0,0,0,1,0,0,0,1,0,0,1,0,0,3
599,2,0,0,2,0,2,2,2,1,2,1,2,0.666666667,0,2,2,2,1,2,0.75,1,2,2,2,0.875,2,3,3,3,1.5,3,0.861111111,1,0,0,0,0,0,0,1,0,0,1,0,0,0,0,1,3
600,2,2,0,2,2,2,2,2,2,2,2,0,0.833333333,1,1,1,2,1,2,0.666666667,0,0,2,2,0.5,2,3,3,3,3,3,0.944444444,1,0,0,0,0,1,0,0,0,0,1,0,1,0,0,0,2
601,2,2,2,2,0,2,1,2,2,2,1,2,0.833333333,2,1,2,2,1,2,0.833333333,2,2,2,2,1,2,3,3,3,1.5,3,0.861111111,0,1,0,0,0,1,0,0,0,0,1,0,0,1,0,0,0
602,2,2,2,2,2,2,2,2,2,2,2,0,0.916666667,0,2,2,1,2,2,0.75,0,0,2,2,0.5,3,3,3,3,3,3,1,0,1,0,0,0,1,0,0,0,0,1,0,0,1,0,0,2
603,2,2,0,2,0,2,2,2,2,2,1,2,0.791666667,1,2,2,1,2,2,0.833333333,1,2,2,2,0.875,3,3,3,3,3,3,1,0,1,0,0,0,1,0,0,0,0,1,0,1,0,0,0,0
604,0,2,0,2,2,2,1,2,2,2,2,0,0.708333333,0,2,2,1,1,2,0.666666667,0,1,2,2,0.625,2,3,3,3,3,3,0.944444444,1,0,0,0,0,1,0,0,0,0,1,0,0,1,0,0,2
605,2,2,2,2,2,2,2,2,2,2,2,2,1,2,2,2,2,2,2,1,1,2,2,2,0.875,3,3,3,3,0,3,0.833333333,0,1,0,0,0,1,0,0,0,0,1,0,0,1,0,0,0
606,0,0,0,2,2,2,2,2,2,2,2,2,0.75,1,2,2,1,2,2,0.833333333,1,2,2,2,0.875,1,3,3,3,3,3,0.888888889,1,0,0,0,0,0,1,0,0,0,1,0,0,0,1,0,3
607,2,2,0,2,2,1,1,2,2,2,1,2,0.791666667,0,2,1,1,1,2,0.583333333,1,2,2,1,0.75,1,3,3,3,3,3,0.888888889,0,1,0,0,0,1,0,0,0,0,1,0,0,0,1,0,0
608,2,2,0,2,2,2,1,2,2,2,1,2,0.833333333,0,2,2,1,1,2,0.666666667,1,2,2,2,0.875,1,3,3,3,3,3,0.888888889,1,0,0,0,0,1,0,0,0,0,1,0,0,1,0,0,0
609,2,2,0,2,2,2,2,2,1,2,1,2,0.833333333,2,2,2,1,1,2,0.833333333,1,2,0,2,0.625,1,3,3,3,3,3,0.888888889,0,1,0,0,0,0,1,0,0,0,1,0,0,1,0,0,0
610,2,2,2,2,2,2,2,2,2,2,2,0,0.916666667,2,2,2,1,2,2,0.916666667,1,2,2,2,0.875,2,3,3,3,3,3,0.944444444,1,0,0,0,0,1,0,0,0,0,1,0,1,0,0,0,3
611,2,2,0,2,2,2,2,2,2,2,2,0,0.833333333,0,2,2,2,1,2,0.75,0,2,2,2,0.75,2,3,3,3,3,3,0.944444444,1,0,0,0,0,1,0,0,0,0,1,0,1,0,0,0,3
612,2,2,0,2,2,2,1,1,2,2,2,2,0.833333333,1,2,2,2,1,2,0.833333333,1,2,2,2,0.875,2,3,3,3,3,3,0.944444444,0,1,0,0,0,1,0,0,0,0,1,0,0,1,0,0,0
613,2,0,0,2,0,2,2,2,2,2,0,2,0.666666667,1,2,2,2,1,0,0.666666667,1,2,2,2,0.875,2,3,3,3,3,3,0.944444444,0,1,0,0,0,0,1,0,0,0,1,0,0,1,0,0,3
614,2,2,0,2,0,2,2,2,1,2,1,2,0.75,1,2,2,1,2,2,0.833333333,0,0,2,1,0.375,3,3,3,3,1.5,3,0.916666667,1,0,0,0,0,0,0,0,1,0,1,0,0,0,0,1,2
615,2,2,0,2,0,2,1,1,1,0,0,0,0.458333333,1,2,2,1,1,0,0.583333333,0,2,2,2,0.75,3,3,3,0,0,0,0.5,1,0,0,0,0,1,0,0,0,0,1,0,0,1,0,0,1
616,2,2,0,2,2,1,1,2,1,0,0,0,0.541666667,0,2,2,1,1,0,0.5,0,1,2,2,0.625,3,3,3,0,0,0,0.5,0,1,0,0,0,1,0,0,0,0,1,0,1,0,0,0,1
617,2,2,0,2,2,2,2,2,2,2,0,2,0.833333333,2,2,2,1,2,2,0.916666667,1,2,2,2,0.875,1,3,3,3,3,3,0.888888889,0,1,0,0,0,1,0,0,0,0,1,0,1,0,0,0,0
618,2,2,2,2,0,2,2,2,2,2,1,2,0.875,1,2,2,2,1,0,0.666666667,1,2,2,2,0.875,2,3,3,3,1.5,3,0.861111111,1,0,0,0,0,1,0,0,0,0,1,0,1,0,0,0,3
619,2,0,0,2,0,2,1,2,2,0,0,0,0.458333333,0,2,1,1,1,0,0.416666667,1,2,0,2,0.625,3,3,3,0,0,0,0.5,1,0,0,0,0,1,0,0,0,0,1,0,0,1,0,0,1
620,0,0,0,2,2,2,2,2,1,2,2,0,0.625,1,2,2,1,2,2,0.833333333,1,2,2,2,0.875,2,3,3,3,3,3,0.944444444,1,0,0,0,0,1,0,0,0,0,1,0,0,0,1,0,3
621,2,2,2,2,2,2,2,2,1,2,2,2,0.958333333,1,2,2,1,1,2,0.75,0,2,2,1,0.625,2,3,3,3,3,3,0.944444444,0,1,0,0,0,1,0,0,0,0,1,0,0,1,0,0,0
622,2,2,0,2,0,2,1,2,2,2,1,2,0.75,0,1,2,2,2,2,0.75,1,2,2,2,0.875,2,3,3,3,3,3,0.944444444,1,0,0,0,0,0,0,0,1,0,1,0,0,0,1,0,3
623,2,2,0,2,2,2,2,2,2,2,1,2,0.875,1,2,2,1,1,2,0.75,1,1,2,2,0.75,1,3,3,3,3,3,0.888888889,0,1,0,0,0,1,0,0,0,0,1,0,1,0,0,0,0
624,2,0,2,2,2,2,1,2,2,2,2,0,0.791666667,0,1,2,1,2,2,0.666666667,0,2,2,2,0.75,3,3,3,3,3,3,1,1,0,0,0,0,0,0,0,0,1,1,0,0,0,1,0,3
625,2,0,0,2,2,2,2,2,2,2,2,0,0.75,2,2,2,1,1,2,0.833333333,2,2,2,2,1,2,3,3,3,3,3,0.944444444,1,0,0,0,0,1,0,0,0,0,1,0,0,0,1,0,3
626,2,0,0,2,2,2,1,2,2,2,0,2,0.708333333,1,2,2,1,1,2,0.75,1,2,2,2,0.875,1,3,3,3,1.5,3,0.805555556,1,0,0,0,0,1,0,0,0,0,1,0,1,0,0,0,0
627,2,2,0,2,2,2,2,2,2,2,1,0,0.791666667,1,2,2,1,2,2,0.833333333,1,1,2,1,0.625,1,3,3,3,3,3,0.888888889,0,1,0,0,0,0,1,0,0,0,1,0,0,0,0,1,3
628,2,2,0,2,0,2,2,2,1,2,2,2,0.791666667,2,2,2,1,1,2,0.833333333,1,2,2,2,0.875,1,3,3,3,1.5,3,0.805555556,0,1,0,0,0,1,0,0,0,0,1,0,0,1,0,0,0
629,2,0,2,2,0,2,1,2,1,2,1,2,0.708333333,0,2,2,2,1,2,0.75,0,0,2,2,0.5,2,3,3,3,3,3,0.944444444,1,0,0,0,0,0,1,0,0,0,1,0,0,0,0,1,2
630,2,2,2,2,2,2,2,1,2,2,1,0,0.833333333,0,2,2,1,1,2,0.666666667,0,1,2,2,0.625,3,3,3,3,3,3,1,1,0,0,0,0,1,0,0,0,0,1,0,0,1,0,0,2
631,2,0,0,2,2,1,1,1,2,2,1,2,0.666666667,2,2,2,2,1,2,0.916666667,2,2,0,2,0.75,1,2,3,3,3,3,0.833333333,1,0,0,0,0,0,1,0,0,0,1,0,0,0,0,1,0
632,2,0,0,2,0,2,1,2,2,0,0,0,0.458333333,2,1,2,2,1,0,0.666666667,1,2,2,2,0.875,3,2,3,0,0,0,0.444444444,1,0,0,0,0,0,1,0,0,0,1,0,0,0,0,1,1
633,2,0,0,2,2,2,2,2,2,2,2,0,0.75,2,1,2,1,1,0,0.583333333,1,2,2,2,0.875,2,3,3,3,3,3,0.944444444,0,1,0,0,0,1,0,0,0,0,1,0,1,0,0,0,3
634,2,2,2,2,0,2,1,2,2,2,2,0,0.791666667,0,2,2,1,2,2,0.75,0,0,2,2,0.5,2,3,3,3,3,3,0.944444444,0,1,0,0,0,1,0,0,0,0,1,0,1,0,0,0,2
635,2,0,2,2,2,2,2,2,1,2,2,0,0.791666667,0,2,2,1,1,2,0.666666667,0,1,0,2,0.375,3,3,3,3,3,3,1,1,0,0,0,0,0,0,0,1,0,1,0,0,0,0,1,2
636,2,0,0,2,0,2,1,2,2,2,1,2,0.666666667,2,2,2,1,2,2,0.916666667,1,2,2,2,0.875,3,3,3,3,3,3,1,0,1,0,0,0,0,0,1,0,0,1,0,1,0,0,0,0
637,0,2,0,2,2,2,1,2,1,0,0,0,0.5,0,2,2,1,2,0,0.583333333,0,1,2,2,0.625,3,3,3,0,0,0,0.5,1,0,0,0,0,0,1,0,0,0,1,0,0,0,1,0,1
638,2,0,2,2,2,2,2,1,1,2,2,2,0.833333333,1,2,1,1,1,0,0.5,1,2,2,2,0.875,1,3,3,3,1.5,3,0.805555556,1,0,0,0,0,1,0,0,0,0,1,0,0,1,0,0,3
639,2,2,0,2,2,2,2,2,2,2,2,0,0.833333333,2,2,2,1,1,0,0.666666667,1,2,2,2,0.875,1,2,3,3,3,3,0.833333333,0,1,0,0,0,1,0,0,0,0,1,0,0,0,1,0,0
640,2,2,0,2,0,2,2,2,2,2,2,0,0.75,1,1,2,2,1,2,0.75,1,2,2,2,0.875,1,3,3,3,3,3,0.888888889,1,0,0,0,0,1,0,0,0,0,1,0,0,1,0,0,3
641,2,2,0,2,2,2,2,2,2,2,1,2,0.875,2,2,2,2,1,2,0.916666667,0,1,2,2,0.625,2,3,3,3,3,3,0.944444444,1,0,0,0,0,0,1,0,0,0,1,0,0,0,0,1,3
642,2,2,0,2,2,2,2,1,2,2,2,2,0.875,1,2,2,1,1,2,0.75,2,2,2,2,1,2,3,3,3,3,3,0.944444444,1,0,0,0,0,1,0,0,0,0,1,0,1,0,0,0,3
643,2,2,2,2,2,2,1,2,2,2,2,2,0.958333333,2,2,2,1,1,2,0.833333333,2,2,2,1,0.875,2,3,3,3,1.5,3,0.861111111,0,1,0,0,0,1,0,0,0,0,1,0,0,1,0,0,0
644,2,0,0,2,2,2,1,2,2,2,2,0,0.708333333,1,1,2,2,2,2,0.833333333,1,2,2,2,0.875,3,3,3,3,3,3,1,1,0,0,0,0,0,0,1,0,0,1,0,0,0,0,1,3
645,2,2,2,2,0,2,1,2,2,0,0,0,0.625,2,2,2,1,1,0,0.666666667,1,1,2,2,0.75,1,3,3,0,0,0,0.388888889,0,0,0,1,0,0,1,0,0,0,1,0,0,0,1,0,1
646,2,2,0,2,0,2,2,2,2,2,1,2,0.791666667,2,2,2,1,1,2,0.833333333,2,2,2,2,1,3,3,3,3,3,3,1,1,0,0,0,0,0,0,1,0,0,1,0,0,0,1,0,3
647,0,0,0,2,2,2,2,1,1,2,1,2,0.625,0,2,2,1,1,0,0.5,0,0,2,2,0.5,1,2,3,3,1.5,3,0.75,1,0,0,0,0,1,0,0,0,0,1,0,0,1,0,0,2
648,2,2,0,2,0,2,0,2,2,2,2,2,0.75,2,2,2,2,1,0,0.75,1,2,0,2,0.625,1,3,3,3,3,3,0.888888889,1,0,0,0,0,1,0,0,0,0,1,0,1,0,0,0,3
649,2,2,0,2,0,2,1,1,1,0,0,0,0.458333333,2,2,1,2,1,0,0.666666667,2,1,0,1,0.5,1,3,3,0,0,0,0.388888889,1,0,0,0,0,0,0,1,0,0,1,0,0,0,1,0,1
650,2,0,2,2,2,2,1,2,2,2,1,0,0.75,2,2,2,2,2,2,1,2,2,2,2,1,2,3,3,3,1.5,3,0.861111111,1,0,0,0,0,0,0,0,1,0,1,0,1,0,0,0,3
651,2,0,0,2,0,1,1,1,1,2,1,2,0.541666667,0,2,2,1,2,2,0.75,0,0,2,2,0.5,3,3,3,3,1.5,3,0.916666667,1,0,0,0,0,0,0,1,0,0,1,0,1,0,0,0,2
652,2,2,0,2,2,2,2,2,2,2,2,2,0.916666667,2,2,2,1,1,2,0.833333333,2,2,2,2,1,2,3,3,3,1.5,3,0.861111111,0,1,0,0,0,1,0,0,0,0,1,0,0,0,1,0,0
653,2,2,0,2,0,2,1,2,2,2,2,0,0.708333333,2,2,2,2,2,2,1,1,2,2,1,0.75,2,3,3,3,3,3,0.944444444,1,0,0,0,0,0,0,0,0,1,1,0,0,0,0,1,3
654,2,0,0,2,0,2,0,2,1,2,1,2,0.583333333,2,2,2,2,1,2,0.916666667,2,2,2,2,1,1,3,3,3,3,3,0.888888889,1,0,0,0,0,1,0,0,0,0,1,0,1,0,0,0,0
655,0,2,0,2,0,2,2,2,1,0,0,0,0.458333333,0,2,2,1,1,0,0.5,0,0,2,2,0.5,2,3,3,0,0,0,0.444444444,0,1,0,0,0,1,0,0,0,0,1,0,1,0,0,0,1
656,0,2,0,2,2,2,1,2,2,2,1,0,0.666666667,2,2,2,1,1,2,0.833333333,2,2,2,1,0.875,2,3,2,3,3,3,0.888888889,1,0,0,0,0,1,0,0,0,0,1,0,0,1,0,0,3
657,2,0,0,2,0,2,1,2,2,2,2,2,0.708333333,0,1,2,1,1,2,0.583333333,0,0,2,2,0.5,3,3,3,3,1.5,3,0.916666667,1,0,0,0,0,0,0,0,1,0,1,0,0,0,0,1,2
658,2,2,0,2,2,2,2,2,2,2,0,2,0.833333333,0,2,2,2,2,2,0.833333333,0,0,2,2,0.5,3,3,3,3,3,3,1,1,0,0,0,0,0,1,0,0,0,1,0,0,1,0,0,2
659,2,2,2,0,0,0,0,0,0,0,0,0,0.25,2,2,2,0,0,0,0.5,0,0,2,1,0.375,1,1,1,0,0,0,0.166666667,1,0,0,0,0,1,0,0,0,0,1,0,0,1,0,0,1
660,0,0,2,2,2,2,2,2,2,2,2,2,0.833333333,2,2,2,1,1,2,0.833333333,0,0,2,2,0.5,3,3,3,3,3,3,1,0,1,0,0,0,1,0,0,0,0,1,0,0,0,1,0,2
661,2,2,0,2,2,2,1,1,2,2,2,0,0.75,2,0,2,2,1,2,0.75,2,2,2,2,1,3,2,3,3,3,3,0.944444444,0,1,0,0,0,1,0,0,0,0,1,0,0,0,1,0,0
662,2,2,2,2,2,2,1,2,2,2,2,2,0.958333333,1,2,2,1,1,0,0.583333333,1,2,0,2,0.625,2,3,3,3,3,3,0.944444444,0,0,0,1,0,1,0,0,0,0,1,0,1,0,0,0,0
663,2,2,2,2,2,2,2,2,2,2,2,2,1,1,2,2,1,2,2,0.833333333,1,2,2,2,0.875,1,2,2,3,3,3,0.777777778,0,1,0,0,0,0,0,0,1,0,1,0,0,0,1,0,3
664,2,2,2,2,2,2,2,2,2,2,1,2,0.958333333,2,1,2,1,1,0,0.583333333,1,2,2,2,0.875,1,3,3,3,3,3,0.888888889,1,0,0,0,0,1,0,0,0,0,1,0,1,0,0,0,3
665,2,0,2,2,2,2,0,1,1,2,2,2,0.75,0,2,2,1,1,2,0.666666667,0,0,2,2,0.5,3,3,3,3,1.5,3,0.916666667,1,0,0,0,0,0,0,0,1,0,1,0,0,0,1,0,2
666,2,2,0,2,2,2,2,2,1,2,1,0,0.75,2,2,2,1,1,0,0.666666667,2,1,2,2,0.875,1,3,3,3,3,3,0.888888889,0,1,0,0,0,1,0,0,0,0,1,0,1,0,0,0,0
668,2,0,2,2,2,2,1,1,2,2,2,2,0.833333333,2,2,2,2,1,2,0.916666667,1,2,2,2,0.875,1,3,3,3,1.5,3,0.805555556,0,1,0,0,0,0,0,0,0,1,1,0,1,0,0,0,0
669,2,2,2,2,0,2,1,2,1,2,1,2,0.791666667,2,2,2,1,1,2,0.833333333,2,2,2,2,1,1,3,3,3,3,3,0.888888889,0,0,1,0,0,1,0,0,0,0,1,0,0,0,1,0,0
670,2,0,0,2,2,2,1,2,1,2,2,2,0.75,2,2,2,2,1,2,0.916666667,2,2,2,1,0.875,2,3,3,3,1.5,3,0.861111111,0,1,0,0,0,1,0,0,0,0,1,0,0,0,0,1,0
671,2,0,0,2,2,2,2,2,1,2,1,0,0.666666667,2,1,2,1,1,2,0.75,1,2,2,2,0.875,1,2,3,0,0,0,0.333333333,1,0,0,0,0,1,0,0,0,0,1,0,0,0,1,0,1
672,0,0,0,2,2,2,2,2,2,0,0,0,0.5,2,2,2,1,2,0,0.75,1,2,2,2,0.875,3,3,2,0,0,0,0.444444444,1,0,0,0,0,1,0,0,0,0,1,0,1,0,0,0,1
673,2,2,2,2,2,2,2,2,1,2,0,2,0.875,1,2,2,2,1,2,0.833333333,1,1,0,2,0.5,1,3,3,3,3,3,0.888888889,1,0,0,0,0,0,1,0,0,0,1,0,0,0,0,1,3
674,2,0,0,2,0,2,1,2,2,2,1,2,0.666666667,0,1,2,2,1,2,0.666666667,0,0,2,2,0.5,1,2,3,3,3,3,0.833333333,1,0,0,0,0,1,0,0,0,0,1,0,0,0,1,0,2
675,2,0,0,2,2,2,2,2,2,2,2,2,0.833333333,2,2,2,1,1,2,0.833333333,1,2,2,2,0.875,2,3,3,3,3,3,0.944444444,1,0,0,0,0,1,0,0,0,0,1,0,0,1,0,0,3
676,2,2,0,2,2,2,1,2,2,2,2,2,0.875,1,2,2,1,1,2,0.75,1,0,0,2,0.375,1,3,3,3,3,3,0.888888889,1,0,0,0,0,0,1,0,0,0,1,0,0,0,0,1,2
677,2,0,0,2,0,2,1,2,1,2,1,0,0.541666667,1,2,2,1,1,2,0.75,2,2,2,2,1,1,2,3,3,1.5,3,0.75,1,0,0,0,0,0,0,1,0,0,1,0,0,0,0,1,3
678,2,2,2,2,0,2,2,2,1,2,1,2,0.833333333,1,2,2,1,2,2,0.833333333,1,2,2,2,0.875,3,2,3,3,1.5,3,0.861111111,0,1,0,0,0,0,1,0,0,0,1,0,1,0,0,0,0
679,0,2,0,2,2,2,2,2,2,2,0,2,0.75,2,2,2,2,1,2,0.916666667,2,0,2,1,0.625,1,3,3,3,1.5,3,0.805555556,0,1,0,0,0,0,1,0,0,0,1,0,0,0,0,1,0
680,2,2,0,2,2,2,2,2,2,2,1,0,0.791666667,1,2,2,1,2,0,0.666666667,0,2,2,2,0.75,2,3,3,3,3,3,0.944444444,1,0,0,0,0,1,0,0,0,0,1,0,0,1,0,0,3
681,2,0,2,2,0,2,2,2,1,2,1,2,0.75,1,2,2,1,1,2,0.75,1,2,2,2,0.875,3,3,3,3,1.5,3,0.916666667,1,0,0,0,0,1,0,0,0,0,1,0,0,1,0,0,0
682,2,2,0,2,0,2,1,2,2,2,1,2,0.75,2,2,2,1,1,2,0.833333333,2,1,2,2,0.875,3,3,3,3,3,3,1,0,1,0,0,0,1,0,0,0,0,1,0,1,0,0,0,0
683,2,2,2,2,2,2,1,1,2,2,1,2,0.875,2,2,2,2,1,2,0.916666667,2,1,2,2,0.875,1,3,3,3,3,3,0.888888889,1,0,0,0,0,1,0,0,0,0,1,0,1,0,0,0,0
684,0,0,2,2,2,2,1,2,2,2,2,0,0.708333333,1,2,1,2,1,2,0.75,0,0,0,1,0.125,2,3,3,3,3,3,0.944444444,1,0,0,0,0,1,0,0,0,0,1,0,0,1,0,0,2
685,2,2,0,2,2,2,1,1,0,2,2,0,0.666666667,2,2,2,2,1,2,0.916666667,1,2,2,2,0.875,2,1,3,3,1.5,3,0.75,1,0,0,0,0,1,0,0,0,0,1,0,0,0,1,0,3
686,0,0,0,2,2,2,2,2,2,2,2,0,0.666666667,1,2,2,1,1,0,0.583333333,2,2,2,2,1,1,3,3,3,3,3,0.888888889,1,0,0,0,0,1,0,0,0,0,1,0,0,0,1,0,3
687,2,0,0,2,0,0,1,0,0,0,0,0,0.208333333,1,1,2,1,2,0,0.583333333,1,0,2,2,0.625,1,1,1,0,0,0,0.166666667,0,1,0,0,0,0,1,0,0,0,1,0,0,1,0,0,1
688,2,0,2,0,0,0,0,0,0,0,0,0,0.166666667,2,2,1,0,0,0,0.416666667,0,1,2,1,0.5,1,1,1,0,0,0,0.166666667,0,1,0,0,0,0,0,0,1,0,1,0,0,0,1,0,1
689,2,2,2,2,2,2,2,2,2,2,2,2,1,1,2,2,2,1,2,0.833333333,2,2,2,2,1,2,3,3,3,3,3,0.944444444,0,1,0,0,0,1,0,0,0,0,1,0,0,0,0,1,0
690,2,2,0,2,2,2,2,1,2,2,2,2,0.875,1,2,2,2,1,0,0.666666667,0,0,2,2,0.5,2,2,3,3,1.5,3,0.805555556,0,1,0,0,0,1,0,0,0,0,1,0,1,0,0,0,2
691,2,0,0,2,2,2,2,1,2,2,1,0,0.666666667,1,1,2,1,2,0,0.583333333,1,2,2,2,0.875,2,3,3,3,1.5,3,0.861111111,0,1,0,0,0,1,0,0,0,0,1,0,0,0,1,0,0
692,2,2,0,2,2,2,2,1,1,2,0,2,0.75,2,2,2,1,2,2,0.916666667,1,2,2,2,0.875,3,3,3,3,1.5,0,0.75,1,0,0,0,0,1,0,0,0,0,1,0,0,1,0,0,3
693,2,2,2,2,2,2,2,2,1,2,1,2,0.916666667,2,2,2,2,1,2,0.916666667,1,0,2,2,0.625,2,3,3,3,3,3,0.944444444,0,1,0,0,0,1,0,0,0,0,1,0,1,0,0,0,0
694,2,0,0,2,2,2,2,2,2,2,2,2,0.833333333,2,2,2,1,1,2,0.833333333,2,2,2,2,1,2,3,3,3,3,3,0.944444444,0,1,0,0,0,1,0,0,0,0,1,0,1,0,0,0,0
695,2,2,0,2,2,2,2,2,2,2,2,2,0.916666667,1,2,2,1,1,2,0.75,2,1,2,2,0.875,1,3,3,3,3,3,0.888888889,0,1,0,0,0,0,1,0,0,0,1,0,0,0,0,1,0
696,2,0,0,2,2,1,1,1,1,2,1,2,0.625,1,2,2,1,1,2,0.75,0,0,0,2,0.25,2,3,3,3,1.5,3,0.861111111,0,1,0,0,0,0,0,1,0,0,1,0,0,0,1,0,2
697,2,2,0,2,2,2,1,2,2,2,2,2,0.875,0,1,2,1,1,2,0.583333333,0,2,2,2,0.75,2,3,3,3,1.5,3,0.861111111,0,0,0,1,0,1,0,0,0,0,1,0,0,1,0,0,0
698,2,0,0,0,0,0,0,0,0,0,0,0,0.083333333,1,1,2,0,0,0,0.333333333,2,2,0,1,0.625,1,1,1,0,0,0,0.166666667,1,0,0,0,0,0,0,1,0,0,1,0,1,0,0,0,1
699,2,0,0,2,0,2,2,2,1,2,0,2,0.625,1,2,2,1,1,2,0.75,0,0,0,2,0.25,2,3,3,3,1.5,3,0.861111111,1,0,0,0,0,0,1,0,0,0,1,0,0,0,1,0,2
700,2,2,2,2,0,2,2,2,2,2,0,2,0.833333333,0,2,2,2,2,2,0.833333333,0,0,2,2,0.5,1,3,3,3,3,3,0.888888889,0,1,0,0,0,0,0,0,1,0,1,0,0,0,0,1,2
701,2,2,0,2,0,2,1,2,2,0,0,0,0.541666667,1,2,2,1,1,0,0.583333333,1,0,2,2,0.625,2,2,3,0,0,0,0.388888889,0,1,0,0,0,1,0,0,0,0,1,0,0,1,0,0,1
702,2,0,2,2,2,2,1,2,2,2,2,0,0.791666667,2,2,2,1,2,2,0.916666667,1,2,0,2,0.625,2,3,3,3,3,3,0.944444444,1,0,0,0,0,0,0,0,1,0,1,0,0,0,0,1,3
703,2,2,0,2,2,2,1,1,2,2,2,0,0.75,2,2,2,2,1,0,0.75,2,2,0,2,0.75,1,2,3,3,3,3,0.833333333,1,0,0,0,0,1,0,0,0,0,1,0,0,0,0,1,0
704,2,2,0,2,2,2,2,2,2,2,1,0,0.791666667,2,2,2,1,1,2,0.833333333,2,2,2,2,1,2,3,3,3,3,3,0.944444444,1,0,0,0,0,1,0,0,0,0,1,0,0,1,0,0,3
705,2,2,0,2,2,2,1,2,2,2,1,0,0.75,2,2,2,1,1,2,0.833333333,1,2,0,2,0.625,3,3,3,3,3,3,1,0,1,0,0,0,0,0,0,1,0,1,0,0,0,0,1,0
706,2,2,0,0,0,0,0,0,0,0,0,0,0.166666667,0,2,2,0,0,0,0.333333333,0,0,2,1,0.375,1,1,1,0,0,0,0.166666667,1,0,0,0,0,0,0,0,1,0,1,0,1,0,0,0,1
707,2,2,0,2,0,1,1,2,2,2,2,2,0.75,0,2,2,1,2,2,0.75,0,2,2,2,0.75,2,3,3,3,3,3,0.944444444,0,1,0,0,0,1,0,0,0,0,1,0,1,0,0,0,0
708,2,0,2,2,2,2,2,2,2,2,2,0,0.833333333,0,2,1,1,2,2,0.666666667,0,2,2,2,0.75,3,3,3,3,3,3,1,1,0,0,0,0,1,0,0,0,0,1,0,1,0,0,0,2
709,2,0,2,2,0,2,1,1,2,0,0,0,0.5,1,2,2,2,1,0,0.666666667,1,1,2,2,0.75,3,3,3,0,0,0,0.5,0,1,0,0,0,0,0,1,0,0,1,0,0,0,0,1,1
710,2,0,0,2,2,2,2,2,2,2,2,2,0.833333333,0,2,2,1,1,2,0.666666667,0,0,0,1,0.125,2,3,3,3,3,3,0.944444444,1,0,0,0,0,1,0,0,0,0,1,0,1,0,0,0,2
711,2,0,0,2,0,2,1,2,2,0,0,0,0.458333333,1,2,2,1,2,0,0.666666667,0,0,0,2,0.25,1,3,3,0,0,0,0.388888889,1,0,0,0,0,0,0,1,0,0,1,0,0,0,1,0,1
712,2,2,0,2,2,2,1,1,2,2,2,0,0.75,0,2,2,1,2,2,0.75,0,0,2,2,0.5,2,3,3,3,3,3,0.944444444,0,1,0,0,0,0,0,0,1,0,1,0,0,0,0,1,2
713,2,0,0,2,0,2,1,0,2,0,0,0,0.375,2,0,0,2,1,0,0.416666667,1,2,2,2,0.875,2,2,2,0,0,0,0.333333333,0,0,0,1,0,0,0,1,0,0,1,0,0,0,0,1,1
714,2,2,2,2,2,2,2,2,2,2,2,0,0.916666667,0,1,2,1,2,0,0.5,1,2,2,2,0.875,3,3,3,3,3,3,1,0,1,0,0,0,0,0,0,1,0,1,0,0,0,1,0,3
715,2,2,2,2,0,2,1,2,2,2,2,0,0.791666667,0,2,2,2,2,2,0.833333333,0,0,2,2,0.5,3,3,3,3,3,3,1,0,1,0,0,0,1,0,0,0,0,1,0,1,0,0,0,2
716,2,0,0,2,0,2,1,2,2,2,1,2,0.666666667,2,2,2,2,2,2,1,2,2,2,2,1,1,3,3,3,3,3,0.888888889,1,0,0,0,0,0,0,0,1,0,1,0,0,0,0,1,0
717,2,2,0,2,2,2,2,2,2,2,2,2,0.916666667,2,2,2,1,1,0,0.666666667,2,0,2,2,0.75,3,3,3,3,1.5,3,0.916666667,0,1,0,0,0,1,0,0,0,0,1,0,0,0,1,0,0
718,2,0,0,2,0,2,2,2,1,2,2,2,0.708333333,2,1,2,2,1,2,0.833333333,1,1,2,2,0.75,2,2,3,3,3,3,0.888888889,0,1,0,0,0,0,0,0,1,0,1,1,0,0,0,0,3
719,2,2,0,2,2,2,1,2,2,2,2,0,0.791666667,2,2,2,2,1,2,0.916666667,1,1,2,2,0.75,3,3,3,3,1.5,3,0.916666667,0,1,0,0,0,0,0,1,0,0,1,0,0,0,0,1,3
720,2,0,2,2,0,2,0,2,1,0,0,0,0.458333333,1,2,2,2,1,0,0.666666667,1,2,0,2,0.625,3,2,3,0,0,0,0.444444444,1,0,0,0,0,1,0,0,0,0,1,0,0,1,0,0,1
721,2,2,0,2,0,1,1,2,1,2,1,2,0.666666667,2,2,2,2,2,2,1,1,2,2,2,0.875,1,3,3,3,3,3,0.888888889,0,1,0,0,0,0,0,1,0,0,1,0,0,0,1,0,0
722,2,2,0,2,2,2,2,2,1,2,1,2,0.833333333,2,2,2,1,0,0,0.583333333,2,1,2,2,0.875,3,2,1,3,1.5,3,0.75,0,1,0,0,0,1,0,0,0,0,1,0,0,0,0,1,0
723,2,2,2,2,2,2,2,2,2,2,1,2,0.958333333,0,2,2,1,1,2,0.666666667,0,0,2,2,0.5,3,3,3,3,3,3,1,1,0,0,0,0,1,0,0,0,0,1,0,1,0,0,0,2
724,2,2,2,2,0,1,1,1,1,2,0,2,0.666666667,0,1,1,1,1,2,0.5,0,0,2,1,0.375,2,2,3,3,1.5,3,0.805555556,1,0,0,0,0,0,0,1,0,0,1,0,0,1,0,0,2
725,2,2,2,2,2,2,2,2,2,2,2,0,0.916666667,0,2,2,1,2,2,0.75,1,2,2,2,0.875,2,3,3,3,3,3,0.944444444,1,0,0,0,0,1,0,0,0,0,1,0,0,1,0,0,3
726,2,2,0,2,2,2,1,2,2,2,2,2,0.875,2,1,2,1,1,2,0.75,1,2,2,2,0.875,1,3,3,3,3,3,0.888888889,0,1,0,0,0,0,0,0,1,0,1,0,0,0,0,1,0
727,2,0,2,2,2,2,2,2,2,2,2,0,0.833333333,0,2,2,2,2,2,0.833333333,0,0,2,2,0.5,3,3,3,3,3,3,1,1,0,0,0,0,0,0,1,0,0,1,0,0,0,0,1,2
728,2,0,2,2,2,2,1,2,2,2,2,2,0.875,2,2,1,1,1,0,0.583333333,2,2,2,2,1,1,3,3,3,3,3,0.888888889,0,1,0,0,0,1,0,0,0,0,1,0,1,0,0,0,0
729,2,2,2,2,2,2,2,2,2,2,1,2,0.958333333,2,2,2,2,1,2,0.916666667,1,2,2,2,0.875,1,2,2,3,3,3,0.777777778,1,0,0,0,0,0,1,0,0,0,1,0,0,0,0,1,3
730,2,2,0,2,2,1,2,2,2,2,1,2,0.833333333,1,2,2,2,1,2,0.833333333,1,2,2,2,0.875,1,2,3,3,3,3,0.833333333,0,1,0,0,0,1,0,0,0,0,1,0,0,1,0,0,0
731,2,2,0,2,0,2,2,2,2,2,1,0,0.708333333,1,2,2,2,1,2,0.833333333,0,2,2,2,0.75,1,3,3,3,3,3,0.888888889,0,1,0,0,0,1,0,0,0,0,1,0,1,0,0,0,0
732,2,0,2,2,2,2,1,2,2,0,0,0,0.625,0,2,2,1,2,0,0.583333333,0,0,2,2,0.5,3,3,3,0,0,0,0.5,1,0,0,0,0,0,0,1,0,0,1,0,0,0,0,1,1
733,2,2,0,2,0,2,1,2,2,0,0,0,0.541666667,0,2,2,1,0,0,0.416666667,0,0,2,1,0.375,1,1,1,0,0,0,0.166666667,0,1,0,0,0,0,1,0,0,0,1,0,1,0,0,0,1
734,2,2,2,2,0,2,1,2,1,0,0,0,0.583333333,0,1,2,1,1,0,0.416666667,0,0,0,2,0.25,2,3,3,0,0,0,0.444444444,0,1,0,0,0,1,0,0,0,0,1,0,1,0,0,0,1
735,2,2,0,2,2,2,2,2,2,2,2,0,0.833333333,2,2,2,2,2,2,1,1,2,2,2,0.875,2,3,3,3,3,3,0.944444444,1,0,0,0,0,1,0,0,0,0,1,0,0,1,0,0,3
736,2,0,0,2,2,2,2,2,2,2,2,0,0.75,1,2,2,2,1,2,0.833333333,2,2,2,1,0.875,1,3,3,3,3,3,0.888888889,1,0,0,0,0,1,0,0,0,0,1,0,1,0,0,0,3
737,2,0,0,2,2,2,1,2,1,2,0,0,0.583333333,2,2,2,1,1,2,0.833333333,2,2,2,2,1,1,2,3,3,1.5,3,0.75,0,1,0,0,0,0,0,0,1,0,1,0,1,0,0,0,0
738,2,2,0,2,0,2,2,2,2,2,2,2,0.833333333,1,2,2,1,2,2,0.833333333,0,0,2,2,0.5,2,3,3,3,3,3,0.944444444,1,0,0,0,0,1,0,0,0,0,1,0,1,0,0,0,2
739,2,2,2,0,0,0,0,0,0,0,0,0,0.25,2,2,1,0,0,0,0.416666667,0,0,2,1,0.375,3,1,1,0,0,0,0.277777778,1,0,0,0,0,1,0,0,0,0,1,0,1,0,0,0,1
740,2,0,2,2,2,2,2,2,2,2,2,0,0.833333333,2,2,2,1,2,2,0.916666667,2,2,2,2,1,3,3,3,3,3,3,1,1,0,0,0,0,0,0,1,0,0,1,0,0,0,0,1,3
741,2,2,2,2,2,2,2,1,1,2,1,2,0.875,1,2,2,1,2,2,0.833333333,1,2,2,2,0.875,2,3,3,3,3,3,0.944444444,1,0,0,0,0,1,0,0,0,0,1,0,1,0,0,0,3
742,2,2,0,2,2,2,1,2,2,2,1,0,0.75,0,2,1,1,2,0,0.5,0,0,2,2,0.5,2,3,3,3,3,3,0.944444444,0,1,0,0,0,1,0,0,0,0,1,0,0,0,1,0,2
743,2,2,0,2,0,2,2,2,2,0,0,0,0.583333333,1,2,2,2,1,0,0.666666667,1,0,2,2,0.625,2,3,1,0,0,0,0.333333333,0,1,0,0,0,1,0,0,0,0,1,0,0,1,0,0,1
744,2,0,0,2,2,2,2,2,2,2,1,0,0.708333333,2,2,2,1,1,0,0.666666667,2,2,2,2,1,2,3,3,3,3,3,0.944444444,0,1,0,0,0,1,0,0,0,0,1,0,0,1,0,0,0
745,2,2,0,2,2,1,1,1,2,0,0,0,0.541666667,0,1,2,2,1,0,0.5,0,0,2,2,0.5,3,3,3,0,0,0,0.5,1,0,0,0,0,1,0,0,0,0,1,0,1,0,0,0,1
746,2,2,0,2,2,2,2,2,1,2,1,2,0.833333333,1,1,2,1,1,2,0.666666667,0,2,2,2,0.75,1,2,3,0,0,0,0.333333333,1,0,0,0,0,1,0,0,0,0,1,0,0,1,0,0,1
747,2,0,0,2,0,1,1,2,1,0,0,0,0.375,0,1,2,2,1,0,0.5,0,0,0,2,0.25,1,3,2,0,0,0,0.333333333,0,1,0,0,0,0,0,0,1,0,1,0,0,0,1,0,1
748,2,2,0,2,2,2,2,2,2,2,2,0,0.833333333,1,2,2,1,1,2,0.75,1,2,2,2,0.875,1,2,2,3,3,3,0.777777778,0,1,0,0,0,1,0,0,0,0,1,0,1,0,0,0,0
749,2,2,0,2,2,2,2,2,2,2,2,0,0.833333333,2,2,2,2,1,2,0.916666667,2,2,2,1,0.875,3,3,3,3,3,3,1,1,0,0,0,0,0,0,0,0,1,1,0,0,0,0,1,3
750,2,0,2,2,2,2,2,2,1,2,1,0,0.75,1,1,2,2,1,2,0.75,0,0,0,2,0.25,3,3,3,3,1.5,3,0.916666667,1,0,0,0,0,1,0,0,0,0,1,0,1,0,0,0,2
751,2,0,0,2,2,2,2,2,2,2,1,0,0.708333333,2,2,2,1,2,2,0.916666667,2,2,0,2,0.75,1,3,3,3,3,3,0.888888889,1,0,0,0,0,1,0,0,0,0,1,0,0,0,1,0,3
752,2,2,2,0,0,0,0,0,0,0,0,0,0.25,2,2,2,0,0,0,0.5,2,2,2,1,0.875,1,1,1,0,0,0,0.166666667,0,1,0,0,0,0,0,0,1,0,1,0,0,1,0,0,1
753,0,2,0,2,2,2,2,2,2,2,2,0,0.75,0,2,2,2,2,0,0.666666667,0,1,2,2,0.625,3,3,3,3,3,3,1,0,1,0,0,0,0,1,0,0,0,1,0,0,0,1,0,2
754,2,0,0,2,0,2,0,2,2,2,2,2,0.666666667,2,2,2,2,2,2,1,0,0,2,2,0.5,3,3,3,3,3,3,1,1,0,0,0,0,0,1,0,0,0,1,0,0,1,0,0,2
755,2,2,0,2,2,1,1,2,2,2,2,0,0.75,2,1,2,1,1,2,0.75,1,2,2,2,0.875,1,3,3,3,1.5,3,0.805555556,0,1,0,0,0,1,0,0,0,0,1,0,0,1,0,0,0
756,2,0,2,0,0,0,0,0,0,0,0,0,0.166666667,0,2,2,0,0,0,0.333333333,0,2,2,1,0.625,2,1,1,0,0,0,0.222222222,0,1,0,0,0,1,0,0,0,0,1,0,1,0,0,0,1
757,2,2,0,2,0,2,0,2,2,0,0,0,0.5,2,2,2,1,1,0,0.666666667,2,1,2,2,0.875,3,3,3,0,0,0,0.5,1,0,0,0,0,0,0,0,1,0,1,0,0,0,0,1,1
758,2,2,0,2,0,2,2,2,1,2,0,2,0.708333333,2,1,2,1,1,0,0.583333333,2,2,0,2,0.75,1,2,3,0,0,3,0.5,1,0,0,0,0,0,0,0,1,0,1,0,0,0,0,1,1
759,2,2,2,2,2,2,2,2,2,2,2,2,1,0,2,2,2,1,2,0.75,0,2,2,2,0.75,2,3,3,3,3,3,0.944444444,0,0,0,1,0,0,0,0,1,0,1,0,0,0,0,1,2
760,2,0,0,2,2,2,2,2,2,2,2,2,0.833333333,2,2,2,2,1,0,0.75,1,2,0,2,0.625,2,3,3,3,3,3,0.944444444,1,0,0,0,0,1,0,0,0,0,1,0,1,0,0,0,3
761,2,0,0,2,2,2,1,2,2,2,1,2,0.75,0,2,2,1,2,2,0.75,0,0,0,2,0.25,2,3,2,3,3,3,0.888888889,1,0,0,0,0,0,1,0,0,0,1,0,0,0,1,0,2
762,2,2,0,2,0,2,1,1,1,2,2,2,0.708333333,1,1,2,1,1,2,0.666666667,2,2,2,2,1,2,3,3,3,1.5,3,0.861111111,0,1,0,0,0,0,0,1,0,0,1,0,0,1,0,0,0
763,2,0,0,2,2,2,1,2,1,2,2,0,0.666666667,2,2,1,1,1,2,0.75,1,2,2,2,0.875,1,2,1,3,3,3,0.722222222,0,1,0,0,0,1,0,0,0,0,1,0,0,1,0,0,0
764,2,0,2,2,0,2,2,2,1,2,1,2,0.75,0,2,2,1,1,0,0.5,0,2,0,2,0.5,2,2,3,3,3,3,0.888888889,1,0,0,0,0,1,0,0,0,0,1,0,0,0,1,0,2
765,2,2,0,2,2,2,2,2,2,2,1,2,0.875,2,2,2,1,2,2,0.916666667,2,0,2,2,0.75,1,3,3,3,3,3,0.888888889,0,1,0,0,0,1,0,0,0,0,1,0,0,1,0,0,0
766,2,2,2,2,2,2,2,2,1,2,2,0,0.875,0,2,2,1,1,2,0.666666667,1,2,2,2,0.875,3,3,3,3,1.5,3,0.916666667,1,0,0,0,0,0,0,0,1,0,1,0,0,0,0,1,3
767,2,0,2,2,2,2,2,2,1,2,2,0,0.791666667,2,2,2,2,1,2,0.916666667,2,2,2,2,1,2,2,2,3,1.5,3,0.75,0,1,0,0,0,1,0,0,0,0,1,0,1,0,0,0,3
768,2,2,2,2,2,2,2,2,2,2,2,2,1,1,2,2,2,1,2,0.833333333,2,1,0,2,0.625,3,3,3,3,3,3,1,1,0,0,0,0,1,0,0,0,0,1,0,0,0,1,0,2
769,2,0,0,2,2,2,1,1,1,2,1,0,0.583333333,0,2,2,1,2,0,0.583333333,0,0,2,2,0.5,3,2,2,3,3,3,0.888888889,1,0,0,0,0,0,1,0,0,0,1,0,1,0,0,0,2
770,2,0,2,2,0,2,1,1,1,2,2,0,0.625,2,2,2,1,1,2,0.833333333,2,0,0,2,0.5,1,3,3,3,1.5,3,0.805555556,0,1,0,0,0,0,0,0,1,0,1,0,0,0,0,1,0
771,0,2,2,2,0,1,1,1,1,0,0,0,0.416666667,2,2,2,1,1,0,0.666666667,2,1,2,2,0.875,2,3,3,0,0,0,0.444444444,1,0,0,0,0,1,0,0,0,0,1,0,0,1,0,0,1
772,2,2,2,2,2,2,2,2,2,2,2,0,0.916666667,1,2,2,1,1,2,0.75,2,0,2,1,0.625,3,3,3,3,3,3,1,1,0,0,0,0,1,0,0,0,0,1,0,0,0,0,1,2
773,2,0,0,2,0,2,2,1,2,2,0,2,0.625,1,1,2,2,1,2,0.75,2,2,2,2,1,1,2,3,3,3,3,0.833333333,1,0,0,0,0,1,0,0,0,0,1,0,0,1,0,0,0
774,2,0,0,2,2,2,2,2,2,2,2,0,0.75,2,1,2,2,2,2,0.916666667,1,0,0,1,0.25,1,3,3,3,3,3,0.888888889,0,1,0,0,0,1,0,0,0,0,1,0,0,1,0,0,2
775,2,2,0,2,2,2,1,2,2,2,2,0,0.791666667,1,2,2,1,1,2,0.75,0,0,2,2,0.5,3,3,3,3,3,3,1,0,1,0,0,0,1,0,0,0,0,1,0,1,0,0,0,2
776,2,0,0,2,2,1,2,2,1,2,2,2,0.75,2,2,2,1,2,2,0.916666667,1,1,2,2,0.75,2,3,3,3,3,3,0.944444444,0,0,1,0,0,0,0,1,0,0,1,0,0,1,0,0,3
777,2,2,2,2,0,1,1,2,2,0,0,0,0.583333333,0,2,2,2,1,0,0.583333333,0,0,2,2,0.5,3,3,3,0,0,0,0.5,0,1,0,0,0,0,0,1,0,0,1,0,0,0,1,0,1
778,2,2,2,2,0,2,2,2,2,0,0,0,0.666666667,0,2,2,2,1,0,0.583333333,0,0,2,2,0.5,2,3,3,0,0,0,0.444444444,1,0,0,0,0,1,0,0,0,0,1,0,1,0,0,0,1
779,2,0,2,2,0,1,1,0,1,2,0,2,0.541666667,1,2,2,2,1,2,0.833333333,0,1,2,2,0.625,1,2,3,3,1.5,3,0.75,1,0,0,0,0,0,1,0,0,0,1,0,0,0,0,1,2
780,2,0,0,2,0,2,0,2,1,2,1,0,0.5,1,1,2,2,1,2,0.75,0,0,2,1,0.375,1,2,2,3,1.5,3,0.694444444,1,0,0,0,0,0,0,1,0,0,1,1,0,0,0,0,2
781,2,2,2,2,0,2,1,2,2,2,1,2,0.833333333,2,2,2,1,2,2,0.916666667,2,2,0,2,0.75,3,3,3,3,3,3,1,0,1,0,0,0,1,0,0,0,0,1,0,0,1,0,0,0
782,2,0,2,2,2,2,2,1,2,2,2,0,0.791666667,2,2,2,1,1,2,0.833333333,1,2,2,2,0.875,3,3,3,3,3,3,1,1,0,0,0,0,1,0,0,0,0,1,0,1,0,0,0,3
783,2,0,0,2,2,2,1,2,2,2,2,2,0.791666667,2,2,2,1,2,2,0.916666667,2,2,2,2,1,1,3,3,3,3,3,0.888888889,0,1,0,0,0,0,1,0,0,0,1,0,0,0,0,1,0
784,2,0,2,2,2,2,2,1,1,2,1,0,0.708333333,2,2,2,2,1,2,0.916666667,0,0,2,2,0.5,3,2,3,3,3,3,0.944444444,1,0,0,0,0,1,0,0,0,0,1,0,1,0,0,0,2
785,2,0,0,2,0,2,2,2,1,2,1,0,0.583333333,2,2,2,2,1,2,0.916666667,1,1,2,1,0.625,2,3,3,3,1.5,3,0.861111111,1,0,0,0,0,0,0,1,0,0,1,0,0,0,0,1,3
786,2,0,0,2,0,1,1,2,1,2,1,2,0.583333333,2,2,1,1,1,2,0.75,2,2,2,2,1,3,3,3,3,1.5,3,0.916666667,0,0,0,1,0,0,0,0,1,0,1,0,0,0,0,1,0
787,2,2,2,2,0,2,1,2,1,2,1,2,0.791666667,2,2,2,1,2,2,0.916666667,1,2,2,2,0.875,2,3,3,3,1.5,3,0.861111111,0,0,1,0,0,1,0,0,0,0,1,0,0,0,1,0,0
788,2,2,0,2,2,2,2,2,1,2,2,0,0.791666667,0,2,2,2,1,2,0.75,1,2,2,2,0.875,2,3,3,3,1.5,3,0.861111111,0,1,0,0,0,1,0,0,0,0,1,0,1,0,0,0,3
789,2,2,0,2,2,2,1,2,1,2,2,0,0.75,2,1,2,1,1,2,0.75,1,2,2,1,0.75,1,3,3,3,1.5,3,0.805555556,0,1,0,0,0,0,0,0,0,1,1,0,0,0,0,1,0
790,2,2,0,0,0,0,0,0,0,0,0,0,0.166666667,1,1,2,0,0,0,0.333333333,0,0,2,1,0.375,1,1,1,0,0,0,0.166666667,0,1,0,0,0,0,0,1,0,0,1,0,0,0,0,1,1
791,2,0,0,2,2,2,2,2,2,2,2,2,0.833333333,2,1,2,2,1,0,0.666666667,1,2,2,2,0.875,1,3,3,3,3,3,0.888888889,0,1,0,0,0,1,0,0,0,0,1,0,1,0,0,0,0
792,2,2,2,2,2,2,2,2,2,2,2,0,0.916666667,2,2,2,1,2,2,0.916666667,2,1,0,2,0.625,3,3,3,3,3,3,1,0,1,0,0,0,0,0,0,1,0,1,0,1,0,0,0,3
793,2,0,0,2,2,2,2,2,2,2,2,0,0.75,1,2,2,2,1,2,0.833333333,2,0,2,1,0.625,2,3,3,3,3,3,0.944444444,1,0,0,0,0,1,0,0,0,0,1,0,0,1,0,0,2
794,2,2,0,2,0,2,2,2,2,2,1,2,0.791666667,1,2,2,1,1,2,0.75,2,2,2,2,1,3,2,3,3,3,3,0.944444444,1,0,0,0,0,1,0,0,0,0,1,0,0,1,0,0,0
795,2,0,2,2,2,2,2,2,2,2,2,0,0.833333333,1,2,2,1,1,2,0.75,1,1,0,2,0.5,2,3,3,3,3,3,0.944444444,1,0,0,0,0,1,0,0,0,0,1,0,0,1,0,0,3
796,0,2,0,2,0,2,2,2,2,2,1,2,0.708333333,0,1,2,2,1,2,0.666666667,0,2,0,2,0.5,3,2,2,3,3,3,0.888888889,0,0,1,0,0,1,0,0,0,0,1,0,0,1,0,0,2
797,2,0,0,2,2,2,2,2,2,2,2,0,0.75,0,2,2,1,1,2,0.666666667,0,2,2,2,0.75,3,3,3,3,3,3,1,0,1,0,0,0,1,0,0,0,0,1,0,1,0,0,0,2
798,2,2,0,2,2,2,1,2,2,2,1,2,0.833333333,0,2,2,1,2,2,0.75,0,0,2,2,0.5,2,3,3,3,3,3,0.944444444,1,0,0,0,0,1,0,0,0,0,1,0,1,0,0,0,2
799,2,0,0,2,2,1,1,1,1,2,2,0,0.583333333,0,1,2,2,1,0,0.5,1,1,2,2,0.75,3,3,3,3,3,3,1,0,1,0,0,0,0,1,0,0,0,1,0,0,0,0,1,3
800,2,0,0,2,0,2,1,1,1,0,0,0,0.375,0,1,1,2,2,0,0.5,0,0,0,2,0.25,3,3,3,0,0,0,0.5,1,0,0,0,0,1,0,0,0,0,1,0,1,0,0,0,1
801,2,0,0,2,2,2,1,1,1,2,1,2,0.666666667,1,2,2,1,1,2,0.75,0,1,2,2,0.625,2,3,3,3,1.5,3,0.861111111,0,1,0,0,0,1,0,0,0,0,1,0,0,1,0,0,0
802,2,2,2,2,0,2,1,2,1,2,1,2,0.791666667,0,2,2,1,1,2,0.666666667,0,1,2,2,0.625,1,3,2,3,3,3,0.833333333,0,1,0,0,0,1,0,0,0,0,1,0,0,1,0,0,0
803,0,0,0,2,2,2,1,1,1,2,2,0,0.541666667,2,2,2,1,1,2,0.833333333,2,2,0,2,0.75,1,2,3,3,3,3,0.833333333,1,0,0,0,0,1,0,0,0,0,1,0,1,0,0,0,3
804,2,2,0,2,2,2,2,2,1,2,1,2,0.833333333,0,2,2,1,1,0,0.5,0,1,2,2,0.625,3,3,3,3,3,3,1,1,0,0,0,0,0,1,0,0,0,1,0,0,0,0,1,2
805,2,0,2,2,2,1,1,2,2,2,2,0,0.75,0,1,2,1,2,2,0.666666667,1,2,2,2,0.875,3,3,3,3,3,3,1,1,0,0,0,0,0,0,0,1,0,1,0,0,0,0,1,3
806,2,2,0,2,2,2,1,2,2,2,1,2,0.833333333,2,2,2,2,1,2,0.916666667,1,2,0,2,0.625,3,3,3,3,3,3,1,1,0,0,0,0,1,0,0,0,0,1,0,0,1,0,0,3
807,2,2,0,2,2,2,2,2,2,2,1,2,0.875,2,2,2,1,2,2,0.916666667,2,2,2,2,1,3,3,3,3,3,3,1,0,1,0,0,0,1,0,0,0,0,1,0,1,0,0,0,0
808,2,2,0,2,0,2,1,2,2,2,2,2,0.791666667,1,2,2,1,1,2,0.75,1,0,0,2,0.375,1,3,3,3,3,3,0.888888889,1,0,0,0,0,1,0,0,0,0,1,0,1,0,0,0,2
809,2,0,0,2,2,2,1,2,2,2,0,2,0.708333333,1,1,2,2,1,0,0.583333333,1,2,2,2,0.875,1,3,3,3,1.5,3,0.805555556,1,0,0,0,0,1,0,0,0,0,1,0,1,0,0,0,0
810,2,2,0,2,0,2,2,2,2,2,1,2,0.791666667,2,2,2,1,1,2,0.833333333,2,1,2,2,0.875,1,3,3,3,3,3,0.888888889,0,1,0,0,0,0,0,1,0,0,1,0,0,0,1,0,0
811,2,2,0,2,2,2,1,2,1,2,0,2,0.75,0,2,2,2,2,2,0.833333333,0,1,2,2,0.625,1,3,3,3,3,3,0.888888889,1,0,0,0,0,0,0,1,0,0,1,0,0,0,0,1,2
812,2,0,2,2,2,2,2,2,2,2,1,0,0.791666667,1,1,2,1,1,2,0.666666667,1,0,0,2,0.375,1,3,3,3,3,3,0.888888889,1,0,0,0,0,1,0,0,0,0,1,0,1,0,0,0,2
813,2,0,0,2,0,2,2,2,2,2,1,2,0.708333333,0,2,2,1,1,0,0.5,0,1,0,2,0.375,2,3,3,3,3,3,0.944444444,0,1,0,0,0,1,0,0,0,0,1,0,1,0,0,0,2
814,2,0,0,2,2,2,1,1,2,2,2,2,0.75,1,2,2,1,1,2,0.75,1,2,2,2,0.875,3,3,3,3,3,3,1,0,1,0,0,0,0,0,0,1,0,1,0,0,0,1,0,3
815,2,2,0,2,0,2,1,2,2,2,2,0,0.708333333,0,2,2,1,1,2,0.666666667,0,0,2,2,0.5,2,3,3,3,3,3,0.944444444,0,1,0,0,0,0,0,1,0,0,1,0,0,0,1,0,2
816,2,2,0,2,0,2,1,2,1,2,2,2,0.75,2,1,2,1,1,0,0.583333333,2,0,2,2,0.75,1,3,3,3,1.5,3,0.805555556,1,0,0,0,0,0,0,0,1,0,1,0,0,0,0,1,3
817,2,0,0,2,2,1,2,2,2,0,0,0,0.541666667,0,2,2,1,1,0,0.5,1,1,0,2,0.5,1,2,3,0,0,0,0.333333333,1,0,0,0,0,1,0,0,0,0,1,0,1,0,0,0,1
818,2,0,0,2,2,2,1,2,1,2,1,2,0.708333333,2,2,2,1,1,2,0.833333333,2,2,2,2,1,1,3,3,3,1.5,3,0.805555556,1,0,0,0,0,0,0,1,0,0,1,0,0,0,1,0,0
819,2,2,0,2,2,2,2,2,2,2,2,2,0.916666667,2,2,2,2,1,2,0.916666667,2,2,0,1,0.625,1,3,3,3,1.5,3,0.805555556,0,1,0,0,0,0,1,0,0,0,1,0,0,0,1,0,0
820,2,0,0,0,0,0,0,0,0,0,0,0,0.083333333,1,1,2,0,0,0,0.333333333,0,0,2,1,0.375,2,1,1,0,0,0,0.222222222,1,0,0,0,0,0,0,0,1,0,1,0,0,0,1,0,1
821,2,2,0,2,2,2,1,2,2,2,2,0,0.791666667,1,2,2,2,2,0,0.75,1,2,2,2,0.875,1,2,3,3,3,3,0.833333333,1,0,0,0,0,1,0,0,0,0,1,0,0,0,1,0,3
822,2,2,0,2,2,2,1,2,2,2,1,0,0.75,2,1,2,2,1,2,0.833333333,2,1,0,1,0.5,1,2,3,3,1.5,3,0.75,1,0,0,0,0,0,0,1,0,0,1,0,0,0,0,1,3
823,2,2,0,2,2,2,1,2,1,2,1,2,0.791666667,2,2,2,1,1,0,0.666666667,1,2,2,2,0.875,2,2,2,3,1.5,3,0.75,0,1,0,0,0,0,0,1,0,0,1,0,1,0,0,0,0
824,2,2,0,2,2,2,1,2,2,2,2,2,0.875,1,1,2,2,1,2,0.75,0,2,0,2,0.5,3,3,3,3,3,3,1,0,1,0,0,0,0,0,1,0,0,1,0,0,0,1,0,0
825,2,0,0,2,2,2,1,2,2,2,2,0,0.708333333,1,2,2,1,1,2,0.75,1,1,2,2,0.75,3,3,3,3,3,3,1,1,0,0,0,0,0,0,1,0,0,1,0,0,0,1,0,3
826,2,0,0,2,2,1,1,1,2,2,2,0,0.625,2,2,2,1,1,2,0.833333333,1,2,2,2,0.875,1,3,3,3,3,3,0.888888889,0,1,0,0,0,1,0,0,0,0,1,0,0,0,1,0,0
827,2,2,2,2,2,2,2,2,2,2,1,2,0.958333333,1,2,2,2,2,2,0.916666667,0,2,2,2,0.75,3,3,3,3,3,3,1,1,0,0,0,0,0,0,0,1,0,1,0,0,0,0,1,3
828,2,2,0,2,0,2,1,2,1,2,2,0,0.666666667,0,1,2,1,1,2,0.583333333,0,0,2,2,0.5,2,3,3,3,1.5,3,0.861111111,0,1,0,0,0,0,0,0,1,0,1,0,0,0,1,0,2
829,2,0,0,2,2,2,2,2,2,2,2,0,0.75,0,2,2,2,1,2,0.75,1,2,2,2,0.875,3,3,3,3,3,3,1,1,0,0,0,0,0,0,0,1,0,1,0,0,0,0,1,3
830,2,2,2,2,0,2,2,2,1,2,2,0,0.791666667,1,1,2,1,1,2,0.666666667,0,2,2,2,0.75,2,3,3,3,3,3,0.944444444,1,0,0,0,0,0,1,0,0,0,1,0,1,0,0,0,3
831,2,2,0,2,0,2,2,2,1,2,1,2,0.75,1,2,2,1,1,2,0.75,0,2,2,2,0.75,2,3,3,3,1.5,3,0.861111111,1,0,0,0,0,0,0,1,0,0,1,0,0,0,1,0,3
832,2,2,0,2,0,2,1,2,1,2,1,2,0.708333333,2,2,2,1,1,2,0.833333333,2,2,2,1,0.875,1,2,3,3,1.5,3,0.75,0,1,0,0,0,0,0,0,1,0,1,0,0,0,0,1,0
833,2,2,2,2,2,2,1,1,2,2,2,2,0.916666667,0,2,1,2,2,2,0.75,0,0,0,2,0.25,3,3,3,3,3,3,1,0,1,0,0,0,0,0,1,0,0,1,0,0,0,0,1,2
834,2,2,2,2,0,2,2,2,2,2,2,0,0.833333333,2,1,2,1,1,2,0.75,1,1,2,2,0.75,3,3,3,3,3,3,1,0,1,0,0,0,0,0,1,0,0,1,0,0,0,0,1,3
835,2,0,2,2,2,2,1,2,2,2,2,0,0.791666667,1,2,2,1,2,2,0.833333333,0,2,2,2,0.75,3,3,3,3,3,3,1,0,1,0,0,0,0,0,0,1,0,1,0,0,0,0,1,3
836,2,2,0,2,2,2,2,2,2,2,2,2,0.916666667,0,2,2,1,1,0,0.5,0,0,2,0,0.25,2,3,3,3,3,3,0.944444444,0,1,0,0,0,0,0,1,0,0,1,0,0,0,1,0,2
837,2,2,0,2,0,2,1,1,1,0,0,0,0.458333333,2,2,2,2,1,0,0.75,1,1,0,2,0.5,3,2,3,0,0,0,0.444444444,1,0,0,0,0,0,0,1,0,0,1,0,0,1,0,0,1
838,2,2,0,2,2,2,2,2,2,2,1,2,0.875,2,2,2,1,1,2,0.833333333,1,1,2,0,0.5,2,3,3,3,3,3,0.944444444,0,1,0,0,0,0,0,1,0,0,1,0,0,1,0,0,0
839,2,2,0,2,0,2,1,2,1,0,0,0,0.5,2,2,2,1,1,0,0.666666667,1,1,2,2,0.75,1,3,3,0,0,0,0.388888889,1,0,0,0,0,0,0,0,1,0,1,0,0,0,0,1,1
840,2,2,0,2,0,2,2,2,1,2,1,2,0.75,1,2,2,2,1,2,0.833333333,2,2,2,2,1,3,3,3,3,3,3,1,0,0,1,0,0,1,0,0,0,0,1,0,0,0,1,0,0
841,2,2,0,2,0,2,1,2,1,2,1,2,0.708333333,2,2,2,2,1,2,0.916666667,0,0,2,2,0.5,2,3,3,3,3,3,0.944444444,1,0,0,0,0,1,0,0,0,0,1,0,1,0,0,0,2
842,0,2,0,2,2,2,2,2,2,2,2,0,0.75,1,2,2,2,1,0,0.666666667,1,2,2,2,0.875,3,3,3,3,3,3,1,1,0,0,0,0,1,0,0,0,0,1,0,0,1,0,0,3
843,2,2,0,2,2,2,1,2,2,2,2,0,0.791666667,2,2,2,2,1,2,0.916666667,1,2,2,2,0.875,1,3,3,3,3,3,0.888888889,1,0,0,0,0,0,0,1,0,0,1,0,1,0,0,0,3
844,2,2,2,2,2,2,2,2,2,2,0,2,0.916666667,0,2,2,2,1,0,0.583333333,0,0,0,2,0.25,2,2,2,3,3,3,0.833333333,0,1,0,0,0,1,0,0,0,0,1,0,0,0,1,0,2
845,2,2,0,2,2,2,2,2,2,2,2,2,0.916666667,2,1,2,1,1,2,0.75,1,2,2,2,0.875,2,3,3,3,3,3,0.944444444,1,0,0,0,0,0,0,0,1,0,1,0,1,0,0,0,3
846,2,2,0,2,0,2,1,2,2,2,1,0,0.666666667,1,2,2,1,1,2,0.75,0,0,2,2,0.5,2,3,3,3,3,3,0.944444444,1,0,0,0,0,1,0,0,0,0,1,0,1,0,0,0,2
847,2,2,2,2,2,2,1,2,2,2,2,0,0.875,2,2,2,1,1,2,0.833333333,1,0,2,2,0.625,3,3,3,3,3,3,1,0,1,0,0,0,0,0,1,0,0,1,0,0,0,1,0,3
848,2,0,0,2,2,2,1,2,2,2,2,2,0.791666667,2,0,2,1,2,2,0.75,1,1,2,2,0.75,3,3,3,3,3,3,1,0,1,0,0,0,0,0,0,1,0,1,0,1,0,0,0,0
849,2,0,2,2,2,2,2,2,2,2,2,2,0.916666667,2,2,2,1,2,2,0.916666667,1,1,2,2,0.75,3,3,3,3,3,3,1,0,1,0,0,0,1,0,0,0,0,1,0,0,1,0,0,0
850,2,2,0,2,0,2,2,2,1,0,0,0,0.541666667,1,2,2,1,2,0,0.666666667,1,2,0,2,0.625,3,3,3,0,0,0,0.5,1,0,0,0,0,0,0,0,1,0,1,0,1,0,0,0,1
851,2,0,0,2,0,2,2,2,2,2,2,2,0.75,0,1,2,1,1,2,0.583333333,0,0,2,2,0.5,3,3,3,3,3,3,1,0,0,0,1,0,0,0,0,1,0,1,0,0,0,1,0,2
852,2,0,0,0,0,0,0,0,0,0,0,0,0.083333333,0,2,2,0,0,0,0.333333333,0,0,2,0,0.25,3,1,1,0,0,0,0.277777778,0,1,0,0,0,0,0,1,0,0,1,0,1,0,0,0,1
853,2,0,0,2,0,2,1,2,1,2,2,0,0.583333333,2,1,2,1,1,2,0.75,2,0,2,2,0.75,3,3,3,3,1.5,3,0.916666667,1,0,0,0,0,0,0,0,1,0,1,0,1,0,0,0,3
854,2,2,2,2,2,2,2,2,2,2,2,2,1,2,2,2,1,2,2,0.916666667,0,1,2,2,0.625,3,3,3,3,3,3,1,0,1,0,0,0,1,0,0,0,0,1,0,0,0,1,0,2
855,2,2,2,2,2,2,1,2,1,2,1,0,0.791666667,2,1,1,1,2,2,0.75,2,2,0,0,0.5,1,2,3,3,3,3,0.833333333,0,1,0,0,0,1,0,0,0,0,1,0,0,1,0,0,0
856,2,0,0,2,2,2,2,2,2,2,1,2,0.791666667,2,1,2,1,1,2,0.75,2,2,2,2,1,3,3,3,3,3,3,1,0,1,0,0,0,1,0,0,0,0,1,0,0,1,0,0,0
857,2,2,2,2,2,2,1,1,2,2,1,0,0.791666667,1,1,2,2,1,2,0.75,0,1,0,2,0.375,1,3,3,3,3,3,0.888888889,0,1,0,0,0,0,0,1,0,0,1,0,0,0,0,1,0
858,2,0,2,2,2,2,2,2,1,2,2,0,0.791666667,0,2,2,1,1,2,0.666666667,0,0,0,2,0.25,3,3,3,3,3,3,1,1,0,0,0,0,0,0,1,0,0,1,0,0,1,0,0,2
859,2,0,0,2,2,2,1,2,2,2,2,2,0.791666667,2,2,2,2,2,2,1,2,2,2,2,1,1,3,3,3,3,3,0.888888889,1,0,0,0,0,0,0,1,0,0,1,0,0,0,1,0,0
860,2,0,0,2,2,1,2,2,2,2,1,0,0.666666667,0,2,2,1,1,2,0.666666667,1,2,2,2,0.875,1,3,3,3,3,3,0.888888889,0,1,0,0,0,1,0,0,0,0,1,0,0,1,0,0,0
861,2,0,0,2,0,2,1,2,2,2,2,0,0.625,0,2,2,1,1,2,0.666666667,1,2,2,2,0.875,3,3,3,3,1.5,3,0.916666667,1,0,0,0,0,0,0,1,0,0,1,0,0,1,0,0,3
862,2,2,0,2,2,2,2,2,2,2,2,2,0.916666667,1,2,1,2,1,2,0.75,1,2,2,2,0.875,2,3,3,3,1.5,3,0.861111111,0,1,0,0,0,1,0,0,0,0,1,0,1,0,0,0,0
863,2,2,2,2,0,2,2,2,1,2,0,2,0.791666667,0,1,2,1,1,0,0.416666667,0,0,2,2,0.5,3,3,3,3,3,3,1,0,1,0,0,0,1,0,0,0,0,1,0,0,1,0,0,2
864,2,2,0,2,2,2,1,2,2,2,2,0,0.791666667,2,1,2,1,1,2,0.75,1,0,2,2,0.625,1,2,3,3,3,3,0.833333333,0,1,0,0,0,1,0,0,0,0,1,0,0,0,1,0,0
865,2,2,0,2,2,2,2,2,2,2,2,2,0.916666667,1,1,2,2,1,2,0.75,1,2,2,2,0.875,1,3,3,3,1.5,3,0.805555556,1,0,0,0,0,0,0,1,0,0,1,0,0,0,0,1,3
866,2,2,0,2,2,1,1,1,2,2,1,2,0.75,0,1,2,1,1,2,0.583333333,0,0,2,2,0.5,1,3,3,3,1.5,3,0.805555556,0,1,0,0,0,0,0,0,1,0,1,0,0,0,1,0,2
867,2,2,0,2,2,2,0,2,1,2,2,0,0.708333333,1,2,2,1,2,2,0.833333333,0,0,2,2,0.5,2,3,3,3,3,3,0.944444444,1,0,0,0,0,0,0,1,0,0,1,0,0,0,1,0,2
868,2,2,0,0,0,0,0,0,0,0,0,0,0.166666667,2,2,2,0,0,0,0.5,2,2,2,0,0.75,1,1,1,0,0,0,0.166666667,1,0,0,0,0,0,0,0,1,0,1,0,1,0,0,0,1
869,2,2,0,2,0,2,2,2,2,2,2,2,0.833333333,0,2,2,1,2,2,0.75,0,0,2,0,0.25,3,3,3,3,3,3,1,1,0,0,0,0,0,0,1,0,0,1,0,0,0,1,0,2
870,2,2,0,2,0,1,1,2,2,2,2,2,0.75,0,2,2,1,2,2,0.75,0,0,2,2,0.5,2,3,3,3,3,3,0.944444444,1,0,0,0,0,0,0,0,1,0,1,0,0,0,0,1,2
872,2,2,2,2,2,2,1,2,1,2,2,0,0.833333333,1,2,2,1,2,0,0.666666667,0,0,2,0,0.25,3,3,3,3,3,3,1,1,0,0,0,0,1,0,0,0,0,1,0,1,0,0,0,2
873,2,2,2,2,2,2,1,1,0,2,2,2,0.833333333,2,2,2,1,1,0,0.666666667,2,2,2,0,0.75,1,1,1,3,1.5,3,0.583333333,0,1,0,0,0,1,0,0,0,0,1,0,0,1,0,0,0
874,2,2,2,2,2,2,2,2,2,2,2,0,0.916666667,2,2,2,1,1,2,0.833333333,2,2,2,2,1,3,3,3,3,3,3,1,1,0,0,0,0,1,0,0,0,0,1,0,1,0,0,0,3
875,2,0,2,2,2,2,1,1,1,2,0,2,0.708333333,1,2,2,1,2,0,0.666666667,2,1,0,2,0.625,1,1,1,3,0,3,0.5,0,1,0,0,0,0,0,1,0,0,1,0,0,0,0,1,0
876,2,2,2,2,0,2,2,2,2,2,1,2,0.875,0,2,2,1,1,0,0.5,0,0,2,2,0.5,2,3,3,3,3,3,0.944444444,0,1,0,0,0,0,0,0,1,0,1,0,0,0,1,0,2
877,2,2,2,2,0,2,1,1,2,2,2,0,0.75,0,2,1,2,2,2,0.75,0,1,2,2,0.625,3,3,3,3,3,3,1,0,1,0,0,0,0,0,0,1,0,1,0,1,0,0,0,2
878,2,2,0,0,0,0,0,0,0,0,0,0,0.166666667,2,2,2,0,0,0,0.5,0,0,2,0,0.25,3,1,1,0,0,0,0.277777778,1,0,0,0,0,1,0,0,0,0,1,0,1,0,0,0,1
879,2,2,0,2,0,2,2,2,2,2,1,2,0.791666667,1,2,2,1,1,2,0.75,0,0,2,2,0.5,2,3,3,3,3,3,0.944444444,1,0,0,0,0,1,0,0,0,0,1,0,0,1,0,0,2
880,2,0,0,2,0,2,2,2,2,0,0,0,0.5,2,2,2,1,1,0,0.666666667,1,2,2,0,0.625,2,3,3,0,0,0,0.444444444,1,0,0,0,0,0,1,0,0,0,1,0,0,0,0,1,1
881,2,2,0,2,2,2,2,2,2,2,2,2,0.916666667,0,2,2,1,2,0,0.583333333,0,2,2,2,0.75,3,3,3,3,3,3,1,0,1,0,0,0,1,0,0,0,0,1,0,0,0,1,0,2
882,2,2,2,2,2,2,2,2,2,2,2,2,1,1,2,2,1,2,2,0.833333333,0,1,2,2,0.625,2,3,3,3,3,3,0.944444444,0,0,1,0,0,0,0,0,0,1,1,0,1,0,0,0,2
883,2,2,2,2,2,2,2,2,2,2,2,0,0.916666667,2,2,2,2,2,2,1,0,0,2,2,0.5,3,3,3,3,3,3,1,1,0,0,0,0,0,0,1,0,0,1,0,0,0,0,1,2
884,2,0,0,0,0,0,0,0,0,0,0,0,0.083333333,0,1,2,0,0,0,0.25,0,0,2,0,0.25,1,1,1,0,0,0,0.166666667,0,1,0,0,0,0,0,1,0,0,1,0,0,0,1,0,1
885,2,0,2,2,0,2,2,2,2,2,1,2,0.791666667,2,2,2,1,1,0,0.666666667,1,2,2,2,0.875,1,3,3,3,3,3,0.888888889,0,1,0,0,0,0,0,1,0,0,1,0,1,0,0,0,0
886,2,0,0,2,2,2,2,1,1,2,2,2,0.75,1,2,2,1,1,2,0.75,1,2,2,2,0.875,1,1,3,3,1.5,3,0.694444444,1,0,0,0,0,0,0,1,0,0,1,0,0,0,1,0,3
887,2,0,2,2,2,2,2,2,2,2,2,0,0.833333333,1,1,2,1,2,2,0.75,0,0,2,2,0.5,2,3,3,3,3,3,0.944444444,1,0,0,0,0,0,0,1,0,0,1,0,0,0,1,0,2
888,2,2,2,2,0,2,1,2,2,0,0,0,0.625,1,2,2,1,1,0,0.583333333,1,2,2,2,0.875,3,3,3,0,0,0,0.5,0,1,0,0,0,0,0,0,1,0,1,0,0,0,0,1,1
889,0,2,0,2,0,2,1,2,1,2,2,0,0.583333333,1,2,2,1,1,2,0.75,2,2,2,2,1,1,2,3,3,1.5,3,0.75,1,0,0,0,0,1,0,0,0,0,1,0,1,0,0,0,3
890,2,2,2,2,2,2,2,2,2,2,2,0,0.916666667,0,1,2,1,1,2,0.583333333,0,0,2,2,0.5,3,3,3,3,3,3,1,1,0,0,0,0,0,0,1,0,0,1,0,0,0,0,1,2
891,2,2,2,2,2,2,1,2,2,2,2,2,0.958333333,1,2,2,1,2,2,0.833333333,0,0,2,2,0.5,3,3,3,3,3,3,1,1,0,0,0,0,0,0,1,0,0,1,0,0,0,1,0,2
892,2,2,0,2,0,2,2,2,2,2,1,2,0.791666667,1,1,2,1,1,2,0.666666667,1,2,2,2,0.875,1,2,3,3,3,3,0.833333333,0,1,0,0,0,1,0,0,0,0,1,0,1,0,0,0,0
893,2,2,0,2,0,2,2,2,2,2,2,0,0.75,1,2,2,2,1,2,0.833333333,0,2,2,2,0.75,3,3,3,3,3,3,1,1,0,0,0,0,0,1,0,0,0,1,0,0,1,0,0,3
894,2,2,0,2,0,2,1,2,1,0,0,0,0.5,0,1,2,1,1,0,0.416666667,1,2,2,2,0.875,3,3,3,0,0,0,0.5,1,0,0,0,0,0,0,0,1,0,1,0,0,0,1,0,1
895,2,2,2,2,2,2,2,2,2,2,1,2,0.958333333,0,1,2,2,1,2,0.666666667,0,0,2,0,0.25,3,2,3,3,3,3,0.944444444,1,0,0,0,0,0,1,0,0,0,1,0,0,0,1,0,2
896,2,0,0,2,2,2,1,1,2,2,0,2,0.666666667,2,2,2,2,2,2,1,2,2,2,2,1,1,1,2,3,3,3,0.722222222,0,1,0,0,0,0,0,1,0,0,1,0,0,0,0,1,0
897,2,0,0,2,0,1,2,2,2,2,0,2,0.625,0,2,2,1,1,0,0.5,0,0,2,2,0.5,2,3,3,3,3,3,0.944444444,1,0,0,0,0,1,0,0,0,0,1,0,1,0,0,0,2
898,2,2,2,2,2,2,2,2,1,2,2,2,0.958333333,2,1,2,2,0,0,0.583333333,1,2,2,0,0.625,2,3,3,3,1.5,3,0.861111111,1,0,0,0,0,1,0,0,0,0,1,0,1,0,0,0,3
899,2,0,0,2,2,2,1,2,1,2,1,2,0.708333333,0,2,2,2,2,0,0.666666667,0,0,2,0,0.25,1,3,3,3,3,3,0.888888889,0,1,0,0,0,0,0,1,0,0,1,0,0,0,1,0,2
900,2,2,0,2,2,2,2,2,2,2,1,2,0.875,2,2,2,1,2,2,0.916666667,1,2,2,2,0.875,1,3,3,3,3,3,0.888888889,1,0,0,0,0,0,1,0,0,0,1,0,0,1,0,0,3
901,2,2,0,2,0,2,1,2,2,2,2,0,0.708333333,2,2,2,1,1,0,0.666666667,1,1,2,2,0.75,3,3,3,3,3,3,1,1,0,0,0,0,0,0,1,0,0,1,0,0,0,1,0,3
902,2,2,2,2,2,2,2,2,2,2,2,0,0.916666667,1,0,1,1,1,2,0.5,2,2,2,2,1,2,3,3,3,3,3,0.944444444,1,0,0,0,0,1,0,0,0,0,1,0,1,0,0,0,3
903,2,2,0,2,0,2,2,2,2,2,2,0,0.75,2,2,2,1,2,2,0.916666667,2,1,2,2,0.875,3,3,3,3,3,3,1,1,0,0,0,0,0,1,0,0,0,1,0,0,1,0,0,3
904,2,2,2,2,0,2,1,2,2,2,1,2,0.833333333,0,2,2,1,1,2,0.666666667,0,1,2,2,0.625,2,3,3,3,3,3,0.944444444,1,0,0,0,0,1,0,0,0,0,1,0,1,0,0,0,2
905,2,0,0,2,2,1,2,2,2,2,1,2,0.75,2,2,1,1,1,0,0.583333333,1,2,2,2,0.875,2,3,3,3,3,3,0.944444444,0,1,0,0,0,0,0,0,1,0,1,0,0,0,1,0,0
906,2,2,0,2,2,2,1,2,2,2,2,0,0.791666667,2,1,2,1,1,2,0.75,2,1,2,2,0.875,2,3,3,3,3,3,0.944444444,1,0,0,0,0,0,0,1,0,0,1,0,0,0,1,0,3
907,2,2,2,2,2,2,2,2,2,2,2,2,1,2,1,2,1,2,0,0.666666667,1,2,2,2,0.875,1,2,3,3,3,3,0.833333333,0,1,0,0,0,1,0,0,0,0,1,0,1,0,0,0,0
908,2,2,0,2,2,2,2,2,2,2,1,2,0.875,1,2,2,1,1,0,0.583333333,2,0,2,2,0.75,2,3,3,3,3,3,0.944444444,0,1,0,0,0,1,0,0,0,0,1,0,1,0,0,0,0
909,2,0,0,2,2,2,1,2,2,2,1,2,0.75,2,2,2,1,1,2,0.833333333,2,2,2,2,1,1,3,3,3,3,3,0.888888889,0,1,0,0,0,1,0,0,0,0,1,0,1,0,0,0,0
910,2,2,0,2,2,2,2,2,2,2,2,2,0.916666667,2,2,2,2,1,2,0.916666667,1,1,2,2,0.75,2,3,3,3,3,3,0.944444444,1,0,0,0,0,1,0,0,0,0,1,0,0,1,0,0,3
911,2,0,2,2,2,2,2,2,2,2,2,2,0.916666667,1,2,2,1,2,2,0.833333333,1,2,2,2,0.875,3,3,3,3,3,3,1,1,0,0,0,0,0,0,1,0,0,1,0,0,0,0,1,3
912,2,2,2,2,0,2,2,2,1,0,0,0,0.625,0,2,2,1,1,0,0.5,0,1,2,2,0.625,3,3,3,0,0,0,0.5,0,1,0,0,0,0,0,1,0,0,1,0,0,0,0,1,1
913,2,2,2,2,0,2,2,2,2,2,1,2,0.875,2,2,2,1,1,2,0.833333333,1,2,2,2,0.875,3,3,3,3,3,3,1,0,1,0,0,0,1,0,0,0,0,1,0,1,0,0,0,0
914,2,0,0,2,0,2,1,2,2,2,2,2,0.708333333,2,2,2,1,1,2,0.833333333,1,2,2,2,0.875,2,3,3,3,3,3,0.944444444,1,0,0,0,0,1,0,0,0,0,1,0,0,1,0,0,3
915,2,0,0,2,2,2,1,1,1,2,0,2,0.625,1,2,2,1,1,0,0.583333333,0,1,2,2,0.625,2,3,2,3,1.5,3,0.805555556,0,0,0,1,0,0,0,0,1,0,1,0,0,0,0,1,2
916,2,2,2,2,2,2,2,2,2,2,1,2,0.958333333,2,1,2,2,2,0,0.75,2,2,2,2,1,1,2,3,3,1.5,3,0.75,1,0,0,0,0,0,1,0,0,0,1,0,0,0,1,0,0
917,2,0,0,2,2,2,2,2,2,2,2,0,0.75,2,2,2,2,1,2,0.916666667,2,0,2,2,0.75,3,3,3,3,3,3,1,1,0,0,0,0,0,0,0,1,0,1,0,1,0,0,0,3
918,2,2,0,2,0,2,2,2,2,0,0,0,0.583333333,1,1,2,1,2,0,0.583333333,1,2,0,2,0.625,2,3,3,0,0,0,0.444444444,1,0,0,0,0,0,0,1,0,0,1,0,0,0,1,0,1
919,2,2,0,2,2,2,1,2,2,2,2,0,0.791666667,2,2,2,1,1,2,0.833333333,1,2,2,2,0.875,3,3,3,3,3,3,1,1,0,0,0,0,0,0,0,1,0,1,0,0,0,1,0,3
920,2,0,0,2,2,2,1,2,1,2,2,0,0.666666667,1,2,2,1,1,2,0.75,2,0,2,2,0.75,3,3,3,3,3,3,1,1,0,0,0,0,1,0,0,0,0,1,0,0,1,0,0,2
921,2,0,0,2,0,2,1,2,2,2,1,2,0.666666667,0,2,1,1,1,2,0.583333333,0,0,2,2,0.5,2,3,3,3,1.5,3,0.861111111,1,0,0,0,0,0,0,1,0,0,1,0,0,0,0,1,2
922,2,0,0,2,2,2,2,2,1,0,0,0,0.541666667,0,2,2,2,1,0,0.583333333,0,0,2,2,0.5,3,3,3,0,0,0,0.5,1,0,0,0,0,0,0,0,1,0,1,0,0,0,1,0,1
923,2,2,0,2,2,2,1,1,2,2,1,2,0.791666667,0,2,2,1,1,2,0.666666667,1,2,2,0,0.625,1,3,3,3,3,3,0.888888889,0,1,0,0,0,1,0,0,0,0,1,0,0,1,0,0,0
924,2,2,0,2,0,2,1,1,2,0,0,0,0.5,1,2,2,1,1,0,0.583333333,1,2,2,2,0.875,1,2,3,0,0,0,0.333333333,0,1,0,0,0,0,0,0,1,0,1,0,0,0,1,0,1
925,2,0,0,2,0,2,1,2,2,0,0,0,0.458333333,0,2,2,2,2,0,0.666666667,1,2,2,2,0.875,3,3,3,0,0,0,0.5,0,1,0,0,0,0,0,0,1,0,1,0,1,0,0,0,1
926,2,2,2,2,2,2,2,2,2,2,2,0,0.916666667,2,2,2,1,2,2,0.916666667,2,2,2,2,1,3,3,3,3,3,3,1,0,1,0,0,0,0,0,1,0,0,1,0,0,0,0,1,3
927,2,2,2,2,0,2,1,2,2,0,0,0,0.625,2,2,2,1,1,0,0.666666667,2,0,2,2,0.75,3,3,3,0,0,0,0.5,0,1,0,0,0,1,0,0,0,0,1,0,0,1,0,0,1
928,2,2,0,2,2,2,2,2,2,2,1,2,0.875,0,2,2,2,1,2,0.75,0,0,2,2,0.5,3,3,3,3,3,3,1,1,0,0,0,0,0,0,0,1,0,1,0,0,0,0,1,2
929,2,2,2,2,2,2,2,2,2,2,2,2,1,2,2,2,1,1,2,0.833333333,1,1,2,2,0.75,1,3,3,3,3,3,0.888888889,0,1,0,0,0,1,0,0,0,0,1,0,1,0,0,0,0
930,2,2,0,2,0,2,2,2,2,2,1,2,0.791666667,1,2,2,1,1,0,0.583333333,0,0,0,0,0,2,3,3,3,1.5,3,0.861111111,1,0,0,0,0,0,0,1,0,0,1,0,0,0,1,0,2
931,2,2,2,2,0,2,1,2,2,0,0,0,0.625,1,2,2,2,1,0,0.666666667,1,2,2,2,0.875,2,3,3,0,0,0,0.444444444,0,1,0,0,0,0,0,0,1,0,1,0,0,0,1,0,1
932,2,0,2,2,2,2,2,2,2,2,1,0,0.791666667,2,2,2,2,1,2,0.916666667,1,2,2,2,0.875,3,3,3,3,3,3,1,1,0,0,0,0,1,0,0,0,0,1,0,0,1,0,0,3
933,2,2,0,2,2,2,2,2,2,2,2,2,0.916666667,2,2,2,1,2,2,0.916666667,1,2,2,2,0.875,1,3,3,3,3,3,0.888888889,1,0,0,0,0,1,0,0,0,0,1,0,0,1,0,0,3
934,2,2,0,2,0,2,1,2,1,2,1,2,0.708333333,0,2,1,1,1,2,0.583333333,0,0,2,0,0.25,3,3,3,3,1.5,3,0.916666667,0,1,0,0,0,0,0,0,1,0,1,0,0,0,1,0,2
935,2,0,2,2,2,2,2,2,1,2,1,0,0.75,1,1,2,2,1,2,0.75,1,1,2,2,0.75,1,2,3,3,3,3,0.833333333,1,0,0,0,0,1,0,0,0,0,1,0,1,0,0,0,3
936,2,0,0,2,2,2,2,2,2,2,1,2,0.791666667,0,1,2,1,2,2,0.666666667,0,1,2,2,0.625,3,3,3,3,3,3,1,1,0,0,0,0,1,0,0,0,0,1,0,1,0,0,0,2
937,2,0,2,2,2,2,2,2,2,2,2,2,0.916666667,1,1,2,1,2,2,0.75,1,2,0,2,0.625,3,3,3,3,3,3,1,1,0,0,0,0,0,0,1,0,0,1,0,0,1,0,0,3
938,2,2,0,2,2,2,2,2,2,2,2,0,0.833333333,1,2,2,1,2,2,0.833333333,1,2,2,2,0.875,3,3,3,3,3,3,1,0,1,0,0,0,1,0,0,0,0,1,0,1,0,0,0,3
939,2,2,0,2,0,2,2,2,2,2,1,2,0.791666667,2,1,2,1,2,2,0.833333333,1,2,2,2,0.875,3,3,3,3,3,3,1,1,0,0,0,0,0,1,0,0,0,1,0,0,0,0,1,3
940,2,2,0,2,2,2,2,2,1,2,1,2,0.833333333,2,2,2,2,1,2,0.916666667,1,2,2,2,0.875,1,3,3,3,3,3,0.888888889,0,1,0,0,0,0,1,0,0,0,1,0,0,0,0,1,0
941,2,2,0,2,2,2,2,2,1,2,2,0,0.791666667,0,2,2,1,1,2,0.666666667,1,2,2,2,0.875,3,3,3,3,3,3,1,1,0,0,0,0,1,0,0,0,0,1,0,1,0,0,0,3
942,2,0,0,2,2,2,2,2,2,2,0,2,0.75,1,2,2,1,1,2,0.75,1,2,2,2,0.875,1,3,3,3,3,3,0.888888889,1,0,0,0,0,1,0,0,0,0,1,0,1,0,0,0,0
943,2,2,2,2,0,2,1,2,2,2,1,2,0.833333333,2,1,2,1,2,2,0.833333333,1,2,2,2,0.875,2,3,3,3,3,3,0.944444444,1,0,0,0,0,0,0,1,0,0,1,0,0,1,0,0,3
944,2,2,0,2,2,2,1,2,2,2,1,2,0.833333333,1,2,2,1,1,2,0.75,1,1,2,2,0.75,3,3,3,3,3,3,1,0,1,0,0,0,1,0,0,0,0,1,0,0,1,0,0,0
945,2,0,0,2,2,2,1,2,2,2,1,2,0.75,2,2,2,2,2,0,0.833333333,2,2,0,2,0.75,1,3,3,3,3,3,0.888888889,0,1,0,0,0,1,0,0,0,0,1,0,1,0,0,0,0
946,2,0,0,0,0,0,0,0,0,0,0,0,0.083333333,2,2,1,0,0,0,0.416666667,1,2,2,0,0.625,3,1,1,0,0,0,0.277777778,1,0,0,0,0,0,0,1,0,0,1,0,0,0,0,1,1
947,2,2,2,2,0,2,2,2,2,2,1,2,0.875,1,1,2,1,2,2,0.75,2,2,0,2,0.75,2,3,3,3,3,3,0.944444444,1,0,0,0,0,0,0,0,1,0,1,0,0,0,0,1,3
948,2,2,0,2,0,2,2,1,2,2,1,2,0.75,1,2,2,1,1,2,0.75,1,0,0,2,0.375,3,3,3,3,1.5,3,0.916666667,0,1,0,0,0,1,0,0,0,0,1,0,1,0,0,0,2
949,2,2,0,2,2,2,2,2,2,2,2,0,0.833333333,1,2,2,2,2,2,0.916666667,1,2,0,2,0.625,2,3,3,3,3,3,0.944444444,0,1,0,0,0,0,0,1,0,0,1,0,1,0,0,0,3
950,2,2,0,2,2,2,2,1,1,2,0,2,0.75,1,2,2,2,1,2,0.833333333,0,0,2,2,0.5,1,3,3,3,1.5,3,0.805555556,0,1,0,0,0,0,1,0,0,0,1,0,0,0,1,0,2
951,2,0,0,2,2,2,2,2,2,2,2,0,0.75,1,2,1,2,1,2,0.75,1,2,2,2,0.875,3,3,3,3,3,3,1,1,0,0,0,0,0,0,1,0,0,1,0,1,0,0,0,3
952,2,0,0,2,2,1,2,2,2,2,1,2,0.75,2,1,1,2,2,0,0.666666667,1,2,0,2,0.625,1,2,3,3,3,3,0.833333333,0,1,0,0,0,1,0,0,0,0,1,0,0,1,0,0,0
953,2,2,0,2,0,2,2,2,2,0,0,0,0.583333333,1,2,2,1,1,0,0.583333333,1,2,2,2,0.875,3,3,3,0,0,0,0.5,0,1,0,0,0,1,0,0,0,0,1,0,0,1,0,0,1
954,2,2,0,2,2,2,2,2,2,2,2,2,0.916666667,1,2,2,2,1,2,0.833333333,0,0,2,2,0.5,3,3,3,3,3,3,1,0,1,0,0,0,0,1,0,0,0,1,0,0,0,0,1,2
955,2,2,0,2,2,2,1,2,2,2,1,2,0.833333333,1,2,2,1,1,2,0.75,2,0,2,2,0.75,2,2,3,3,3,3,0.888888889,0,1,0,0,0,1,0,0,0,0,1,0,0,1,0,0,0
956,2,0,0,2,2,2,2,2,2,2,2,2,0.833333333,0,2,2,1,1,2,0.666666667,0,1,2,0,0.375,2,3,3,3,3,3,0.944444444,1,0,0,0,0,0,0,1,0,0,1,0,0,0,0,1,2
957,2,2,0,2,2,2,2,2,1,2,2,2,0.875,0,2,2,2,1,0,0.583333333,0,0,0,2,0.25,2,3,3,3,3,3,0.944444444,1,0,0,0,0,1,0,0,0,0,1,0,1,0,0,0,2
958,2,2,2,2,2,2,2,2,1,2,2,2,0.958333333,0,2,2,1,2,2,0.75,0,0,2,2,0.5,1,3,3,3,3,3,0.888888889,1,0,0,0,0,0,1,0,0,0,1,0,1,0,0,0,2
959,2,2,0,2,2,2,1,2,2,2,1,0,0.75,2,0,1,2,1,0,0.5,1,2,2,2,0.875,1,3,3,3,3,3,0.888888889,1,0,0,0,0,1,0,0,0,0,1,0,1,0,0,0,3
960,2,2,0,0,0,0,0,0,0,0,0,0,0.166666667,0,2,2,0,0,0,0.333333333,0,1,2,0,0.375,2,1,1,0,0,0,0.222222222,0,1,0,0,0,1,0,0,0,0,1,0,0,0,1,0,1
961,2,0,2,2,2,2,2,1,1,2,2,2,0.833333333,2,2,2,1,1,2,0.833333333,1,1,2,2,0.75,2,3,3,3,3,3,0.944444444,0,1,0,0,0,1,0,0,0,0,1,0,0,0,0,1,0
962,2,2,0,2,0,2,2,2,2,2,2,0,0.75,0,2,2,1,2,2,0.75,0,0,0,2,0.25,3,3,3,3,3,3,1,1,0,0,0,0,1,0,0,0,0,1,0,0,1,0,0,2
963,2,2,0,2,2,2,1,2,2,2,2,0,0.791666667,0,2,2,1,1,0,0.5,1,2,2,2,0.875,3,3,3,3,3,3,1,1,0,0,0,0,0,0,1,0,0,1,0,0,0,0,1,3
964,2,2,0,2,0,2,1,2,2,0,0,0,0.541666667,2,2,2,1,2,0,0.75,1,1,2,2,0.75,3,3,3,0,0,0,0.5,1,0,0,0,0,1,0,0,0,0,1,0,0,0,1,0,1
965,2,2,0,2,2,2,2,2,2,2,1,2,0.875,2,2,2,1,1,2,0.833333333,2,2,0,2,0.75,2,3,3,3,3,3,0.944444444,1,0,0,0,0,1,0,0,0,0,1,0,1,0,0,0,3
966,2,2,0,2,2,2,1,2,1,2,2,2,0.833333333,2,2,2,1,2,2,0.916666667,1,2,2,2,0.875,2,3,2,3,1.5,3,0.805555556,0,1,0,0,0,1,0,0,0,0,1,0,0,0,1,0,0
967,2,2,0,2,2,2,1,2,2,2,1,2,0.833333333,2,2,2,1,2,2,0.916666667,2,2,2,2,1,1,3,3,3,3,3,0.888888889,1,0,0,0,0,0,0,0,1,0,1,0,0,0,0,1,0
968,2,0,0,2,0,2,1,1,2,0,0,0,0.416666667,2,2,2,1,1,0,0.666666667,2,1,0,0,0.375,1,3,3,0,0,0,0.388888889,1,0,0,0,0,0,0,1,0,0,1,0,0,0,1,0,1
969,2,2,2,0,0,0,0,0,0,0,0,0,0.25,2,2,2,0,0,0,0.5,2,0,2,0,0.5,3,1,1,0,0,0,0.277777778,0,0,0,1,0,0,0,0,0,1,1,1,0,0,0,0,1
970,2,0,0,2,0,2,1,2,2,2,2,0,0.625,1,2,1,1,1,2,0.666666667,2,1,2,2,0.875,2,3,3,3,3,3,0.944444444,1,0,0,0,0,0,0,1,0,0,1,0,0,0,1,0,3
971,2,0,0,2,2,2,2,2,2,2,1,2,0.791666667,1,2,2,1,1,2,0.75,0,2,2,2,0.75,2,3,3,3,3,3,0.944444444,1,0,0,0,0,1,0,0,0,0,1,0,1,0,0,0,3
972,2,0,0,2,0,2,1,2,1,2,2,2,0.666666667,2,2,2,1,1,2,0.833333333,1,2,2,0,0.625,1,3,3,3,1.5,3,0.805555556,1,0,0,0,0,1,0,0,0,0,1,0,1,0,0,0,3
973,2,2,2,2,2,2,2,0,0,2,1,2,0.791666667,2,1,2,1,1,0,0.583333333,1,2,2,2,0.875,1,2,2,3,3,3,0.777777778,0,1,0,0,0,0,1,0,0,0,1,0,0,0,1,0,0
974,2,0,0,0,0,0,0,0,0,0,0,0,0.083333333,0,1,1,0,0,0,0.166666667,0,0,0,0,0,1,1,1,0,0,0,0.166666667,1,0,0,0,0,0,0,0,1,0,1,0,1,0,0,0,1
975,2,0,0,2,0,2,2,2,2,2,2,0,0.666666667,1,2,2,1,1,0,0.583333333,1,2,2,2,0.875,3,3,3,3,3,3,1,1,0,0,0,0,0,1,0,0,0,1,0,0,0,1,0,3
976,0,0,2,2,0,2,1,2,1,2,0,2,0.583333333,0,2,2,1,1,0,0.5,1,1,2,2,0.75,3,3,3,0,0,0,0.5,0,1,0,0,0,0,0,1,0,0,1,0,0,0,1,0,1
977,2,2,2,2,2,2,2,2,2,2,1,2,0.958333333,2,1,2,1,1,0,0.583333333,2,2,2,2,1,2,3,3,3,1.5,3,0.861111111,1,0,0,0,0,0,0,0,1,0,1,0,0,0,0,1,3
978,2,2,0,2,0,2,2,2,2,2,2,2,0.833333333,1,2,2,1,1,2,0.75,0,0,2,2,0.5,3,3,3,3,3,3,1,0,1,0,0,0,1,0,0,0,0,1,0,0,1,0,0,2
979,2,2,0,2,2,2,2,2,1,2,2,0,0.791666667,2,2,2,1,1,0,0.666666667,1,2,2,2,0.875,1,3,3,3,3,3,0.888888889,1,0,0,0,0,0,0,1,0,0,1,0,1,0,0,0,3
980,2,2,0,2,2,2,1,2,2,2,1,2,0.833333333,1,2,2,1,1,2,0.75,2,1,2,2,0.875,3,3,3,3,3,3,1,0,0,0,1,0,0,1,0,0,0,1,0,0,0,1,0,0
981,2,2,0,2,2,2,2,2,1,2,2,0,0.791666667,1,2,2,1,1,0,0.583333333,1,2,0,0,0.375,2,3,3,3,3,3,0.944444444,1,0,0,0,0,1,0,0,0,0,1,0,0,1,0,0,3
982,2,0,2,2,0,2,2,1,1,2,1,2,0.708333333,2,2,2,1,1,0,0.666666667,1,2,2,2,0.875,3,3,3,3,3,3,1,1,0,0,0,0,1,0,0,0,0,1,0,0,1,0,0,3
983,2,2,0,2,2,2,1,2,2,2,2,0,0.791666667,2,2,2,1,1,2,0.833333333,2,2,2,2,1,2,2,3,3,3,3,0.888888889,1,0,0,0,0,1,0,0,0,0,1,0,0,0,1,0,3
984,2,2,0,2,0,2,2,1,1,0,0,0,0.5,0,2,2,2,2,0,0.666666667,0,2,2,2,0.75,3,3,3,0,0,0,0.5,0,1,0,0,0,1,0,0,0,0,1,0,0,1,0,0,1
985,2,2,0,2,2,2,1,2,2,2,0,2,0.791666667,2,2,2,1,1,2,0.833333333,1,1,2,2,0.75,1,2,3,3,3,3,0.833333333,0,1,0,0,0,1,0,0,0,0,1,0,0,1,0,0,0
986,2,2,2,2,2,2,2,1,2,2,2,2,0.958333333,1,2,2,1,1,2,0.75,0,0,2,2,0.5,1,3,3,3,3,3,0.888888889,1,0,0,0,0,0,0,0,1,0,1,0,0,0,0,1,2
987,2,2,0,2,2,2,1,2,2,2,0,2,0.791666667,2,2,1,1,1,2,0.75,2,1,2,2,0.875,3,2,3,3,3,3,0.944444444,1,0,0,0,0,1,0,0,0,0,1,0,1,0,0,0,0
988,2,2,0,2,2,2,2,2,2,2,2,2,0.916666667,1,2,2,1,1,2,0.75,1,1,2,2,0.75,2,3,3,3,3,3,0.944444444,1,0,0,0,0,1,0,0,0,0,1,0,0,1,0,0,3
989,2,2,2,2,2,2,1,2,1,2,2,0,0.833333333,2,2,1,1,1,2,0.75,1,2,2,2,0.875,3,3,3,3,1.5,3,0.916666667,0,1,0,0,0,0,0,0,1,0,1,0,0,0,0,1,3
990,2,0,2,2,2,2,2,2,1,2,1,2,0.833333333,0,2,2,2,1,2,0.75,0,0,0,2,0.25,3,3,3,3,3,3,1,0,1,0,0,0,1,0,0,0,0,1,0,0,1,0,0,2
991,2,2,2,2,2,2,1,2,1,2,1,2,0.875,2,2,2,1,2,2,0.916666667,1,1,2,2,0.75,2,3,3,3,3,3,0.944444444,0,1,0,0,0,0,1,0,0,0,1,0,0,0,1,0,0
992,2,2,0,2,0,2,2,1,1,2,1,2,0.708333333,2,2,2,1,1,2,0.833333333,2,2,2,2,1,1,3,3,3,1.5,3,0.805555556,1,0,0,0,0,0,1,0,0,0,1,0,0,0,0,1,0
993,2,0,0,2,2,2,1,2,1,2,2,0,0.666666667,2,1,2,1,1,2,0.75,2,2,2,2,1,3,3,3,3,3,3,1,0,1,0,0,0,0,0,0,1,0,1,0,0,0,0,1,0
994,2,2,0,2,0,2,1,1,2,2,1,2,0.708333333,0,2,2,2,1,2,0.75,0,0,2,2,0.5,3,3,3,3,3,3,1,0,1,0,0,0,1,0,0,0,0,1,0,1,0,0,0,2
995,2,2,2,2,2,2,2,2,2,2,2,2,1,0,2,2,1,2,2,0.75,0,0,2,2,0.5,3,3,3,3,3,3,1,1,0,0,0,0,0,1,0,0,0,1,0,0,1,0,0,2
996,2,0,0,2,2,2,2,2,2,2,2,2,0.833333333,2,2,2,2,1,2,0.916666667,1,2,2,2,0.875,3,3,3,3,3,3,1,0,1,0,0,0,1,0,0,0,0,1,0,0,1,0,0,3
997,2,2,0,2,2,2,2,2,2,2,2,0,0.833333333,2,2,2,2,1,2,0.916666667,1,1,2,2,0.75,1,3,3,3,3,3,0.888888889,0,0,0,1,0,1,0,0,0,0,1,0,0,0,1,0,3
998,2,2,0,2,2,2,1,2,2,2,2,2,0.875,2,2,2,1,1,2,0.833333333,2,2,2,2,1,1,2,3,3,3,3,0.833333333,1,0,0,0,0,0,1,0,0,0,1,0,0,0,0,1,3
999,2,0,0,2,2,2,2,2,2,2,1,2,0.791666667,2,2,2,1,2,2,0.916666667,2,2,2,2,1,1,3,3,3,3,3,0.888888889,1,0,0,0,0,1,0,0,0,0,1,0,1,0,0,0,0
1000,2,2,0,2,0,2,1,2,2,2,1,2,0.75,1,2,2,2,2,2,0.916666667,0,0,2,2,0.5,2,2,2,3,3,3,0.833333333,0,1,0,0,0,1,0,0,0,0,1,0,1,0,0,0,0
1001,2,0,0,2,2,2,1,2,1,2,1,0,0.625,1,2,2,1,1,2,0.75,2,2,2,2,1,2,3,3,3,3,3,0.944444444,0,1,0,0,0,1,0,0,0,0,1,0,1,0,0,0,0
1002,2,2,0,2,2,2,2,2,2,2,2,0,0.833333333,2,2,2,2,1,0,0.75,2,2,0,2,0.75,1,1,1,3,3,3,0.666666667,0,1,0,0,0,0,1,0,0,0,1,0,0,0,1,0,0
1003,0,2,0,2,2,2,2,2,2,2,2,0,0.75,2,2,2,2,1,0,0.75,2,2,0,2,0.75,1,2,3,3,3,3,0.833333333,1,0,0,0,0,1,0,0,0,0,1,0,1,0,0,0,3
1004,2,0,0,2,2,2,2,2,2,2,2,0,0.75,1,2,2,2,1,0,0.666666667,1,1,2,2,0.75,2,3,3,3,3,3,0.944444444,0,1,0,0,0,0,0,1,0,0,1,0,0,0,1,0,3
1005,2,2,2,2,0,2,2,2,1,2,2,0,0.791666667,2,2,2,1,1,2,0.833333333,1,1,2,2,0.75,2,3,3,3,3,3,0.944444444,1,0,0,0,0,1,0,0,0,0,1,0,1,0,0,0,3
1006,2,0,0,2,2,2,1,2,2,2,2,2,0.791666667,1,2,2,1,2,2,0.833333333,1,2,2,2,0.875,2,3,3,3,3,3,0.944444444,1,0,0,0,0,1,0,0,0,0,1,0,0,1,0,0,3
1007,2,2,2,2,2,2,2,2,2,2,2,0,0.916666667,2,2,2,1,1,2,0.833333333,1,0,2,2,0.625,1,3,3,3,3,3,0.888888889,0,1,0,0,0,0,0,1,0,0,1,0,0,0,1,0,3
1008,2,2,0,2,2,2,1,1,1,2,1,0,0.666666667,1,2,2,1,2,0,0.666666667,0,1,2,2,0.625,2,3,3,3,3,3,0.944444444,1,0,0,0,0,0,1,0,0,0,1,0,0,0,0,1,3
1009,2,0,0,0,0,0,0,0,0,0,0,0,0.083333333,2,2,2,0,0,0,0.5,2,2,2,0,0.75,2,1,1,0,0,0,0.222222222,1,0,0,0,0,0,0,0,1,0,1,0,0,0,0,1,1
1010,2,0,0,2,2,2,1,2,2,2,2,2,0.791666667,1,2,2,1,2,2,0.833333333,0,0,2,2,0.5,2,3,3,3,3,3,0.944444444,1,0,0,0,0,0,0,1,0,0,1,0,0,0,0,1,2
1011,2,0,0,2,2,2,2,2,2,2,1,2,0.791666667,0,2,2,1,2,2,0.75,1,2,2,2,0.875,2,3,3,3,3,3,0.944444444,1,0,0,0,0,1,0,0,0,0,1,0,0,0,1,0,3
1012,2,2,0,2,2,2,1,2,1,2,2,0,0.75,2,2,2,1,1,2,0.833333333,2,2,2,2,1,2,2,3,3,3,3,0.888888889,0,1,0,0,0,1,0,0,0,0,1,0,1,0,0,0,0
1013,2,0,0,2,0,1,1,1,2,2,1,0,0.5,2,1,1,1,1,2,0.666666667,1,2,0,2,0.625,2,3,3,3,3,3,0.944444444,1,0,0,0,0,0,0,1,0,0,1,0,0,0,0,1,3
1014,2,2,0,2,2,2,2,2,2,2,2,2,0.916666667,2,2,2,2,1,2,0.916666667,1,2,2,2,0.875,2,2,3,3,3,3,0.888888889,1,0,0,0,0,1,0,0,0,0,1,0,1,0,0,0,3
1015,0,0,0,2,0,2,2,2,1,0,0,0,0.375,1,2,2,2,1,0,0.666666667,1,2,2,2,0.875,1,2,3,0,0,0,0.333333333,1,0,0,0,0,1,0,0,0,0,1,0,1,0,0,0,1
1016,2,2,0,2,2,2,2,2,2,2,2,0,0.833333333,1,2,2,1,2,2,0.833333333,2,2,2,2,1,3,3,3,3,1.5,3,0.916666667,1,0,0,0,0,1,0,0,0,0,1,0,1,0,0,0,3
1017,2,0,0,2,2,2,2,2,2,2,2,0,0.75,2,2,2,1,1,2,0.833333333,1,2,0,2,0.625,2,3,3,3,3,3,0.944444444,1,0,0,0,0,0,0,1,0,0,1,0,1,0,0,0,3
1018,2,0,0,0,0,0,0,0,0,0,0,0,0.083333333,0,1,2,0,0,0,0.25,0,0,2,0,0.25,3,1,1,0,0,0,0.277777778,1,0,0,0,0,0,0,0,1,0,1,0,1,0,0,0,1
1019,2,0,0,2,2,2,2,2,2,2,2,0,0.75,2,1,2,1,1,2,0.75,2,0,2,0,0.5,2,3,3,3,3,3,0.944444444,0,0,0,1,0,0,0,0,1,0,1,0,0,1,0,0,3
1020,2,2,0,2,0,2,1,1,1,2,1,2,0.666666667,2,2,2,1,1,2,0.833333333,2,2,0,2,0.75,2,2,3,3,1.5,3,0.805555556,1,0,0,0,0,1,0,0,0,0,1,0,1,0,0,0,0
1021,2,2,0,2,0,2,1,2,1,0,0,0,0.5,1,2,2,2,1,0,0.666666667,1,2,2,2,0.875,1,3,3,0,0,0,0.388888889,0,1,0,0,0,0,1,0,0,0,1,0,0,0,1,0,1
1022,2,2,0,2,2,2,1,2,2,2,2,2,0.875,1,2,2,1,1,2,0.75,0,0,2,2,0.5,3,3,3,3,3,3,1,0,1,0,0,0,1,0,0,0,0,1,0,1,0,0,0,2
1023,2,2,0,2,2,2,1,1,2,2,0,2,0.75,1,1,2,1,2,0,0.583333333,2,1,2,2,0.875,1,3,3,3,1.5,3,0.805555556,0,1,0,0,0,0,0,0,1,0,1,0,0,0,1,0,0
1024,2,2,0,2,0,2,1,2,2,2,2,2,0.791666667,2,2,2,1,2,2,0.916666667,1,1,0,2,0.5,2,3,3,3,3,3,0.944444444,1,0,0,0,0,1,0,0,0,0,1,0,0,1,0,0,3
1025,2,2,0,2,0,2,2,1,2,2,1,0,0.666666667,0,1,2,1,2,2,0.666666667,0,0,2,2,0.5,2,3,3,3,3,3,0.944444444,0,1,0,0,0,1,0,0,0,0,1,0,1,0,0,0,2
1026,2,0,2,2,2,2,2,1,1,2,1,2,0.791666667,2,2,2,1,1,2,0.833333333,1,2,2,2,0.875,1,3,3,3,1.5,3,0.805555556,0,1,0,0,0,0,1,0,0,0,1,0,0,0,1,0,0
1027,2,2,0,2,0,2,2,2,2,2,2,2,0.833333333,1,2,1,1,1,2,0.666666667,0,1,2,2,0.625,3,3,3,3,3,3,1,0,0,1,0,0,1,0,0,0,0,1,0,0,1,0,0,2
1028,2,2,0,2,2,2,2,1,2,2,2,2,0.875,0,2,2,1,1,2,0.666666667,0,1,2,2,0.625,3,3,3,3,3,3,1,1,0,0,0,0,1,0,0,0,0,1,0,1,0,0,0,2
1029,2,0,0,2,2,2,1,2,2,2,2,0,0.708333333,0,1,2,2,1,2,0.666666667,1,2,2,2,0.875,3,3,3,3,3,3,1,1,0,0,0,0,1,0,0,0,0,1,0,0,1,0,0,3
1030,2,0,0,2,0,0,2,1,1,2,2,0,0.5,0,2,2,1,1,0,0.5,0,2,2,2,0.75,2,3,3,3,3,3,0.944444444,1,0,0,0,0,0,1,0,0,0,1,0,0,1,0,0,3
1031,2,2,0,2,2,2,1,1,2,2,1,2,0.791666667,2,2,2,2,1,2,0.916666667,2,2,2,2,1,2,3,3,3,3,3,0.944444444,0,1,0,0,0,1,0,0,0,0,1,0,0,0,1,0,0
1032,2,0,0,2,0,1,1,2,2,2,2,2,0.666666667,1,2,2,1,1,2,0.75,0,2,2,2,0.75,2,3,3,3,3,3,0.944444444,1,0,0,0,0,0,0,1,0,0,1,0,0,0,1,0,3
1033,2,2,2,2,0,2,1,2,1,0,0,0,0.583333333,2,1,2,1,1,0,0.583333333,2,2,2,0,0.75,1,3,3,0,0,0,0.388888889,0,1,0,0,0,1,0,0,0,0,1,0,0,1,0,0,1
1034,2,0,2,2,2,2,2,2,1,2,1,0,0.75,1,2,2,1,1,2,0.75,1,2,0,2,0.625,2,2,3,3,1.5,3,0.805555556,0,1,0,0,0,1,0,0,0,0,1,0,1,0,0,0,3
1036,2,2,0,2,2,2,1,2,2,2,1,0,0.75,0,2,2,1,1,2,0.666666667,0,0,2,2,0.5,1,3,3,3,3,3,0.888888889,1,0,0,0,0,1,0,0,0,0,1,0,1,0,0,0,2
1037,2,2,0,2,0,2,1,2,1,2,1,2,0.708333333,0,2,2,2,1,2,0.75,1,2,2,2,0.875,3,3,3,3,3,3,1,0,1,0,0,0,0,0,0,1,0,1,0,0,0,0,1,0
1038,2,2,2,2,2,2,2,2,1,2,1,2,0.916666667,1,2,2,2,2,0,0.75,2,1,2,2,0.875,3,3,3,3,1.5,3,0.916666667,0,1,0,0,0,1,0,0,0,0,1,0,0,1,0,0,0
1039,2,2,0,0,0,0,0,0,0,0,0,0,0.166666667,0,2,2,0,0,0,0.333333333,0,0,2,0,0.25,3,1,1,0,0,0,0.277777778,1,0,0,0,0,0,0,0,1,0,1,0,0,0,0,1,1
1040,0,2,2,2,2,2,2,2,2,2,1,2,0.875,1,2,2,1,1,0,0.583333333,2,2,2,2,1,1,2,3,3,3,3,0.833333333,0,1,0,0,0,1,0,0,0,0,1,0,1,0,0,0,0
1041,2,0,0,2,2,2,1,2,2,2,0,2,0.708333333,0,2,2,1,1,0,0.5,0,0,2,2,0.5,3,2,3,3,1.5,3,0.861111111,0,0,0,1,0,1,0,0,0,0,1,0,0,0,0,1,2
1042,2,2,2,2,0,2,2,2,2,2,0,2,0.833333333,1,2,2,1,1,2,0.75,1,1,2,0,0.5,3,3,3,3,3,3,1,0,1,0,0,0,1,0,0,0,0,1,0,0,0,1,0,2
1043,0,2,0,2,0,2,1,2,1,0,0,0,0.416666667,1,2,2,1,2,0,0.666666667,2,1,2,2,0.875,3,3,3,0,0,0,0.5,0,1,0,0,0,1,0,0,0,0,1,0,1,0,0,0,1
1044,2,0,0,2,2,2,1,1,2,2,1,2,0.708333333,1,1,2,2,1,0,0.583333333,1,2,2,2,0.875,2,3,3,3,3,3,0.944444444,1,0,0,0,0,1,0,0,0,0,1,0,1,0,0,0,0
1045,2,2,0,2,2,2,2,2,2,2,2,0,0.833333333,1,2,2,1,1,2,0.75,0,0,2,2,0.5,2,3,3,3,3,3,0.944444444,0,1,0,0,0,1,0,0,0,0,1,0,0,1,0,0,2
1046,2,0,2,2,0,2,2,2,2,2,2,0,0.75,0,2,2,2,1,2,0.75,0,0,2,2,0.5,3,3,3,3,3,3,1,1,0,0,0,0,0,0,1,0,0,1,0,0,0,1,0,2
1047,2,0,0,2,2,2,2,2,1,2,2,2,0.791666667,1,2,1,1,1,2,0.666666667,0,1,0,2,0.375,1,3,3,3,1.5,3,0.805555556,1,0,0,0,0,1,0,0,0,0,1,0,1,0,0,0,2
1048,2,2,0,2,2,1,1,1,2,2,0,2,0.708333333,2,1,2,1,2,0,0.666666667,1,1,2,2,0.75,1,2,3,3,3,3,0.833333333,0,1,0,0,0,0,0,0,0,1,1,0,0,0,0,1,0
1049,2,0,2,0,0,0,0,0,0,0,0,0,0.166666667,0,2,2,0,0,0,0.333333333,0,0,2,0,0.25,3,1,1,0,0,0,0.277777778,1,0,0,0,0,1,0,0,0,0,1,0,1,0,0,0,1
1050,2,2,0,0,0,0,0,0,0,0,0,0,0.166666667,0,2,2,0,0,0,0.333333333,2,0,0,0,0.25,1,1,1,0,0,0,0.166666667,0,1,0,0,0,1,0,0,0,0,1,0,1,0,0,0,1
1051,2,0,0,2,0,2,2,2,2,2,2,0,0.666666667,0,2,2,2,1,2,0.75,0,2,2,2,0.75,1,3,3,3,3,3,0.888888889,1,0,0,0,0,1,0,0,0,0,1,0,0,1,0,0,3
1052,2,0,0,2,0,1,2,1,1,0,0,0,0.375,1,1,1,1,1,0,0.416666667,0,0,2,2,0.5,1,1,2,0,0,0,0.222222222,1,0,0,0,0,0,0,0,1,0,1,0,1,0,0,0,1
1053,2,0,0,2,2,2,1,2,2,2,2,0,0.708333333,0,1,2,1,2,2,0.666666667,0,0,2,2,0.5,3,3,3,3,3,3,1,0,1,0,0,0,0,0,1,0,0,1,0,0,0,1,0,2
1054,2,0,2,2,2,2,1,2,1,2,2,2,0.833333333,0,1,2,1,1,2,0.583333333,1,2,2,0,0.625,3,3,3,3,3,3,1,1,0,0,0,0,0,0,0,1,0,1,0,0,0,1,0,2
1055,2,2,0,2,2,2,2,0,1,2,2,2,0.791666667,1,2,1,2,1,2,0.75,1,2,0,2,0.625,2,2,2,3,1.5,3,0.75,0,0,0,1,0,1,0,0,0,0,1,0,1,0,0,0,3
1056,2,2,0,2,2,2,1,1,2,2,2,0,0.75,2,1,2,1,1,2,0.75,1,2,2,2,0.875,2,3,3,3,3,3,0.944444444,1,0,0,0,0,1,0,0,0,0,1,0,0,1,0,0,3
1057,2,0,0,2,2,2,2,2,2,2,2,0,0.75,0,1,1,2,1,0,0.416666667,0,0,2,2,0.5,3,3,3,3,3,3,1,1,0,0,0,0,0,0,1,0,0,1,0,0,0,0,1,2
1058,2,0,0,2,0,2,1,2,1,2,2,0,0.583333333,2,1,2,2,1,2,0.833333333,2,0,2,2,0.75,2,3,2,3,3,3,0.888888889,1,0,0,0,0,0,0,0,1,0,1,0,0,1,0,0,3
1059,2,0,2,2,0,1,1,1,1,2,1,2,0.625,1,1,2,1,1,2,0.666666667,0,0,2,2,0.5,3,3,3,3,1.5,3,0.916666667,1,0,0,0,0,0,0,1,0,0,1,0,1,0,0,0,2
1060,2,0,0,2,2,2,2,2,2,2,1,2,0.791666667,0,2,2,2,1,0,0.583333333,0,0,2,0,0.25,3,3,3,3,3,3,1,1,0,0,0,0,1,0,0,0,0,1,0,0,0,1,0,2
1061,2,2,2,2,0,2,1,2,1,0,0,0,0.583333333,2,2,2,2,1,0,0.75,1,2,2,2,0.875,3,3,3,0,0,0,0.5,1,0,0,0,0,1,0,0,0,0,1,0,0,1,0,0,1
1062,2,2,0,2,2,2,1,2,2,2,1,2,0.833333333,2,2,2,1,1,2,0.833333333,1,2,0,2,0.625,2,2,3,3,3,3,0.888888889,0,1,0,0,0,1,0,0,0,0,1,0,0,1,0,0,0
1063,2,2,0,2,0,2,1,2,2,2,2,2,0.791666667,1,2,2,2,2,2,0.916666667,1,1,2,2,0.75,2,3,3,3,3,3,0.944444444,0,1,0,0,0,0,0,1,0,0,1,0,0,0,0,1,0
1064,2,2,2,2,0,2,1,2,2,2,1,2,0.833333333,0,2,2,1,1,2,0.666666667,0,1,2,2,0.625,2,3,3,3,3,3,0.944444444,0,1,0,0,0,0,0,1,0,0,1,0,0,0,0,1,0
1065,2,2,0,2,2,2,1,1,1,2,2,2,0.791666667,0,2,2,1,2,2,0.75,0,0,0,2,0.25,1,3,3,3,3,3,0.888888889,0,1,0,0,0,1,0,0,0,0,1,0,1,0,0,0,2
1066,2,2,2,2,0,2,1,0,1,2,2,2,0.75,0,2,2,1,1,2,0.666666667,0,0,2,2,0.5,3,2,2,3,1.5,3,0.805555556,0,1,0,0,0,1,0,0,0,0,1,0,0,0,1,0,2
1067,2,0,0,2,0,2,2,1,1,2,1,0,0.541666667,1,2,2,1,1,2,0.75,0,0,2,2,0.5,2,3,3,3,3,3,0.944444444,1,0,0,0,0,0,0,1,0,0,1,0,0,0,1,0,2
1068,2,2,2,2,2,2,2,2,2,2,2,0,0.916666667,2,1,2,2,2,2,0.916666667,1,2,2,2,0.875,2,3,3,3,3,3,0.944444444,1,0,0,0,0,1,0,0,0,0,1,0,0,0,1,0,3
1069,2,2,0,0,0,0,0,0,0,0,0,0,0.166666667,1,2,2,0,0,0,0.416666667,0,1,2,0,0.375,2,1,1,0,0,0,0.222222222,0,1,0,0,0,0,0,1,0,0,1,0,0,0,0,1,1
1070,2,2,0,2,2,2,1,2,2,2,1,2,0.833333333,2,2,2,1,1,2,0.833333333,1,2,2,2,0.875,2,3,3,3,3,3,0.944444444,0,0,0,1,0,1,0,0,0,0,1,0,0,0,1,0,0
1071,2,2,0,2,0,1,1,2,2,2,2,2,0.75,1,2,2,1,1,2,0.75,0,0,2,2,0.5,3,3,3,3,1.5,3,0.916666667,1,0,0,0,0,0,0,1,0,0,1,0,0,0,1,0,2
1072,2,2,2,2,0,2,1,2,2,2,1,0,0.75,2,2,2,1,1,2,0.833333333,1,2,2,0,0.625,1,3,3,3,3,3,0.888888889,1,0,0,0,0,1,0,0,0,0,1,0,1,0,0,0,3
1073,2,2,0,2,0,2,1,2,1,2,1,2,0.708333333,2,1,2,2,1,2,0.833333333,2,2,0,2,0.75,2,3,3,3,1.5,3,0.861111111,0,1,0,0,0,0,0,0,1,0,1,0,0,0,0,1,0
1074,2,2,0,2,0,2,1,1,1,0,0,0,0.458333333,1,2,2,1,1,0,0.583333333,1,2,2,0,0.625,3,3,3,0,0,0,0.5,0,1,0,0,0,0,0,1,0,0,1,0,0,0,1,0,1
1075,2,2,0,2,0,1,1,1,1,2,2,2,0.666666667,0,2,1,1,1,2,0.583333333,0,0,0,2,0.25,1,3,3,3,1.5,3,0.805555556,0,1,0,0,0,1,0,0,0,0,1,0,0,1,0,0,2
1076,2,2,0,2,2,2,2,2,2,2,0,2,0.833333333,2,2,2,1,1,2,0.833333333,2,2,2,2,1,3,3,3,3,1.5,3,0.916666667,0,1,0,0,0,0,1,0,0,0,1,0,0,0,0,1,0
1077,2,2,0,2,2,2,1,2,1,2,2,0,0.75,1,1,2,2,2,2,0.833333333,2,2,0,2,0.75,3,3,3,3,1.5,3,0.916666667,1,0,0,0,0,1,0,0,0,0,1,0,1,0,0,0,3
1078,2,2,2,2,2,2,2,2,1,2,1,2,0.916666667,2,2,2,1,2,2,0.916666667,1,2,2,0,0.625,3,3,3,3,3,3,1,0,1,0,0,0,1,0,0,0,0,1,0,1,0,0,0,0
1079,2,0,0,2,2,2,1,1,1,2,2,0,0.625,2,2,2,1,1,2,0.833333333,1,2,0,2,0.625,1,3,3,3,1.5,3,0.805555556,0,1,0,0,0,1,0,0,0,0,1,0,0,1,0,0,0
1080,2,2,0,2,2,2,1,2,2,2,2,0,0.791666667,1,2,2,2,2,2,0.916666667,0,0,2,2,0.5,2,3,3,3,3,3,0.944444444,1,0,0,0,0,0,1,0,0,0,1,0,0,0,1,0,2
1081,2,0,0,2,2,2,2,2,2,2,1,2,0.791666667,1,2,2,1,1,2,0.75,1,2,2,2,0.875,1,3,3,3,3,3,0.888888889,0,1,0,0,0,0,0,1,0,0,1,0,0,0,0,1,0
1082,2,0,0,2,2,2,2,2,1,2,1,0,0.666666667,2,2,1,2,1,2,0.833333333,1,1,0,2,0.5,3,3,3,3,1.5,3,0.916666667,0,1,0,0,0,1,0,0,0,0,1,0,1,0,0,0,3
1083,2,2,2,2,2,2,2,2,2,0,0,0,0.75,0,2,2,1,1,0,0.5,1,2,0,2,0.625,1,3,3,0,0,0,0.388888889,0,0,1,0,0,0,1,0,0,0,1,0,1,0,0,0,1
1084,2,2,0,2,2,2,1,2,2,2,2,0,0.791666667,1,2,2,2,2,0,0.75,0,0,0,2,0.25,2,3,3,3,3,3,0.944444444,1,0,0,0,0,1,0,0,0,0,1,0,1,0,0,0,2
1085,2,2,0,2,0,2,1,2,1,2,2,2,0.75,1,2,2,1,1,2,0.75,2,0,2,2,0.75,3,3,3,3,3,3,1,1,0,0,0,0,1,0,0,0,0,1,0,0,1,0,0,2
1086,2,2,2,2,0,2,1,1,1,2,2,2,0.791666667,2,1,2,2,1,2,0.833333333,2,2,0,2,0.75,2,2,2,3,1.5,3,0.75,0,1,0,0,0,1,0,0,0,0,1,0,0,0,1,0,0
1087,2,0,0,2,0,2,1,1,1,2,0,2,0.541666667,1,2,2,1,1,2,0.75,0,0,0,0,0,1,2,3,3,1.5,3,0.75,1,0,0,0,0,0,0,1,0,0,1,0,0,0,0,1,2
1088,2,2,2,2,0,2,1,2,2,2,2,2,0.875,2,2,2,1,1,2,0.833333333,2,1,2,2,0.875,2,3,3,3,3,3,0.944444444,1,0,0,0,0,0,1,0,0,0,1,0,0,0,1,0,3
1089,2,2,0,2,0,2,2,2,2,2,1,2,0.791666667,2,1,2,1,2,2,0.833333333,2,2,2,2,1,1,3,3,3,3,3,0.888888889,1,0,0,0,0,0,0,1,0,0,1,0,0,0,1,0,3
1090,2,2,2,2,0,2,1,2,2,2,1,2,0.833333333,1,1,2,1,1,0,0.5,2,2,2,2,1,1,3,3,3,3,3,0.888888889,1,0,0,0,0,0,0,1,0,0,1,0,0,0,1,0,0
1091,2,0,2,2,2,2,2,2,2,2,2,0,0.833333333,0,2,2,1,1,2,0.666666667,0,2,2,2,0.75,3,3,3,3,3,3,1,1,0,0,0,0,0,0,0,1,0,1,0,0,1,0,0,3
1092,2,2,0,2,2,2,2,2,2,2,1,2,0.875,2,2,2,1,1,2,0.833333333,1,2,0,2,0.625,2,3,3,3,3,3,0.944444444,0,1,0,0,0,0,0,1,0,0,1,0,0,0,1,0,3
1093,2,0,2,2,0,2,1,2,2,0,0,0,0.541666667,1,2,2,1,1,0,0.583333333,2,1,2,2,0.875,3,3,3,0,0,0,0.5,0,1,0,0,0,0,0,1,0,0,1,0,1,0,0,0,1
1094,2,2,0,0,0,0,0,0,0,0,0,0,0.166666667,0,2,2,0,0,0,0.333333333,0,0,2,0,0.25,1,1,1,0,0,0,0.166666667,0,1,0,0,0,0,0,1,0,0,1,0,0,0,1,0,1
1095,2,2,0,2,2,2,1,2,2,2,2,2,0.875,0,2,2,1,2,2,0.75,0,0,2,2,0.5,2,3,3,3,3,3,0.944444444,0,1,0,0,0,1,0,0,0,0,1,0,1,0,0,0,2
1096,2,2,0,2,2,2,2,2,2,2,2,0,0.833333333,2,1,2,1,2,2,0.833333333,1,2,2,2,0.875,3,3,3,3,3,3,1,1,0,0,0,0,0,0,1,0,0,1,0,0,0,1,0,3
1097,2,2,0,2,0,2,1,2,1,2,0,2,0.666666667,0,2,2,1,1,2,0.666666667,0,0,2,2,0.5,2,3,3,3,3,3,0.944444444,0,0,0,1,0,1,0,0,0,0,1,0,1,0,0,0,2
1098,2,2,0,2,0,2,1,2,2,2,0,2,0.708333333,0,2,2,1,2,2,0.75,0,0,2,0,0.25,3,3,3,3,1.5,3,0.916666667,0,1,0,0,0,0,1,0,0,0,1,0,0,0,1,0,2
1099,2,2,0,2,0,2,1,2,2,2,1,2,0.75,2,2,2,1,1,0,0.666666667,2,1,2,0,0.625,2,3,3,3,3,3,0.944444444,1,0,0,0,0,0,0,1,0,0,1,0,0,0,1,0,3
1100,2,2,0,2,2,2,1,2,2,2,2,0,0.791666667,1,1,2,2,1,0,0.583333333,2,2,2,2,1,2,3,3,3,3,3,0.944444444,1,0,0,0,0,1,0,0,0,0,1,0,0,0,1,0,3
1357,2,2,0,2,2,2,2,2,1,2,2,2,0.875,2,2,2,2,1,2,0.916666667,1,2,2,0,0.625,3,3,3,3,3,3,1,1,0,0,0,0,0,0,0,1,0,1,0,0,1,0,0,3