respondent_id,Cluster,Q8,Q9,Q10,Q14,Q19,Q21,Q24,Q29,attitude_score,Q1,Q5,Q11,Q12,Q13,Q16,Q18,Q22,Q23,Q25,Q27,knowledge_score,Q2,Q3,Q4,Q7,Q20,Q30,practice_score,Q6,Q15,Q17,Q26,risk_score,gender_female,gender_male,gender_non-binary,gender_prefer_not_to_say,age_less_than_18,age_19-30,age_31-40,age_41-55,age_56-65,age_over_65,country_Italy,educational_level_primary_school,educational_level_high_school,educational_level_bachelors_degree,educational_level_masters_degree,educational_level_PhD_or_equivalent,Cluster
1,1,2,1,2,2,2,2,2,2,0.9375,1,1,1,1,2,2,2,1,1,1,1,1,1,1,1,0.5,1,0,0.75,3,3,3,3,3,1,0,0,0,0,1,0,0,0,0,1,0,0,0,1,0,1
2,1,2,1,2,2,2,2,2,2,0.9375,1,1,1,1,2,2,2,1,1,1,0,0.928571429,1,1,1,1,0.5,1,0.916666667,3,3,3,3,3,1,0,0,0,0,0,1,0,0,0,1,0,0,0,1,0,1
3,1,2,1,2,2,1,2,2,2,0.875,1,1,1,1,2,2,2,1,1,1,1,1,1,1,0.5,1,0.5,1,0.833333333,3,3,3,3,3,1,0,0,0,0,0,0,1,0,0,1,0,0,1,0,0,1
4,3,2,2,2,2,1,2,2,2,0.9375,1,1,1,1,2,2,2,1,1,1,1,1,0,0,0,1,1,0,0.333333333,3,3,3,3,3,0,1,0,0,0,0,1,0,0,0,1,0,0,0,1,0,3
5,2,0,2,2,1,2,2,2,2,0.8125,1,1,1,1,2,2,1,1,1,1,1,0.928571429,1,0.5,1,0.5,1,1,0.833333333,2,2,3,2,2.25,1,0,0,0,0,1,0,0,0,0,1,0,0,0,0,1,2
6,1,0,1,2,2,2,2,2,2,0.8125,1,1,1,1,2,2,2,1,1,1,1,1,0.5,0.5,1,0.5,0,0,0.416666667,2,2,3,1,2,1,0,0,0,0,0,1,0,0,0,1,0,0,0,1,0,1
7,1,2,2,2,1,1,2,2,2,0.875,1,1,1,1,2,2,2,1,1,1,1,1,0,0,1,0.5,1,0,0.416666667,3,3,3,2,2.75,1,0,0,0,0,0,1,0,0,0,1,0,0,0,1,0,1
9,2,2,2,2,1,1,2,0,0,0.625,1,1,1,0,1,1,1,0,0,0,0,0.428571429,0,0,0,1,1,0,0.333333333,3,2,2,1,2,0,1,0,0,0,0,1,0,0,0,1,0,0,0,1,0,2
11,1,2,2,2,2,1,1,2,2,0.875,1,0,1,1,1,2,2,1,1,1,0,0.785714286,0,0,0.5,1,1,0,0.416666667,3,3,3,3,3,1,0,0,0,0,0,0,1,0,0,1,0,0,1,0,0,1
14,2,0,0,1,1,1,1,2,2,0.5,1,1,1,0,1,1,1,1,1,1,1,0.714285714,1,1,1,0.5,1,0,0.75,1,2,3,2,2,0,1,0,0,0,1,0,0,0,0,1,0,0,0,1,0,2
16,2,0,1,2,2,1,1,1,2,0.625,1,1,1,1,2,2,1,1,1,1,0,0.857142857,0.5,0.5,1,0.5,1,1,0.75,1,2,3,1,1.75,0,1,0,0,0,0,0,0,0,1,1,0,0,0,0,1,2
17,2,0,1,2,2,1,1,2,2,0.6875,1,1,1,1,2,2,0,1,1,1,1,0.857142857,0.5,0,0.5,1,1,1,0.666666667,3,3,3,2,2.75,0,0,1,0,0,1,0,0,0,0,1,0,0,0,1,0,2
19,1,0,2,2,1,2,1,2,0,0.625,1,0,1,1,2,1,2,1,1,1,1,0.857142857,0.5,1,1,0,1,1,0.75,1,3,3,2,2.25,1,0,0,0,1,0,0,0,0,0,1,0,1,0,0,0,1
21,3,2,2,2,2,2,2,2,2,1,1,1,1,1,2,2,2,1,1,1,1,1,0.5,0.5,1,1,1,0,0.666666667,3,3,3,3,3,0,1,0,0,0,1,0,0,0,0,1,0,0,0,1,0,3
47,3,0,2,2,2,1,2,2,2,0.8125,1,1,1,1,2,2,2,1,1,1,1,1,1,0.5,1,1,0.5,0,0.666666667,3,3,3,2,2.75,0,1,0,0,0,1,0,0,0,0,1,0,0,0,1,0,3
50,1,2,2,2,2,1,1,2,2,0.875,1,1,1,0,2,2,2,1,1,1,1,0.928571429,0,0.5,1,0.5,0.5,0,0.416666667,3,3,3,3,3,1,0,0,0,0,1,0,0,0,0,1,0,0,1,0,0,1
55,3,0,2,1,2,1,1,1,2,0.625,1,0,1,1,2,1,2,1,1,0,1,0.785714286,1,1,1,0.5,1,0,0.75,2,1,3,3,2.25,0,1,0,0,0,0,0,1,0,0,1,0,0,0,1,0,3
77,1,0,1,1,1,1,1,2,2,0.5625,1,1,1,1,2,2,2,1,1,1,1,1,1,1,1,0.5,0.5,0,0.666666667,2,3,3,3,2.75,1,0,0,0,0,0,0,1,0,0,1,0,1,0,0,0,1
78,1,0,2,2,2,1,1,1,2,0.6875,1,1,1,0,2,2,2,1,1,1,1,0.928571429,1,1,1,1,1,0,0.833333333,3,3,3,2,2.75,1,0,0,0,0,0,0,1,0,0,1,0,0,0,0,1,1
79,3,2,2,2,2,1,2,1,2,0.875,1,1,1,1,2,2,2,1,1,1,1,1,1,1,1,0.5,0.5,1,0.833333333,2,3,3,3,2.75,0,1,0,0,0,1,0,0,0,0,1,0,0,0,1,0,3
80,1,2,2,2,2,1,2,2,2,0.9375,1,0,1,1,2,2,2,1,1,1,1,0.928571429,0,0,0,0.5,1,1,0.416666667,3,3,3,2,2.75,1,0,0,0,0,0,1,0,0,0,1,0,0,0,1,0,1
81,1,0,1,2,2,1,1,2,2,0.6875,1,0,1,1,2,2,2,1,1,1,1,0.928571429,1,0.5,0.5,0,0.5,0,0.416666667,1,2,3,1,1.75,1,0,0,0,0,1,0,0,0,0,1,0,0,0,1,0,1
82,0,2,2,2,0,0,0,0,0,0.375,1,1,0,0,0,0,0,0,0,0,0,0.142857143,1,1,0,1,0,0,0.5,3,1,1,1,1.5,0,1,0,0,0,0,0,0,0,1,1,0,1,0,0,0,0
83,2,2,1,2,2,1,2,1,2,0.8125,1,1,1,0,2,2,1,1,1,1,1,0.857142857,0,0,0,0.5,1,1,0.416666667,2,3,3,2,2.5,1,0,0,0,0,0,0,0,0,1,1,0,1,0,0,0,2
84,2,2,1,1,1,1,1,1,2,0.625,1,0,1,1,1,2,1,1,1,1,1,0.785714286,0,0.5,0,1,1,0,0.416666667,3,3,3,3,3,1,0,0,0,0,0,0,1,0,0,1,1,0,0,0,0,2
85,1,2,2,2,1,2,1,1,2,0.8125,1,1,1,0,2,2,2,1,1,1,0,0.857142857,0,0.5,0.5,0.5,1,1,0.583333333,3,3,3,2,2.75,0,1,0,0,0,0,1,0,0,0,1,0,0,0,1,0,1
86,1,0,2,2,2,1,1,2,2,0.75,1,1,1,0,2,2,2,1,1,1,1,0.928571429,1,0.5,0.5,0.5,0.5,0,0.5,2,3,3,2,2.5,1,0,0,0,0,1,0,0,0,0,1,0,0,0,1,0,1
87,1,2,2,2,1,2,2,0,0,0.6875,1,1,1,0,2,2,2,0,0,0,0,0.642857143,1,1,1,1,0.5,0,0.75,2,3,3,1,2.25,1,0,0,0,0,1,0,0,0,0,1,0,0,1,0,0,1
88,2,2,2,2,2,2,1,1,0,0.75,1,1,1,1,2,1,1,1,1,1,0,0.785714286,0.5,0.5,1,1,1,0,0.666666667,3,2,3,2,2.5,0,1,0,0,0,0,1,0,0,0,1,0,0,0,0,1,2
89,1,2,2,2,2,2,1,2,2,0.9375,1,1,1,0,2,2,2,1,1,1,1,0.928571429,0.5,0.5,0.5,0.5,1,0,0.5,2,3,3,3,2.75,1,0,0,0,0,1,0,0,0,0,1,0,0,0,1,0,1
90,1,2,2,2,1,1,1,2,2,0.8125,1,1,1,1,2,2,2,1,1,1,1,1,1,1,1,1,1,0,0.833333333,3,3,3,3,3,1,0,0,0,0,0,0,1,0,0,1,0,0,0,0,1,1
91,3,2,2,2,1,1,1,2,2,0.8125,1,1,1,1,2,1,2,1,1,1,0,0.857142857,0,0,0,1,1,1,0.5,3,3,3,3,3,0,1,0,0,0,0,0,1,0,0,1,0,0,0,0,1,3
92,1,0,1,2,0,2,2,2,2,0.6875,1,1,1,1,2,2,2,1,1,1,0,0.928571429,0,0,0.5,1,1,1,0.583333333,3,3,3,3,3,1,0,0,0,0,1,0,0,0,0,1,0,1,0,0,0,1
93,2,0,2,2,1,1,1,1,2,0.625,1,0,1,1,2,1,0,1,1,1,0,0.642857143,0,0,0.5,0.5,1,0,0.333333333,2,3,3,2,2.5,1,0,0,0,0,0,0,1,0,0,1,0,0,0,1,0,2
94,1,2,2,2,2,2,2,2,2,1,1,0,1,1,2,2,2,1,1,1,0,0.857142857,0,0,0,1,1,0,0.333333333,2,3,3,3,2.75,0,1,0,0,0,0,1,0,0,0,1,0,0,0,0,1,1
95,2,0,2,2,2,2,1,1,2,0.75,1,1,1,0,2,2,1,1,1,1,1,0.857142857,0.5,1,1,0.5,0.5,0,0.583333333,1,3,3,2,2.25,1,0,0,0,0,0,0,0,1,0,1,0,0,0,0,1,2
96,1,0,2,2,1,1,2,2,2,0.75,1,1,1,0,2,2,2,1,1,1,1,0.928571429,0,0,0,0,1,0,0.166666667,2,3,3,3,2.75,1,0,0,0,0,0,0,1,0,0,1,0,1,0,0,0,1
97,1,0,1,2,2,1,2,2,2,0.75,1,1,1,1,2,2,2,1,1,1,1,1,0.5,0.5,1,0.5,1,0,0.583333333,3,3,3,2,2.75,1,0,0,0,0,0,1,0,0,0,1,0,0,0,0,1,1
98,2,2,2,1,2,2,2,2,2,0.9375,1,0,1,1,2,2,1,1,1,1,0,0.785714286,0.5,0.5,0,1,1,0,0.5,3,3,3,3,3,0,1,0,0,0,0,1,0,0,0,1,0,0,1,0,0,2
99,1,0,2,2,2,2,2,2,2,0.875,1,1,1,1,2,2,2,1,1,1,0,0.928571429,0.5,0.5,1,0.5,0.5,1,0.666666667,3,3,3,3,3,1,0,0,0,0,1,0,0,0,0,1,0,1,0,0,0,1
100,3,2,2,2,2,2,1,1,2,0.875,1,1,1,0,2,2,2,1,1,1,1,0.928571429,1,1,0.5,0.5,1,0,0.666666667,1,3,3,1,2,0,1,0,0,0,0,1,0,0,0,1,0,0,0,1,0,3
101,1,2,1,2,2,2,2,2,2,0.9375,1,1,1,1,2,2,2,1,1,1,1,1,1,1,1,0.5,1,0,0.75,2,3,3,2,2.5,1,0,0,0,0,0,0,0,0,1,1,0,1,0,0,0,1
102,1,0,2,2,1,2,1,2,2,0.75,1,1,1,1,2,2,2,1,1,1,1,1,0.5,1,1,1,1,1,0.916666667,1,3,3,3,2.5,1,0,0,0,0,0,0,1,0,0,1,0,1,0,0,0,1
103,3,2,1,2,2,2,2,2,2,0.9375,1,1,1,1,2,2,2,1,1,1,1,1,1,1,1,0.5,1,0,0.75,3,3,3,3,3,0,1,0,0,0,0,0,0,0,1,1,0,1,0,0,0,3
104,1,2,2,2,2,1,1,0,0,0.625,1,1,1,0,2,2,2,0,0,0,0,0.642857143,0,0,0,1,1,1,0.5,3,3,3,1,2.5,1,0,0,0,0,0,0,1,0,0,1,0,1,0,0,0,1
105,2,2,2,2,1,2,1,1,2,0.8125,1,0,1,1,1,2,1,1,1,1,0,0.714285714,1,1,1,1,0.5,1,0.916666667,1,3,3,2,2.25,1,0,0,0,0,0,1,0,0,0,1,0,0,0,0,1,2
106,1,2,1,2,1,1,1,0,0,0.5,1,1,1,0,2,2,2,0,0,0,0,0.642857143,0.5,0.5,1,0.5,1,1,0.75,2,3,3,1,2.25,1,0,0,0,0,0,0,0,1,0,1,0,1,0,0,0,1
107,2,2,2,1,1,1,1,0,0,0.5,1,1,1,0,2,2,1,0,0,0,0,0.571428571,0,0.5,0,0,1,0,0.25,2,3,3,1,2.25,1,0,0,0,0,0,1,0,0,0,1,0,1,0,0,0,2
108,1,0,2,2,2,2,2,2,0,0.75,1,1,1,0,2,2,2,1,1,1,1,0.928571429,0.5,1,1,0.5,1,1,0.833333333,3,3,3,1,2.5,1,0,0,0,0,0,0,1,0,0,1,0,1,0,0,0,1
109,1,2,2,2,2,1,2,2,2,0.9375,1,1,1,1,1,2,2,1,1,1,1,0.928571429,1,1,1,1,1,1,1,1,3,3,3,2.5,1,0,0,0,0,0,0,1,0,0,1,0,0,0,1,0,1
110,3,2,2,2,1,1,1,2,2,0.8125,1,1,1,0,2,2,2,1,1,1,1,0.928571429,1,1,0.5,0.5,1,0,0.666666667,1,3,3,2,2.25,0,1,0,0,0,0,0,1,0,0,1,0,0,1,0,0,3
111,3,0,2,1,1,2,1,1,2,0.625,1,0,1,0,2,1,2,1,1,1,0,0.714285714,0,0.5,0,1,1,0,0.416666667,1,3,3,2,2.25,0,1,0,0,0,0,0,1,0,0,1,0,0,0,1,0,3
112,2,2,2,2,1,2,1,1,2,0.8125,1,0,1,1,2,2,1,1,1,1,1,0.857142857,0,0,1,1,0.5,1,0.583333333,1,3,3,3,2.5,1,0,0,0,0,0,0,1,0,0,1,0,0,0,0,1,2
113,3,2,2,1,2,2,2,1,0,0.75,1,0,1,1,1,2,2,1,1,1,1,0.857142857,0,0,1,0,0.5,1,0.416666667,3,3,3,3,3,0,1,0,0,0,1,0,0,0,0,1,0,0,0,1,0,3
114,1,0,2,2,1,1,2,2,2,0.75,1,0,1,1,2,2,2,1,1,1,1,0.928571429,0.5,1,1,0.5,0.5,0,0.583333333,1,3,3,3,2.5,1,0,0,0,0,1,0,0,0,0,1,0,0,0,1,0,1
115,1,0,2,2,1,2,1,2,2,0.75,1,0,1,1,2,2,2,1,1,1,0,0.857142857,0.5,1,1,0.5,1,0,0.666666667,2,2,3,2,2.25,1,0,0,0,0,1,0,0,0,0,1,0,0,0,1,0,1
116,1,0,1,2,1,1,1,2,2,0.625,1,1,1,0,2,2,2,1,1,1,0,0.857142857,1,1,0.5,1,1,1,0.916666667,1,3,3,3,2.5,1,0,0,0,0,0,0,1,0,0,1,0,0,0,1,0,1
117,2,2,1,2,1,1,2,2,0,0.6875,1,1,1,1,2,2,1,1,1,1,1,0.928571429,0.5,0,1,0.5,1,1,0.666666667,3,2,3,1,2.25,1,0,0,0,0,0,0,1,0,0,1,0,0,0,0,1,2
118,3,2,2,2,1,1,1,1,2,0.75,1,1,1,0,2,2,2,1,1,1,1,0.928571429,1,1,1,0.5,0.5,1,0.833333333,2,3,3,2,2.5,0,1,0,0,0,0,0,0,1,0,1,0,0,0,1,0,3
119,1,0,2,2,2,1,1,2,2,0.75,1,1,1,0,2,2,2,1,1,1,0,0.857142857,0,0,0,0,1,1,0.333333333,1,2,3,3,2.25,0,1,0,0,0,0,1,0,0,0,1,0,0,0,0,1,1
120,1,2,1,2,1,1,2,2,2,0.8125,1,1,1,0,2,2,2,1,1,1,1,0.928571429,0.5,1,1,0.5,0.5,1,0.75,1,3,3,3,2.5,1,0,0,0,0,0,0,1,0,0,1,0,0,0,1,0,1
121,1,0,2,2,1,1,1,2,2,0.6875,1,0,1,1,2,2,2,1,1,1,0,0.857142857,0.5,0,1,0,1,0,0.416666667,1,2,2,3,2,0,1,0,0,0,0,0,1,0,0,1,0,0,0,1,0,1
122,1,2,2,2,2,1,1,2,2,0.875,0,0,1,1,2,2,2,1,1,1,0,0.785714286,0.5,0,1,0,1,1,0.583333333,3,3,3,3,3,1,0,0,0,0,1,0,0,0,0,1,0,0,1,0,0,1
123,1,0,2,2,2,1,2,2,2,0.8125,1,0,1,1,2,2,2,1,1,1,0,0.857142857,0.5,0,1,0,1,1,0.583333333,3,3,3,3,3,1,0,0,0,0,1,0,0,0,0,1,0,1,0,0,0,1
124,2,0,2,1,1,1,1,1,2,0.5625,1,0,1,0,1,1,1,1,1,1,0,0.571428571,0.5,1,1,1,1,0,0.75,2,3,2,2,2.25,1,0,0,0,0,0,0,0,1,0,1,0,1,0,0,0,2
125,1,0,2,2,1,2,1,2,0,0.625,1,1,1,1,2,2,2,1,1,1,1,1,1,1,1,0,1,0,0.666666667,1,1,3,2,1.75,1,0,0,0,0,0,1,0,0,0,1,0,0,0,0,1,1
126,1,0,1,1,1,1,1,2,0,0.4375,1,1,1,0,2,2,2,1,1,1,0,0.857142857,0,1,1,0.5,1,0,0.583333333,2,2,3,2,2.25,0,1,0,0,0,0,0,1,0,0,1,0,0,0,1,0,1
127,0,0,0,0,0,0,0,0,0,0,1,0,0,0,0,0,0,0,0,0,0,0.071428571,0,0,0,1,0,1,0.333333333,3,1,1,1,1.5,1,0,0,0,0,0,0,1,0,0,1,0,1,0,0,0,0
128,3,2,2,2,2,1,1,0,0,0.625,1,1,1,0,2,2,2,0,0,0,0,0.642857143,0,0,1,1,1,1,0.666666667,2,2,3,1,2,0,1,0,0,0,1,0,0,0,0,1,0,0,0,1,0,3
129,0,2,2,2,0,0,0,0,0,0.375,1,0,0,0,0,0,0,0,0,0,0,0.071428571,1,0,0,0.5,0,0,0.25,3,1,1,1,1.5,1,0,0,0,0,0,0,0,1,0,1,0,1,0,0,0,0
130,0,2,0,0,0,0,0,0,0,0.125,0,1,0,0,0,0,0,0,0,0,0,0.071428571,0,0.5,0,0,0,0,0.083333333,3,1,1,1,1.5,1,0,0,0,0,1,0,0,0,0,1,0,1,0,0,0,0
131,1,2,2,2,1,1,1,0,0,0.5625,1,0,1,0,2,2,2,0,0,0,0,0.571428571,0,0,0,0.5,1,1,0.416666667,3,3,3,1,2.5,1,0,0,0,0,0,1,0,0,0,1,0,1,0,0,0,1
132,1,2,2,2,2,1,1,2,2,0.875,1,1,1,1,2,2,2,1,1,1,1,1,1,0.5,0.5,0.5,1,1,0.75,2,3,3,2,2.5,1,0,0,0,0,0,1,0,0,0,1,0,0,0,0,1,1
133,1,0,2,2,1,1,2,2,2,0.75,1,0,1,1,2,2,2,1,1,1,0,0.857142857,0.5,0,1,0.5,1,1,0.666666667,3,3,3,3,3,1,0,0,0,0,0,1,0,0,0,1,0,0,1,0,0,1
134,1,2,2,2,1,2,2,2,2,0.9375,1,1,1,0,2,2,2,1,1,1,1,0.928571429,1,1,1,0.5,0.5,1,0.833333333,1,3,3,1,2,1,0,0,0,0,0,0,1,0,0,1,0,0,1,0,0,1
135,1,0,2,2,1,2,1,2,2,0.75,1,1,1,0,2,2,2,1,1,1,1,0.928571429,0,0,1,1,1,0,0.5,3,3,3,1,2.5,1,0,0,0,0,0,1,0,0,0,1,0,0,0,1,0,1
136,1,0,2,2,1,1,2,2,2,0.75,1,0,1,1,2,2,2,1,1,1,0,0.857142857,0,0,0,0.5,1,0,0.25,3,3,3,3,3,1,0,0,0,0,1,0,0,0,0,1,0,1,0,0,0,1
137,1,2,2,2,2,1,2,2,0,0.8125,1,1,1,1,2,2,2,1,1,1,1,1,0.5,0.5,1,1,0.5,0,0.583333333,1,3,3,3,2.5,1,0,0,0,0,0,1,0,0,0,1,0,0,0,1,0,1
138,2,2,2,0,1,1,1,2,0,0.5625,1,1,1,1,2,2,1,1,1,1,0,0.857142857,1,0.5,1,0.5,1,1,0.833333333,1,2,2,2,1.75,1,0,0,0,0,0,1,0,0,0,1,1,0,0,0,0,2
139,2,0,2,1,1,1,1,2,2,0.625,1,1,1,1,2,2,1,1,1,1,0,0.857142857,0.5,1,1,0,1,1,0.75,1,2,3,2,2,0,1,0,0,0,0,0,1,0,0,1,0,0,0,1,0,2
140,2,0,1,1,1,1,1,2,2,0.5625,1,0,1,1,2,1,1,1,1,1,0,0.714285714,0,0.5,0,0.5,1,1,0.5,2,1,1,1,1.25,1,0,0,0,0,0,1,0,0,0,1,0,0,1,0,0,2
141,1,0,0,2,2,1,1,2,2,0.625,1,0,1,1,2,2,2,1,1,1,0,0.857142857,0.5,1,1,1,1,0,0.75,1,3,3,3,2.5,1,0,0,0,0,0,1,0,0,0,1,0,0,0,0,1,1
142,3,0,2,2,2,1,1,2,2,0.75,1,1,1,0,2,2,2,1,1,1,1,0.928571429,0.5,1,1,0,1,1,0.75,1,3,3,3,2.5,0,1,0,0,0,0,0,1,0,0,1,0,1,0,0,0,3
143,2,0,2,2,1,1,1,2,2,0.6875,1,1,1,1,2,2,1,1,1,1,0,0.857142857,0.5,0.5,1,0.5,1,0,0.583333333,1,2,2,2,1.75,1,0,0,0,0,0,1,0,0,0,1,0,0,1,0,0,2
144,1,0,2,2,2,2,1,0,0,0.5625,1,0,1,1,2,2,2,0,0,0,0,0.642857143,1,1,1,1,1,0,0.833333333,2,3,3,1,2.25,1,0,0,0,0,1,0,0,0,0,1,0,0,0,1,0,1
145,0,0,1,2,0,0,0,0,0,0.1875,1,1,0,0,0,0,0,0,0,0,0,0.142857143,1,1,0.5,0,0,0,0.416666667,2,1,1,1,1.25,1,0,0,0,0,0,1,0,0,0,1,0,0,0,0,1,0
146,1,2,2,2,2,2,2,2,0,0.875,1,1,1,1,2,1,2,1,1,1,0,0.857142857,1,0.5,1,1,1,1,0.916666667,2,2,3,2,2.25,1,0,0,0,0,1,0,0,0,0,1,0,1,0,0,0,1
147,1,2,2,2,1,2,2,2,2,0.9375,1,1,1,1,2,2,2,1,1,1,1,1,1,0.5,1,1,1,0,0.75,2,3,3,3,2.75,1,0,0,0,0,1,0,0,0,0,1,0,0,1,0,0,1
148,1,2,1,2,2,2,1,2,2,0.875,1,1,1,0,2,2,2,1,1,1,0,0.857142857,0.5,1,1,0,1,1,0.75,1,3,3,3,2.5,0,1,0,0,0,0,0,0,0,1,1,0,0,0,1,0,1
149,1,0,1,2,1,1,0,0,0,0.3125,1,0,1,0,2,2,2,0,0,0,0,0.571428571,0,1,0,0.5,0.5,1,0.5,2,3,3,1,2.25,1,0,0,0,0,0,0,1,0,0,1,0,1,0,0,0,1
150,1,0,2,1,1,2,2,2,2,0.75,1,0,1,1,2,2,2,1,1,1,1,0.928571429,0,1,0,0.5,1,0,0.416666667,3,3,3,2,2.75,1,0,0,0,0,0,1,0,0,0,1,0,0,0,1,0,1
151,1,0,1,2,2,1,2,2,2,0.75,1,1,1,1,2,2,2,1,1,1,1,1,0.5,0.5,1,0.5,1,0,0.583333333,1,3,3,3,2.5,1,0,0,0,0,0,1,0,0,0,1,0,0,0,0,1,1
152,2,2,1,2,1,2,2,0,0,0.625,0,1,1,0,2,2,1,0,0,0,0,0.5,1,1,1,0.5,1,1,0.916666667,1,3,3,1,2,1,0,0,0,0,1,0,0,0,0,1,0,0,0,1,0,2
153,2,2,2,2,1,2,1,0,0,0.625,1,1,1,0,2,2,1,0,0,0,0,0.571428571,0.5,0.5,1,0.5,0.5,0,0.5,1,1,2,1,1.25,0,1,0,0,0,0,0,1,0,0,1,0,1,0,0,0,2
154,2,0,2,2,2,1,2,1,0,0.625,1,1,1,0,2,2,1,1,1,1,1,0.857142857,0.5,0.5,1,0.5,0.5,1,0.666666667,2,1,2,1,1.5,0,1,0,0,0,1,0,0,0,0,1,0,0,0,1,0,2
155,0,0,2,2,0,0,0,0,0,0.25,1,0,0,0,0,0,0,0,0,0,0,0.071428571,0,0.5,0,0.5,0,1,0.333333333,2,1,1,1,1.25,1,0,0,0,0,0,0,0,1,0,1,0,1,0,0,0,0
156,2,0,0,1,1,1,1,1,2,0.4375,1,0,1,0,1,1,1,1,1,1,1,0.642857143,1,0.5,1,0,1,0,0.583333333,1,3,3,2,2.25,1,0,0,0,0,0,0,0,1,0,1,0,1,0,0,0,2
157,1,2,2,2,1,2,1,0,0,0.625,1,1,1,0,1,1,2,0,0,0,0,0.5,1,1,0.5,0.5,1,1,0.833333333,1,3,3,1,2,1,0,0,0,0,0,0,1,0,0,1,0,0,0,0,1,1
158,2,0,2,2,0,1,1,1,2,0.5625,1,0,1,0,2,2,1,1,1,1,1,0.785714286,1,1,1,0,1,0,0.666666667,2,3,3,2,2.5,1,0,0,0,0,0,0,0,1,0,1,0,1,0,0,0,2
159,3,0,2,2,1,1,1,1,2,0.625,1,1,1,1,2,2,2,1,1,1,0,0.928571429,1,1,1,0.5,1,0,0.75,1,2,3,1,1.75,0,1,0,0,0,1,0,0,0,0,1,0,1,0,0,0,3
160,1,0,2,2,2,2,2,2,0,0.75,1,1,1,1,2,2,2,1,1,1,1,1,1,1,0.5,0.5,0.5,0,0.583333333,3,3,3,3,3,1,0,0,0,0,1,0,0,0,0,1,0,0,1,0,0,1
161,1,0,2,2,2,1,1,0,0,0.5,1,0,1,1,2,2,2,0,0,0,0,0.642857143,0.5,0.5,1,0.5,1,1,0.75,2,3,3,1,2.25,1,0,0,0,0,1,0,0,0,0,1,0,1,0,0,0,1
162,3,0,2,2,2,2,1,2,0,0.6875,1,1,1,1,2,2,2,1,1,1,0,0.928571429,0.5,0.5,0.5,0.5,0.5,0,0.416666667,1,3,3,2,2.25,0,1,0,0,0,1,0,0,0,0,1,0,1,0,0,0,3
163,2,0,2,2,2,1,2,2,2,0.8125,1,1,1,1,2,2,1,1,1,1,1,0.928571429,0.5,0.5,1,0.5,0.5,1,0.666666667,1,3,3,2,2.25,0,0,1,0,0,1,0,0,0,0,1,0,1,0,0,0,2
164,3,0,1,2,2,1,2,1,2,0.6875,1,0,1,1,1,1,2,1,1,1,0,0.714285714,1,1,1,0,1,0,0.666666667,1,3,3,1,2,0,1,0,0,0,0,0,1,0,0,1,0,1,0,0,0,3
165,1,0,2,2,1,1,2,2,2,0.75,1,1,1,0,2,2,2,1,1,1,1,0.928571429,1,1,1,0,0.5,0,0.583333333,1,3,3,1,2,1,0,0,0,0,0,0,0,1,0,1,0,0,0,1,0,1
166,2,0,2,2,2,1,1,1,0,0.5625,1,1,1,0,2,2,1,1,1,1,0,0.785714286,1,1,1,1,1,0,0.833333333,1,3,3,3,2.5,0,1,0,0,0,0,0,0,1,0,1,0,0,0,1,0,2
167,1,2,2,2,1,2,1,1,2,0.8125,1,1,1,1,2,2,2,1,1,1,1,1,0.5,1,1,1,0,1,0.75,2,3,3,2,2.5,1,0,0,0,0,1,0,0,0,0,1,0,0,0,0,1,1
168,3,0,2,2,1,1,1,2,0,0.5625,1,1,1,0,2,2,2,1,1,1,1,0.928571429,1,0.5,0.5,0.5,1,1,0.75,1,2,3,1,1.75,0,1,0,0,0,1,0,0,0,0,1,0,1,0,0,0,3
169,1,2,2,2,1,1,1,0,0,0.5625,1,0,1,1,2,2,2,0,0,0,0,0.642857143,0,0,0,0.5,1,0,0.25,2,3,3,1,2.25,0,1,0,0,0,0,0,0,1,0,1,0,1,0,0,0,1
171,0,0,2,2,0,0,0,0,0,0.25,1,1,0,0,0,0,0,0,0,0,0,0.142857143,0.5,0.5,0,1,0,0,0.333333333,1,1,1,1,1,1,0,0,0,0,0,0,1,0,0,1,1,0,0,0,0,0
172,1,2,2,2,1,2,2,2,2,0.9375,1,0,1,1,2,2,2,1,1,1,0,0.857142857,1,0.5,0,0.5,1,0,0.5,2,3,3,3,2.75,1,0,0,0,0,0,0,1,0,0,1,0,0,0,1,0,1
173,1,0,2,2,1,1,1,1,0,0.5,1,0,1,1,1,2,2,1,1,1,0,0.785714286,0.5,1,1,0.5,1,0,0.666666667,1,3,3,2,2.25,1,0,0,0,0,0,1,0,0,0,1,0,0,0,0,1,1
174,0,0,1,2,0,0,0,0,0,0.1875,1,0,0,0,0,0,0,0,0,0,0,0.071428571,0.5,1,1,0.5,0,1,0.666666667,2,1,1,1,1.25,1,0,0,0,0,0,0,1,0,0,1,0,1,0,0,0,0
175,1,2,1,2,0,1,1,0,0,0.4375,1,0,1,1,2,2,2,0,0,0,0,0.642857143,0,0.5,0,0.5,1,0,0.333333333,2,3,3,1,2.25,1,0,0,0,0,0,0,1,0,0,1,0,1,0,0,0,1
176,3,2,2,2,2,2,2,2,2,1,1,1,1,1,2,2,2,1,1,1,0,0.928571429,0.5,0.5,1,0,0.5,0,0.416666667,2,3,3,2,2.5,0,1,0,0,0,1,0,0,0,0,1,0,1,0,0,0,3
177,1,0,2,2,2,2,2,2,2,0.875,1,1,1,1,2,2,2,1,1,1,1,1,0.5,0,1,0.5,1,0,0.5,2,3,3,3,2.75,1,0,0,0,0,1,0,0,0,0,1,0,1,0,0,0,1
178,1,2,1,2,2,1,1,1,0,0.625,1,1,1,1,2,2,2,1,1,1,1,1,1,1,0.5,0.5,1,1,0.833333333,2,3,3,3,2.75,1,0,0,0,0,0,0,0,1,0,1,0,0,0,1,0,1
179,2,0,2,2,2,1,2,1,2,0.75,1,0,1,1,2,2,1,1,1,1,0,0.785714286,0,0,1,0.5,1,0,0.416666667,3,3,3,3,3,1,0,0,0,0,0,0,0,1,0,1,0,0,0,1,0,2
180,2,2,2,2,2,1,1,1,2,0.8125,1,1,1,0,2,2,1,1,1,1,1,0.857142857,1,0,1,0.5,0.5,1,0.666666667,1,3,3,3,2.5,1,0,0,0,0,0,0,0,1,0,1,0,0,0,1,0,2
181,1,0,2,2,2,1,1,2,2,0.75,1,0,1,0,1,2,2,1,1,1,1,0.785714286,0.5,0.5,1,0.5,1,0,0.583333333,2,3,3,3,2.75,1,0,0,0,0,0,0,0,1,0,1,0,1,0,0,0,1
182,2,0,2,2,1,1,1,2,2,0.6875,1,1,1,1,2,2,1,1,1,1,1,0.928571429,0,0,1,1,1,0,0.5,2,3,3,3,2.75,0,1,0,0,0,0,0,1,0,0,1,0,0,0,0,1,2
183,3,2,2,2,2,1,1,1,2,0.8125,1,1,1,1,2,2,2,1,1,1,1,1,0.5,1,1,1,1,0,0.75,2,3,3,3,2.75,0,1,0,0,0,0,0,0,1,0,1,0,0,0,0,1,3
184,3,0,1,2,2,1,1,2,0,0.5625,1,1,1,0,2,1,2,1,1,1,1,0.857142857,1,1,0.5,0.5,1,0,0.666666667,1,3,3,3,2.5,0,1,0,0,0,0,0,0,0,1,1,0,0,0,1,0,3
185,1,2,1,2,2,2,2,2,2,0.9375,1,1,1,1,2,2,2,1,1,1,1,1,0,0,0,1,1,0,0.333333333,3,3,3,3,3,1,0,0,0,0,1,0,0,0,0,1,0,1,0,0,0,1
186,1,0,2,2,2,1,1,2,2,0.75,1,1,1,1,2,2,2,1,1,1,0,0.928571429,0.5,0.5,1,0.5,0.5,0,0.5,3,3,3,2,2.75,1,0,0,0,0,1,0,0,0,0,1,0,1,0,0,0,1
187,1,0,2,2,2,2,1,2,2,0.8125,1,1,1,1,2,2,2,1,1,1,1,1,0.5,1,1,1,1,0,0.75,3,3,3,3,3,1,0,0,0,0,1,0,0,0,0,1,0,1,0,0,0,1
188,3,0,2,1,2,1,1,2,2,0.6875,1,0,1,1,2,2,2,1,1,1,0,0.857142857,0,0,1,1,1,0,0.5,2,3,3,3,2.75,0,1,0,0,0,1,0,0,0,0,1,0,1,0,0,0,3
189,1,0,1,2,1,1,1,2,2,0.625,1,0,1,0,2,1,2,1,1,1,1,0.785714286,0,0.5,0,0,0.5,0,0.166666667,2,3,3,2,2.5,1,0,0,0,0,0,1,0,0,0,1,0,0,0,0,1,1
190,1,0,2,2,2,1,2,2,2,0.8125,1,0,1,1,2,2,2,1,1,1,0,0.857142857,0.5,0.5,0.5,0.5,0.5,0,0.416666667,1,3,3,3,2.5,1,0,0,0,0,0,0,0,1,0,1,0,0,0,1,0,1
191,2,0,2,2,2,2,1,0,0,0.5625,1,1,1,0,2,2,1,0,0,0,0,0.571428571,0.5,0.5,1,0.5,1,1,0.75,2,3,3,1,2.25,0,1,0,0,0,0,1,0,0,0,1,0,0,0,0,1,2
192,1,0,2,2,2,1,0,2,2,0.6875,1,0,1,1,2,2,2,1,1,1,0,0.857142857,1,1,1,0.5,1,0,0.75,3,3,3,3,3,1,0,0,0,0,0,0,0,1,0,1,0,0,0,1,0,1
193,1,2,2,2,2,1,1,2,2,0.875,1,1,1,1,2,2,2,1,1,1,0,0.928571429,0.5,1,1,0.5,0.5,1,0.75,3,3,3,3,3,0,1,0,0,0,0,0,0,1,0,1,0,0,0,0,1,1
194,2,2,1,1,1,1,1,0,0,0.4375,1,1,1,0,2,1,1,0,0,0,0,0.5,0,0,0,0.5,0,0,0.083333333,2,2,2,1,1.75,0,1,0,0,0,0,0,1,0,0,1,0,0,1,0,0,2
195,2,0,2,2,2,2,1,2,2,0.8125,1,1,1,1,2,2,1,1,1,1,0,0.857142857,0.5,0.5,0.5,0.5,1,0,0.5,2,3,3,3,2.75,1,0,0,0,0,0,0,0,1,0,1,0,0,0,1,0,2
196,3,0,2,2,2,2,1,2,2,0.8125,1,1,1,1,2,2,2,1,1,1,1,1,0.5,1,1,0.5,1,1,0.833333333,2,3,3,3,2.75,0,1,0,0,0,1,0,0,0,0,1,0,1,0,0,0,3
197,1,0,2,2,2,2,1,2,2,0.8125,1,1,1,1,2,2,2,1,1,1,1,1,0.5,1,0.5,1,1,0,0.666666667,2,3,3,1,2.25,1,0,0,0,0,0,0,1,0,0,1,0,0,0,0,1,1
198,1,2,2,2,1,2,1,2,2,0.875,1,0,1,1,2,2,2,1,1,1,0,0.857142857,0.5,1,1,0.5,0.5,0,0.583333333,2,3,3,3,2.75,0,1,0,0,0,0,0,0,0,1,1,0,0,0,1,0,1
199,1,0,2,2,1,1,1,0,0,0.4375,1,1,1,0,2,2,2,0,0,0,0,0.642857143,1,0.5,1,1,1,0,0.75,2,3,3,1,2.25,1,0,0,0,0,1,0,0,0,0,1,0,1,0,0,0,1
200,2,0,2,2,2,1,1,1,0,0.5625,1,0,1,1,2,2,1,1,1,1,1,0.857142857,0.5,1,1,0.5,1,1,0.833333333,1,2,2,2,1.75,0,1,0,0,0,0,1,0,0,0,1,0,0,0,1,0,2
201,1,0,2,2,2,2,2,2,0,0.75,1,1,1,1,2,2,2,1,1,1,1,1,0.5,1,0.5,0,1,0,0.5,2,3,3,3,2.75,1,0,0,0,0,0,1,0,0,0,1,0,0,0,1,0,1
202,1,0,2,2,1,1,1,2,2,0.6875,1,0,1,1,2,2,2,1,1,1,0,0.857142857,0.5,1,1,0.5,1,0,0.666666667,3,3,3,3,3,0,0,0,1,0,0,0,0,1,0,1,0,0,0,1,0,1
203,2,2,2,2,1,2,1,2,2,0.875,1,0,1,1,2,2,1,1,1,1,0,0.785714286,0,0,0,0.5,1,1,0.416666667,3,3,3,3,3,1,0,0,0,0,0,0,1,0,0,1,0,0,1,0,0,2
204,1,0,2,2,1,1,2,2,2,0.75,1,1,1,1,2,2,2,1,1,1,0,0.928571429,1,1,1,0.5,1,1,0.916666667,2,3,3,3,2.75,1,0,0,0,0,0,0,0,1,0,1,0,0,0,1,0,1
205,2,0,2,2,1,1,2,2,0,0.625,1,0,1,0,1,2,1,1,1,1,0,0.642857143,1,0.5,0,0.5,1,0,0.5,3,3,3,2,2.75,1,0,0,0,0,0,0,0,1,0,1,0,1,0,0,0,2
206,1,2,2,2,2,1,1,2,2,0.875,1,1,1,1,2,2,2,1,1,1,0,0.928571429,0.5,0.5,1,0.5,1,0,0.583333333,3,3,3,3,3,1,0,0,0,0,1,0,0,0,0,1,0,0,1,0,0,1
207,3,0,2,2,1,1,2,2,2,0.75,0,0,1,0,2,2,2,1,1,1,1,0.785714286,0.5,0,1,0.5,1,1,0.666666667,1,2,3,2,2,0,1,0,0,0,1,0,0,0,0,1,0,1,0,0,0,3
208,3,0,2,1,2,1,2,2,0,0.625,1,1,1,1,2,2,2,1,1,1,1,1,0.5,1,1,0,0.5,1,0.666666667,3,3,3,2,2.75,0,1,0,0,0,1,0,0,0,0,1,0,1,0,0,0,3
209,1,2,1,2,2,1,2,2,0,0.75,1,1,1,1,2,1,2,1,1,1,1,0.928571429,0.5,1,1,1,1,0,0.75,3,2,3,2,2.5,1,0,0,0,0,0,0,0,1,0,1,0,0,0,1,0,1
210,3,0,2,2,1,1,1,2,0,0.5625,1,1,1,0,2,2,2,1,1,1,1,0.928571429,0.5,1,1,0.5,1,1,0.833333333,2,3,3,2,2.5,0,1,0,0,0,0,0,1,0,0,1,0,0,0,0,1,3
211,2,0,2,2,2,1,2,2,2,0.8125,1,1,1,0,2,2,1,1,1,1,0,0.785714286,1,1,1,0.5,1,0,0.75,1,3,3,3,2.5,1,0,0,0,0,0,0,1,0,0,1,0,0,0,1,0,2
212,3,2,2,2,1,2,1,2,2,0.875,1,1,1,1,2,2,2,1,1,1,1,1,0.5,0,1,0.5,1,0,0.5,2,3,3,2,2.5,0,1,0,0,0,0,1,0,0,0,1,0,0,0,0,1,3
213,2,0,2,2,2,1,1,1,2,0.6875,1,1,1,0,2,2,1,1,1,1,1,0.857142857,0,0,0,0.5,0.5,1,0.333333333,3,3,3,3,3,1,0,0,0,0,0,0,1,0,0,1,0,0,0,0,1,2
214,2,2,1,1,1,1,1,0,2,0.5625,1,0,1,0,2,0,0,1,0,0,1,0.428571429,1,0.5,1,1,1,0,0.75,1,1,1,3,1.5,0,1,0,0,0,0,0,0,1,0,1,0,0,0,0,1,2
215,1,0,2,1,2,2,2,2,2,0.8125,1,1,1,1,2,2,2,1,1,1,0,0.928571429,0,0.5,0.5,0.5,1,0,0.416666667,3,3,3,3,3,1,0,0,0,0,1,0,0,0,0,1,0,1,0,0,0,1
216,1,2,2,2,1,1,2,2,2,0.875,1,0,1,1,2,2,2,1,1,1,0,0.857142857,1,0.5,0.5,1,1,1,0.833333333,3,3,3,3,3,1,0,0,0,0,0,1,0,0,0,1,0,0,0,1,0,1
217,1,0,2,2,1,1,2,2,2,0.75,1,0,1,1,2,2,2,1,1,1,0,0.857142857,0.5,1,0.5,0,1,1,0.666666667,1,2,3,2,2,1,0,0,0,1,0,0,0,0,0,1,0,1,0,0,0,1
218,2,0,2,1,2,2,2,1,2,0.75,1,1,1,0,2,1,1,1,1,1,1,0.785714286,0,0,0,1,1,0,0.333333333,1,3,3,3,2.5,1,0,0,0,0,1,0,0,0,0,1,0,1,0,0,0,2
219,2,2,2,2,2,1,1,1,2,0.8125,0,0,1,1,2,2,1,1,1,1,1,0.785714286,0,0.5,0.5,0.5,1,1,0.583333333,2,2,3,2,2.25,1,0,0,0,0,1,0,0,0,0,1,1,0,0,0,0,2
220,2,2,2,2,1,1,1,2,0,0.6875,0,0,1,1,2,2,1,1,1,1,1,0.785714286,0,0.5,0,0,1,0,0.25,2,3,3,3,2.75,1,0,0,0,0,1,0,0,0,0,1,0,1,0,0,0,2
221,1,0,0,2,1,1,1,2,2,0.5625,1,1,1,1,2,2,2,1,1,0,1,0.928571429,0,1,0,0.5,1,0,0.416666667,2,3,3,3,2.75,1,0,0,0,0,1,0,0,0,0,1,0,1,0,0,0,1
222,2,0,2,1,1,2,1,1,0,0.5,0,0,1,0,2,2,1,1,1,1,1,0.714285714,0,1,0.5,1,1,1,0.75,2,3,3,2,2.5,1,0,0,0,0,1,0,0,0,0,1,1,0,0,0,0,2
223,3,0,2,2,1,1,2,2,2,0.75,1,1,1,1,2,2,2,1,1,1,1,1,0.5,0.5,0.5,1,0.5,0,0.5,2,3,3,3,2.75,0,1,0,0,0,1,0,0,0,0,1,0,0,1,0,0,3
224,2,0,2,2,1,2,1,1,2,0.6875,0,0,1,0,2,2,1,1,1,1,0,0.642857143,1,0.5,1,0.5,1,0,0.666666667,2,3,3,3,2.75,1,0,0,0,0,1,0,0,0,0,1,0,1,0,0,0,2
225,3,0,2,2,2,1,1,2,2,0.75,1,1,1,1,2,2,2,1,1,1,1,1,0.5,1,1,1,1,1,0.916666667,3,3,3,3,3,0,1,0,0,0,0,0,0,1,0,1,0,1,0,0,0,3
226,3,0,2,1,2,1,1,2,2,0.6875,1,1,1,1,2,1,2,1,1,0,1,0.857142857,0.5,1,0,0.5,1,1,0.666666667,3,2,3,2,2.5,1,0,0,0,0,1,0,0,0,0,1,1,0,0,0,0,3
227,2,2,2,2,1,2,1,2,2,0.875,1,1,1,0,2,2,1,1,1,1,0,0.785714286,1,0.5,0.5,0.5,1,0,0.583333333,2,3,3,2,2.5,1,0,0,0,0,1,0,0,0,0,1,0,1,0,0,0,2
228,1,0,2,1,1,1,1,2,0,0.5,0,0,1,1,2,2,2,1,1,1,1,0.857142857,0,0.5,0,0.5,1,1,0.5,2,3,3,1,2.25,1,0,0,0,0,1,0,0,0,0,1,0,1,0,0,0,1
229,2,0,2,2,1,2,1,1,2,0.6875,0,0,1,1,2,2,1,1,1,1,0,0.714285714,0.5,0.5,1,0.5,1,0,0.583333333,1,2,3,2,2,1,0,0,0,0,1,0,0,0,0,1,0,1,0,0,0,2
230,2,0,2,2,1,1,1,2,2,0.6875,1,0,1,0,1,1,1,1,1,1,0,0.571428571,1,1,1,0.5,0.5,0,0.666666667,1,3,3,1,2,1,0,0,0,0,1,0,0,0,0,1,0,1,0,0,0,2
231,2,0,2,2,1,2,1,0,2,0.625,0,0,1,1,2,1,1,1,1,1,1,0.714285714,0,0.5,0,0.5,1,0,0.333333333,1,2,3,1,1.75,1,0,0,0,0,1,0,0,0,0,1,0,1,0,0,0,2
232,2,0,2,1,1,2,0,1,2,0.5625,0,1,1,1,2,1,1,1,1,1,1,0.785714286,0,0.5,0,0.5,1,0,0.333333333,3,3,3,2,2.75,1,0,0,0,0,1,0,0,0,0,1,0,1,0,0,0,2
233,1,0,2,1,2,1,1,2,2,0.6875,1,1,1,1,2,2,2,1,1,1,1,1,1,1,0.5,0.5,1,1,0.833333333,3,3,3,3,3,1,0,0,0,0,1,0,0,0,0,1,0,1,0,0,0,1
234,2,2,1,2,1,1,2,2,2,0.8125,0,1,1,1,2,2,1,1,1,1,1,0.857142857,0,0.5,0.5,0.5,1,0,0.416666667,1,3,3,2,2.25,1,0,0,0,0,1,0,0,0,0,1,0,1,0,0,0,2
235,1,0,2,2,1,1,1,2,2,0.6875,1,0,1,1,2,2,2,1,1,1,0,0.857142857,0.5,0.5,1,0.5,1,1,0.75,2,3,3,3,2.75,1,0,0,0,0,0,0,1,0,0,1,0,1,0,0,0,1
236,2,0,2,2,2,1,1,2,2,0.75,1,0,1,1,2,2,1,1,1,1,0,0.785714286,0,0.5,0,1,1,0,0.416666667,3,3,3,3,3,1,0,0,0,0,0,0,1,0,0,1,0,0,0,0,1,2
237,2,0,1,2,2,1,1,1,2,0.625,1,0,1,0,2,2,1,1,1,1,1,0.785714286,0.5,0,0.5,0,1,0,0.333333333,2,3,3,2,2.5,1,0,0,0,0,0,0,1,0,0,1,0,0,0,0,1,2
238,1,2,2,2,1,2,2,0,0,0.6875,1,0,1,0,2,1,2,0,0,0,0,0.5,1,1,1,0.5,1,1,0.916666667,1,2,3,1,1.75,1,0,0,0,0,0,0,1,0,0,1,0,0,0,1,0,1
239,1,2,2,2,1,2,2,1,2,0.875,1,1,1,1,2,2,2,1,1,1,0,0.928571429,0.5,0.5,1,1,1,0,0.666666667,2,3,3,3,2.75,0,0,0,1,0,0,0,0,1,0,1,0,1,0,0,0,1
240,1,0,2,2,2,2,1,2,2,0.8125,1,1,1,0,2,2,2,1,1,1,1,0.928571429,0,1,1,0,1,0,0.5,1,3,3,2,2.25,1,0,0,0,0,1,0,0,0,0,1,0,1,0,0,0,1
241,2,2,2,2,1,1,1,2,2,0.8125,1,1,1,1,2,2,1,1,1,1,1,0.928571429,0.5,0,1,1,1,1,0.75,3,3,3,2,2.75,0,1,0,0,0,0,0,1,0,0,1,0,0,0,1,0,2
242,2,0,1,2,1,2,2,1,2,0.6875,1,1,1,1,2,2,1,1,1,1,0,0.857142857,1,1,0,0,1,1,0.666666667,1,2,2,1,1.5,1,0,0,0,0,0,0,0,1,0,1,0,0,1,0,0,2
243,1,0,2,2,1,1,1,2,2,0.6875,1,1,1,1,2,2,2,1,1,1,0,0.928571429,0.5,1,0,0.5,0.5,1,0.583333333,3,3,3,3,3,1,0,0,0,0,0,1,0,0,0,1,0,0,0,1,0,1
244,0,0,2,2,0,0,0,0,0,0.25,1,0,0,0,0,0,0,0,0,0,0,0.071428571,0.5,1,1,0,0,0,0.416666667,2,1,1,1,1.25,1,0,0,0,0,0,0,1,0,0,1,0,1,0,0,0,0
245,1,0,2,2,2,2,1,2,2,0.8125,1,1,1,1,2,2,2,1,1,1,0,0.928571429,1,0.5,1,0.5,0.5,0,0.583333333,2,3,3,2,2.5,1,0,0,0,0,0,1,0,0,0,1,0,0,0,1,0,1
246,1,0,1,2,1,1,2,2,2,0.6875,1,0,1,1,2,2,2,1,1,1,0,0.857142857,0.5,1,1,0.5,1,1,0.833333333,3,3,3,3,3,1,0,0,0,0,0,0,1,0,0,1,0,0,0,1,0,1
247,1,0,2,2,2,1,1,2,2,0.75,1,0,1,1,2,2,2,1,1,1,0,0.857142857,0.5,0,1,1,1,0,0.583333333,3,3,3,3,3,0,0,1,0,0,0,1,0,0,0,1,0,0,1,0,0,1
248,1,0,2,2,1,1,2,2,2,0.75,1,1,1,1,2,2,2,1,1,1,1,1,1,1,1,0.5,1,1,0.916666667,2,3,3,3,2.75,1,0,0,0,0,0,0,1,0,0,1,0,1,0,0,0,1
249,1,0,2,2,2,1,2,2,2,0.8125,1,1,1,1,2,2,2,1,1,1,1,1,1,1,1,0.5,1,0,0.75,1,3,3,2,2.25,1,0,0,0,0,0,0,1,0,0,1,0,0,0,1,0,1
250,1,2,2,2,0,1,1,2,2,0.75,1,0,1,0,2,2,2,1,1,1,1,0.857142857,1,0,0.5,1,1,0,0.583333333,2,3,3,3,2.75,1,0,0,0,0,0,0,0,1,0,1,0,1,0,0,0,1
251,2,2,2,2,2,1,1,2,2,0.875,1,0,1,1,2,2,1,1,1,1,0,0.785714286,0.5,1,0.5,0.5,1,1,0.75,3,3,3,3,3,1,0,0,0,0,0,0,0,1,0,1,0,0,0,0,1,2
252,1,2,1,2,0,1,1,2,2,0.6875,1,1,1,0,2,2,2,1,1,1,0,0.857142857,0.5,1,1,1,0.5,1,0.833333333,1,3,3,2,2.25,1,0,0,0,0,0,0,0,1,0,1,0,1,0,0,0,1
253,1,0,2,2,2,1,2,0,0,0.5625,1,1,1,0,2,2,2,0,0,0,0,0.642857143,0.5,0.5,1,0,0.5,0,0.416666667,2,3,3,1,2.25,1,0,0,0,0,1,0,0,0,0,1,0,1,0,0,0,1
254,0,0,1,1,0,0,0,0,0,0.125,1,1,0,0,0,0,0,0,0,0,0,0.142857143,1,1,0.5,0.5,0,0,0.5,2,1,1,1,1.25,0,1,0,0,0,1,0,0,0,0,1,0,1,0,0,0,0
255,3,0,2,1,1,2,1,2,2,0.6875,1,0,1,0,1,2,2,1,1,1,1,0.785714286,0.5,0,0.5,0.5,1,1,0.583333333,2,1,3,3,2.25,1,0,0,0,0,1,0,0,0,0,1,0,1,0,0,0,3
256,1,2,2,2,2,1,1,2,0,0.75,1,1,1,1,2,2,2,1,1,1,0,0.928571429,1,0,1,0.5,0.5,0,0.5,3,3,3,3,3,1,0,0,0,0,0,1,0,0,0,1,0,0,1,0,0,1
257,1,0,2,2,2,1,2,2,2,0.8125,1,1,1,1,2,2,2,1,1,1,0,0.928571429,1,1,1,1,1,0,0.833333333,3,3,3,3,3,0,1,0,0,0,0,0,0,1,0,1,0,1,0,0,0,1
258,2,0,1,2,2,1,1,1,2,0.625,1,1,1,0,2,2,1,1,1,1,1,0.857142857,0.5,1,0.5,0.5,1,1,0.75,1,3,3,2,2.25,0,1,0,0,0,0,0,1,0,0,1,0,0,0,1,0,2
259,2,0,2,2,1,1,1,0,0,0.4375,1,1,1,0,2,0,1,0,0,0,0,0.428571429,0,0,0.5,0.5,1,1,0.5,2,2,3,1,2,0,1,0,0,0,0,1,0,0,0,1,0,0,1,0,0,2
260,1,0,2,2,1,1,2,2,2,0.75,1,1,1,0,2,2,2,1,1,1,1,0.928571429,0.5,1,1,0,1,1,0.75,3,3,3,3,3,1,0,0,0,0,0,0,1,0,0,1,0,0,1,0,0,1
261,3,2,2,2,1,1,2,2,2,0.875,1,1,1,1,2,2,2,1,1,1,1,1,0,0,0,1,1,0,0.333333333,3,3,3,1,2.5,0,1,0,0,0,0,0,1,0,0,1,0,1,0,0,0,3
262,1,0,2,2,2,2,2,2,2,0.875,1,1,1,1,2,2,2,1,1,1,0,0.928571429,1,1,1,0,1,0,0.666666667,1,3,3,3,2.5,0,1,0,0,0,0,0,1,0,0,1,0,0,1,0,0,1
263,2,2,2,2,1,2,2,1,2,0.875,1,0,1,0,2,2,1,1,1,1,1,0.785714286,1,1,1,1,0.5,0,0.75,2,3,3,2,2.5,0,1,0,0,0,0,0,1,0,0,1,0,0,0,0,1,2
264,3,2,1,2,1,2,1,2,2,0.8125,1,1,1,1,2,2,2,1,1,1,1,1,0,0,0,1,0.5,0,0.25,3,3,3,3,3,0,1,0,0,0,1,0,0,0,0,1,0,0,1,0,0,3
265,1,2,2,2,1,1,1,1,2,0.75,1,1,1,0,2,2,2,1,1,1,1,0.928571429,0.5,1,1,0.5,0.5,1,0.75,2,3,2,2,2.25,1,0,0,0,0,0,0,1,0,0,1,0,0,0,1,0,1
266,3,2,2,2,1,2,1,2,2,0.875,0,1,1,1,1,2,1,1,1,1,1,0.785714286,0.5,0,0,0.5,1,0,0.333333333,2,2,3,2,2.25,0,1,0,0,0,1,0,0,0,0,1,0,1,0,0,0,3
267,2,2,1,2,1,1,1,1,0,0.5625,1,0,1,0,2,2,1,1,1,1,1,0.785714286,0,0,0.5,0,1,1,0.416666667,2,3,3,2,2.5,0,1,0,0,0,0,1,0,0,0,1,0,0,0,1,0,2
268,2,2,1,2,1,1,1,1,0,0.5625,1,1,1,1,2,1,1,1,1,1,0,0.785714286,0.5,0.5,1,1,0.5,0,0.583333333,1,1,2,1,1.25,0,1,0,0,0,0,0,0,1,0,1,0,0,0,0,1,2
269,1,0,1,2,2,1,2,2,2,0.75,1,0,1,1,2,2,2,1,1,1,0,0.857142857,0.5,1,1,1,1,1,0.916666667,2,3,3,3,2.75,1,0,0,0,0,0,0,1,0,0,1,0,1,0,0,0,1
270,1,0,2,2,2,1,2,2,2,0.8125,1,1,1,1,2,2,2,1,1,1,1,1,0.5,1,0.5,1,1,0,0.666666667,2,3,3,3,2.75,1,0,0,0,0,0,0,1,0,0,1,0,0,0,1,0,1
271,3,0,2,2,2,2,1,2,2,0.8125,1,1,1,1,2,2,2,1,1,1,1,1,0.5,0.5,1,1,1,1,0.833333333,3,3,3,2,2.75,0,1,0,0,0,1,0,0,0,0,1,0,0,0,1,0,3
272,1,0,2,2,1,1,2,2,2,0.75,1,1,1,1,2,2,2,1,1,1,0,0.928571429,1,1,1,1,1,0,0.833333333,1,3,3,2,2.25,0,1,0,0,0,0,1,0,0,0,1,0,0,0,0,1,1
273,1,0,2,1,1,1,1,0,0,0.375,1,1,1,0,2,2,2,0,0,0,0,0.642857143,0,0,1,0,1,1,0.5,2,3,3,1,2.25,1,0,0,0,0,1,0,0,0,0,1,0,1,0,0,0,1
274,3,0,2,2,2,1,1,2,2,0.75,1,1,1,1,2,2,2,1,1,1,1,1,0.5,0.5,1,0.5,1,0,0.583333333,2,2,3,3,2.5,0,1,0,0,0,1,0,0,0,0,1,0,1,0,0,0,3
275,3,2,2,2,2,1,2,2,2,0.9375,1,0,1,1,2,2,2,1,1,1,0,0.857142857,1,0.5,1,0.5,1,0,0.666666667,1,2,3,2,2,0,1,0,0,0,1,0,0,0,0,1,0,0,1,0,0,3
276,1,2,2,2,2,1,2,2,2,0.9375,1,0,1,1,2,2,2,1,1,1,0,0.857142857,1,0.5,1,0.5,0.5,0,0.583333333,1,3,3,3,2.5,1,0,0,0,0,0,0,0,0,1,1,0,1,0,0,0,1
277,1,0,2,2,0,2,2,2,2,0.75,1,0,1,1,2,2,2,1,1,1,0,0.857142857,0,1,1,1,1,1,0.833333333,2,3,3,2,2.5,1,0,0,0,0,1,0,0,0,0,1,0,0,1,0,0,1
278,2,0,2,2,2,2,2,2,2,0.875,1,1,1,1,1,2,1,1,1,1,1,0.857142857,1,1,0,0.5,1,0,0.583333333,3,3,3,2,2.75,1,0,0,0,0,0,0,0,1,0,1,0,0,1,0,0,2
279,1,0,2,2,2,1,2,2,2,0.8125,1,1,1,0,2,2,2,1,1,1,0,0.857142857,0,0,0.5,1,1,1,0.583333333,3,3,3,3,3,0,1,0,0,0,0,0,1,0,0,1,1,0,0,0,0,1
280,3,2,2,2,1,1,1,2,2,0.8125,1,1,1,1,2,2,2,1,1,1,1,1,0,0,0.5,0.5,0.5,0,0.25,3,3,3,3,3,0,1,0,0,0,1,0,0,0,0,1,0,0,1,0,0,3
281,3,0,2,2,2,1,1,2,0,0.625,1,1,1,1,1,2,2,1,1,1,1,0.928571429,0.5,1,1,0,1,0,0.583333333,1,2,3,1,1.75,0,1,0,0,0,1,0,0,0,0,1,0,1,0,0,0,3
282,2,0,1,1,1,1,1,1,2,0.5,1,0,1,0,1,1,1,1,1,1,1,0.642857143,0,0.5,0,0.5,1,0,0.333333333,3,3,3,2,2.75,1,0,0,0,0,0,0,1,0,0,1,0,1,0,0,0,2
283,2,2,1,2,1,2,1,0,2,0.6875,1,1,1,1,2,1,1,1,0,1,1,0.785714286,1,1,1,0.5,1,0,0.75,1,2,2,1,1.5,0,0,1,0,0,1,0,0,0,0,1,0,0,0,0,1,2
284,1,2,2,2,2,1,1,2,2,0.875,1,1,1,1,2,2,2,1,1,1,0,0.928571429,1,1,1,0.5,1,1,0.916666667,2,3,3,2,2.5,0,1,0,0,0,0,1,0,0,0,1,0,0,0,1,0,1
285,3,0,2,2,2,1,1,2,2,0.75,1,1,1,1,2,2,2,1,1,1,0,0.928571429,0,0,1,0.5,0.5,0,0.333333333,1,2,3,3,2.25,0,1,0,0,0,1,0,0,0,0,1,0,0,0,1,0,3
286,2,0,2,2,1,1,1,1,2,0.625,1,1,1,1,2,1,1,1,1,1,0,0.785714286,1,0.5,0,0.5,1,0,0.5,2,3,3,3,2.75,1,0,0,0,0,0,0,0,1,0,1,0,0,0,0,1,2
287,2,2,2,2,1,1,1,0,0,0.5625,1,1,1,1,2,2,1,0,0,0,0,0.642857143,0.5,1,1,0.5,0.5,0,0.583333333,1,3,3,1,2,1,0,0,0,0,0,0,1,0,0,1,0,0,0,1,0,2
288,2,0,1,2,1,1,1,1,2,0.5625,1,1,1,0,2,1,1,1,1,1,1,0.785714286,0.5,0.5,1,0.5,0.5,1,0.666666667,1,2,3,3,2.25,0,1,0,0,0,0,1,0,0,0,1,0,0,0,1,0,2
289,3,0,2,2,2,1,1,2,2,0.75,1,1,1,1,2,2,2,1,1,1,1,1,1,1,0.5,0.5,1,0,0.666666667,1,3,3,3,2.5,0,0,0,1,0,1,0,0,0,0,1,0,0,0,1,0,3
290,3,2,1,1,2,1,2,2,2,0.8125,1,1,1,1,2,2,2,1,1,1,1,1,0.5,1,1,1,1,0,0.75,1,3,3,2,2.25,0,1,0,0,0,0,0,0,1,0,1,0,0,0,1,0,3
291,2,2,1,1,1,1,2,2,2,0.75,1,1,1,1,1,2,1,1,1,1,0,0.785714286,1,0.5,0,0.5,1,1,0.666666667,2,3,3,2,2.5,0,1,0,0,0,0,1,0,0,0,1,0,0,0,1,0,2
292,2,0,1,2,2,2,1,0,2,0.625,1,1,1,1,2,2,1,1,0,0,1,0.785714286,0,0.5,1,0,1,0,0.416666667,1,1,1,1,1,0,1,0,0,0,0,1,0,0,0,1,0,0,0,1,0,2
293,1,2,2,2,2,1,1,2,0,0.75,1,1,1,0,2,2,2,1,1,1,1,0.928571429,1,1,0.5,1,1,1,0.916666667,2,3,3,3,2.75,1,0,0,0,0,0,0,1,0,0,1,0,0,0,1,0,1
294,2,0,2,2,1,1,2,1,0,0.5625,1,1,1,0,2,1,1,1,1,1,1,0.785714286,1,1,1,0.5,1,0,0.75,2,3,3,1,2.25,0,1,0,0,0,0,0,0,1,0,1,0,0,0,1,0,2
295,2,0,2,2,2,1,1,2,0,0.625,1,1,1,1,2,2,1,1,1,1,1,0.928571429,1,1,0,1,1,0,0.666666667,3,3,3,2,2.75,0,1,0,0,0,0,0,1,0,0,1,0,0,0,1,0,2
296,2,0,1,2,1,1,1,1,0,0.4375,1,1,1,0,2,2,1,1,1,1,1,0.857142857,1,1,1,0.5,0.5,1,0.833333333,3,3,3,2,2.75,0,1,0,0,0,0,0,0,0,1,1,0,0,0,1,0,2
297,1,2,2,2,2,1,1,2,0,0.75,1,1,1,1,2,2,2,1,1,1,1,1,0.5,1,1,0,1,0,0.583333333,2,3,3,3,2.75,1,0,0,0,0,0,0,0,1,0,1,0,0,0,1,0,1
298,2,2,2,2,1,1,1,1,2,0.75,1,1,1,0,2,2,1,1,1,1,1,0.857142857,1,1,1,0.5,1,1,0.916666667,3,3,3,2,2.75,0,1,0,0,0,0,0,1,0,0,1,0,0,0,1,0,2
299,1,2,2,2,1,2,2,2,2,0.9375,1,1,1,1,2,2,2,1,1,1,1,1,0,0,1,0.5,1,1,0.583333333,3,3,3,2,2.75,1,0,0,0,0,0,0,1,0,0,1,0,0,0,1,0,1
300,2,2,2,2,1,1,1,0,0,0.5625,1,1,1,1,2,2,1,1,0,1,1,0.857142857,0,0.5,1,1,0.5,0,0.5,1,1,1,1,1,0,1,0,0,0,0,0,0,1,0,1,0,0,0,1,0,2
301,2,2,2,2,2,1,1,1,2,0.8125,1,1,1,0,2,1,1,1,1,1,1,0.785714286,0.5,0.5,1,0.5,1,0,0.583333333,1,3,3,2,2.25,0,1,0,0,0,0,0,0,1,0,1,0,0,0,1,0,2
302,3,0,2,2,1,1,1,1,2,0.625,1,1,1,0,2,2,2,1,1,1,1,0.928571429,1,1,0.5,0.5,1,0,0.666666667,1,3,3,2,2.25,0,1,0,0,0,0,0,0,1,0,1,0,0,0,1,0,3
303,2,2,2,2,1,2,1,0,0,0.625,1,1,1,1,2,1,1,1,0,1,1,0.785714286,0.5,1,0.5,0.5,1,1,0.75,3,3,3,2,2.75,0,1,0,0,0,0,0,1,0,0,1,0,0,0,1,0,2
304,2,2,1,2,1,1,1,0,0,0.5,1,0,1,0,1,1,1,0,0,0,0,0.357142857,1,1,0,0.5,0.5,1,0.666666667,2,1,1,1,1.25,0,1,0,0,0,0,0,0,0,1,1,0,0,0,1,0,2
305,2,0,2,1,1,1,1,0,0,0.375,1,1,1,0,1,1,1,0,0,0,0,0.428571429,1,1,1,0.5,1,1,0.916666667,1,3,3,1,2,1,0,0,0,0,0,0,0,0,1,1,0,0,0,1,0,2
306,2,2,2,2,1,1,1,1,0,0.625,1,1,1,0,2,2,1,1,1,1,1,0.857142857,0.5,0,1,1,1,0,0.583333333,3,2,3,1,2.25,0,1,0,0,0,0,0,1,0,0,1,0,0,0,1,0,2
307,3,2,1,2,2,1,2,2,2,0.875,1,1,1,1,2,2,2,1,1,1,1,1,1,1,0.5,1,1,0,0.75,3,3,3,3,3,0,1,0,0,0,0,1,0,0,0,1,0,0,0,0,1,3
308,3,0,2,2,1,1,1,1,2,0.625,1,1,1,1,2,2,2,1,1,1,1,1,0,0,0,0,1,0,0.166666667,3,3,3,3,3,0,1,0,0,0,0,0,0,1,0,1,0,0,0,1,0,3
309,2,2,2,2,1,1,1,1,0,0.625,1,1,1,0,2,2,1,1,1,1,1,0.857142857,1,1,1,0.5,1,1,0.916666667,3,3,3,2,2.75,0,1,0,0,0,0,0,0,1,0,1,0,0,0,1,0,2
310,2,2,2,1,1,1,2,2,2,0.8125,1,0,1,0,2,2,1,1,1,1,1,0.785714286,1,1,1,0.5,1,1,0.916666667,3,3,3,2,2.75,1,0,0,0,0,0,0,0,1,0,1,0,0,0,1,0,2
311,0,0,2,2,0,0,0,0,0,0.25,1,0,0,0,0,0,0,0,0,0,0,0.071428571,0,0.5,0,1,0,1,0.416666667,1,1,1,1,1,1,0,0,0,0,1,0,0,0,0,1,0,1,0,0,0,0
312,1,2,2,2,1,1,1,1,2,0.75,1,1,1,1,2,2,2,1,1,1,1,1,0,0.5,0,1,0.5,0,0.333333333,3,3,3,1,2.5,1,0,0,0,0,0,1,0,0,0,1,0,0,0,1,0,1
313,3,0,2,2,2,1,1,2,2,0.75,1,1,1,1,2,2,2,1,1,1,1,1,0,0,0,0,0.5,0,0.083333333,3,3,3,3,3,0,1,0,0,0,0,0,1,0,0,1,0,0,1,0,0,3
314,1,2,1,2,1,2,1,2,2,0.8125,1,1,1,1,2,2,2,1,1,1,1,1,0,0.5,0,1,1,0,0.416666667,3,3,3,2,2.75,1,0,0,0,0,0,1,0,0,0,1,0,0,0,1,0,1
315,2,2,2,2,1,1,1,1,2,0.75,1,1,1,1,2,2,1,1,1,1,1,0.928571429,1,1,1,0,1,0,0.666666667,1,3,3,3,2.5,0,1,0,0,0,0,0,1,0,0,1,0,0,0,1,0,2
316,1,0,2,2,2,2,2,2,0,0.75,1,1,1,1,2,2,2,1,1,1,0,0.928571429,0.5,1,0.5,0.5,1,0,0.583333333,2,3,3,3,2.75,1,0,0,0,0,1,0,0,0,0,1,0,1,0,0,0,1
317,3,0,2,2,1,1,2,2,2,0.75,1,1,1,0,2,2,2,1,1,1,1,0.928571429,0,0.5,1,0.5,1,0,0.5,2,3,3,1,2.25,0,1,0,0,0,0,1,0,0,0,1,0,0,1,0,0,3
318,3,2,1,2,2,1,1,2,2,0.8125,1,1,1,0,2,2,2,1,1,1,1,0.928571429,0.5,0.5,1,1,1,0,0.666666667,3,3,3,2,2.75,0,1,0,0,0,0,0,1,0,0,1,0,0,0,0,1,3
319,3,2,2,2,1,1,2,1,2,0.8125,1,1,1,0,2,2,2,1,1,1,1,0.928571429,1,1,0.5,1,1,0,0.75,1,3,3,1,2,0,1,0,0,0,0,0,0,1,0,1,0,0,0,1,0,3
320,2,2,1,2,1,1,2,1,2,0.75,1,0,1,0,2,1,1,1,1,1,1,0.714285714,0,0.5,0.5,0.5,0.5,0,0.333333333,2,3,3,2,2.5,0,1,0,0,0,0,1,0,0,0,1,0,0,0,1,0,2
321,2,0,1,2,2,2,2,1,2,0.75,1,1,1,1,2,2,1,1,1,1,1,0.928571429,0,0.5,0,1,1,0,0.416666667,2,3,3,2,2.5,1,0,0,0,0,1,0,0,0,0,1,0,0,1,0,0,2
322,3,0,2,2,1,1,1,2,2,0.6875,1,1,1,1,1,2,2,1,1,1,1,0.928571429,0.5,1,0.5,0,1,1,0.666666667,1,3,3,1,2,0,1,0,0,0,0,0,0,1,0,1,0,0,0,1,0,3
323,2,2,2,2,1,2,1,0,0,0.625,1,1,1,0,2,1,1,0,0,0,0,0.5,0,0,0,0.5,1,0,0.25,2,3,3,1,2.25,0,1,0,0,0,0,0,1,0,0,1,0,0,0,1,0,2
324,3,2,1,2,2,1,2,2,2,0.875,1,1,1,1,2,2,2,1,1,1,1,1,0.5,1,1,1,1,1,0.916666667,2,3,3,1,2.25,0,1,0,0,0,0,0,0,1,0,1,0,0,0,1,0,3
325,1,2,2,2,1,2,2,2,2,0.9375,1,1,1,0,2,2,2,1,1,1,1,0.928571429,0.5,0,1,0.5,1,0,0.5,3,3,3,1,2.5,1,0,0,0,0,0,0,1,0,0,1,0,0,0,1,0,1
326,1,2,2,2,1,1,1,1,2,0.75,1,1,1,1,2,2,2,1,1,1,1,1,0.5,0,0,0,1,1,0.416666667,2,2,3,1,2,1,0,0,0,0,0,1,0,0,0,1,0,0,0,1,0,1
327,1,0,1,2,1,1,2,2,2,0.6875,1,1,1,1,2,2,2,1,1,1,0,0.928571429,0.5,0.5,0,0,1,0,0.333333333,2,3,3,3,2.75,1,0,0,0,0,0,1,0,0,0,1,0,0,0,1,0,1
328,1,0,2,2,1,1,2,2,2,0.75,1,1,1,1,2,2,2,1,1,1,0,0.928571429,1,1,1,1,0.5,0,0.75,2,3,3,3,2.75,0,1,0,0,0,0,0,1,0,0,1,0,0,0,1,0,1
329,0,2,2,2,0,0,0,0,0,0.375,1,0,0,0,0,0,0,0,0,0,0,0.071428571,0,0,0,0.5,0,0,0.083333333,3,1,1,1,1.5,1,0,0,0,0,1,0,0,0,0,1,0,1,0,0,0,0
330,3,0,2,2,1,1,2,2,2,0.75,1,0,1,1,2,2,2,1,1,1,1,0.928571429,1,0.5,1,0,1,1,0.75,2,3,3,3,2.75,0,1,0,0,0,1,0,0,0,0,1,0,0,1,0,0,3
331,3,2,2,2,2,2,2,2,2,1,1,0,1,1,2,2,2,1,1,1,0,0.857142857,0,0,0,0.5,0.5,0,0.166666667,1,3,3,2,2.25,0,1,0,0,0,1,0,0,0,0,1,0,0,1,0,0,3
332,3,2,1,2,1,2,2,2,0,0.75,1,1,1,1,2,2,2,1,1,1,1,1,0.5,0,1,0.5,0.5,1,0.583333333,1,3,3,2,2.25,0,1,0,0,0,1,0,0,0,0,1,0,0,1,0,0,3
333,3,0,2,2,2,2,1,2,2,0.8125,0,1,1,0,2,2,2,1,1,1,1,0.857142857,0,0.5,1,0.5,1,0,0.5,3,3,3,1,2.5,0,1,0,0,0,1,0,0,0,0,1,0,1,0,0,0,3
334,2,0,2,2,1,2,1,1,0,0.5625,1,1,1,0,1,1,1,1,1,1,1,0.714285714,1,0.5,1,0,1,1,0.75,1,3,3,2,2.25,1,0,0,0,0,1,0,0,0,0,1,0,1,0,0,0,2
335,2,2,2,1,2,1,1,2,2,0.8125,1,1,1,0,2,2,1,1,1,1,1,0.857142857,0,1,0,0.5,1,1,0.583333333,3,3,3,3,3,0,1,0,0,0,1,0,0,0,0,1,0,1,0,0,0,2
336,2,0,2,2,1,2,1,0,0,0.5,1,1,1,0,1,2,1,0,0,0,0,0.5,0.5,0.5,1,0.5,0,1,0.583333333,2,2,2,1,1.75,1,0,0,0,0,1,0,0,0,0,1,0,1,0,0,0,2
337,2,0,2,2,1,1,1,2,0,0.5625,1,0,1,1,2,2,1,1,1,1,1,0.857142857,0.5,0.5,0.5,0,0.5,0,0.333333333,2,3,3,3,2.75,1,0,0,0,0,1,0,0,0,0,1,0,1,0,0,0,2
338,2,0,1,1,2,1,2,2,0,0.5625,1,1,1,1,2,2,1,1,1,1,0,0.857142857,0,1,0,1,0,0,0.333333333,1,3,3,2,2.25,1,0,0,0,0,1,0,0,0,0,1,0,1,0,0,0,2
339,3,0,2,2,2,1,1,2,2,0.75,1,1,1,1,2,1,2,1,1,1,1,0.928571429,0,0,0,0.5,1,1,0.416666667,3,3,3,3,3,1,0,0,0,0,1,0,0,0,0,1,0,1,0,0,0,3
340,3,0,1,2,1,1,1,2,2,0.625,1,0,1,0,2,2,2,1,1,1,1,0.857142857,0.5,0.5,1,0.5,0.5,1,0.666666667,2,3,3,2,2.5,0,0,1,0,0,1,0,0,0,0,1,0,1,0,0,0,3
341,1,2,2,2,0,1,1,2,2,0.75,1,1,1,1,2,2,2,1,1,1,0,0.928571429,0,0,0,0.5,1,1,0.416666667,2,3,3,3,2.75,1,0,0,0,0,1,0,0,0,0,1,0,1,0,0,0,1
342,1,2,2,2,2,1,1,1,0,0.6875,1,1,1,1,2,2,2,1,1,1,0,0.928571429,0,0,0,0,0.5,1,0.25,3,3,3,3,3,1,0,0,0,0,1,0,0,0,0,1,0,1,0,0,0,1
343,1,0,2,1,1,2,1,0,0,0.4375,1,0,1,1,2,2,2,0,0,0,0,0.642857143,0,0,1,1,1,1,0.666666667,3,3,3,1,2.5,1,0,0,0,0,1,0,0,0,0,1,0,1,0,0,0,1
344,3,0,1,2,1,1,1,2,2,0.625,1,1,1,1,2,2,2,1,1,1,1,1,0,0.5,0.5,0.5,1,1,0.583333333,1,3,3,1,2,0,1,0,0,0,1,0,0,0,0,1,0,1,0,0,0,3
345,3,0,2,2,1,2,2,2,2,0.8125,1,1,1,1,2,2,2,1,1,1,0,0.928571429,0.5,0,0.5,0.5,1,0,0.416666667,1,3,3,3,2.5,0,1,0,0,0,1,0,0,0,0,1,0,1,0,0,0,3
346,0,0,2,2,0,0,0,0,0,0.25,1,0,0,0,0,0,0,0,0,0,0,0.071428571,0,0.5,0,0.5,0,1,0.333333333,1,1,1,1,1,1,0,0,0,0,1,0,0,0,0,1,0,1,0,0,0,0
347,2,0,2,2,1,2,1,0,0,0.5,1,0,1,1,2,2,1,0,0,0,0,0.571428571,0,1,0,0.5,1,0,0.416666667,1,2,3,1,1.75,1,0,0,0,0,0,0,0,1,0,1,0,0,0,0,1,2
348,1,0,2,2,1,1,1,1,2,0.625,1,1,1,1,2,2,2,1,1,1,1,1,0,0,0,0.5,1,1,0.416666667,2,2,3,2,2.25,1,0,0,0,0,1,0,0,0,0,1,0,0,1,0,0,1
349,1,0,2,2,2,1,1,0,0,0.5,1,1,1,1,2,2,2,0,0,0,0,0.714285714,0,0,0.5,0.5,1,0,0.333333333,1,3,3,1,2,1,0,0,0,0,0,0,1,0,0,1,0,0,0,1,0,1
350,0,2,2,2,0,0,0,0,0,0.375,1,1,0,0,0,0,0,0,0,0,0,0.142857143,0,0.5,1,0.5,0,0,0.333333333,2,1,1,1,1.25,1,0,0,0,0,1,0,0,0,0,1,0,1,0,0,0,0
351,3,0,2,2,2,2,1,1,2,0.75,1,1,1,1,2,1,2,1,1,1,1,0.928571429,0,0.5,0,0.5,1,0,0.333333333,1,3,3,2,2.25,1,0,0,0,0,1,0,0,0,0,1,0,1,0,0,0,3
352,1,2,2,2,2,1,2,2,2,0.9375,1,1,1,1,2,2,2,1,1,1,1,1,1,1,1,1,0.5,1,0.916666667,1,3,3,3,2.5,1,0,0,0,0,0,1,0,0,0,1,0,0,0,1,0,1
353,3,2,2,2,1,2,1,2,0,0.75,1,1,1,1,2,2,1,1,1,1,0,0.857142857,0.5,1,1,1,1,1,0.916666667,1,3,3,3,2.5,0,1,0,0,0,1,0,0,0,0,1,0,0,0,1,0,3
354,1,2,2,2,2,1,2,2,2,0.9375,1,1,1,1,2,2,2,1,1,1,0,0.928571429,0.5,0,1,0.5,0.5,1,0.583333333,2,3,3,3,2.75,0,0,0,1,0,0,1,0,0,0,1,0,1,0,0,0,1
355,2,2,1,2,1,1,1,1,2,0.6875,1,1,1,1,2,2,1,1,1,1,1,0.928571429,0.5,0.5,1,0.5,1,1,0.75,2,3,3,3,2.75,1,0,0,0,0,0,0,0,1,0,1,0,0,0,1,0,2
356,2,2,2,2,2,1,1,1,2,0.8125,1,1,1,1,2,2,1,1,1,1,1,0.928571429,1,1,1,1,0.5,1,0.916666667,2,3,3,3,2.75,1,0,0,0,0,1,0,0,0,0,1,0,0,0,1,0,2
357,1,0,2,2,2,2,1,2,2,0.8125,0,1,1,0,2,2,2,1,1,1,0,0.785714286,0,0.5,1,0,1,1,0.583333333,3,3,3,3,3,1,0,0,0,0,1,0,0,0,0,1,0,0,1,0,0,1
358,1,2,2,2,2,1,1,2,2,0.875,1,1,1,1,2,2,2,1,1,1,0,0.928571429,0.5,0.5,1,1,1,0,0.666666667,3,3,3,3,3,1,0,0,0,0,1,0,0,0,0,1,0,1,0,0,0,1
359,1,2,2,2,1,1,2,2,2,0.875,1,1,1,1,2,2,2,1,1,1,0,0.928571429,0.5,0.5,1,1,1,1,0.833333333,2,3,3,3,2.75,1,0,0,0,0,1,0,0,0,0,1,0,1,0,0,0,1
360,1,0,2,2,2,1,1,2,2,0.75,1,1,1,1,2,1,2,1,1,1,0,0.857142857,0,0.5,1,0.5,1,0,0.5,1,3,3,2,2.25,1,0,0,0,0,1,0,0,0,0,1,0,0,1,0,0,1
361,2,2,1,2,2,1,1,1,2,0.75,1,1,1,0,1,1,1,1,1,1,1,0.714285714,0,0,0.5,1,0.5,0,0.333333333,2,3,3,1,2.25,1,0,0,0,0,1,0,0,0,0,1,0,1,0,0,0,2
362,2,2,2,2,1,2,1,1,2,0.8125,1,0,1,0,2,1,1,1,1,1,1,0.714285714,0,0,0,1,0.5,0,0.25,2,3,3,2,2.5,0,0,0,1,0,1,0,0,0,0,1,0,1,0,0,0,2
363,0,0,2,2,0,0,0,0,0,0.25,1,0,0,0,0,0,0,0,0,0,0,0.071428571,1,0.5,0.5,0.5,0,0,0.416666667,1,1,1,1,1,1,0,0,0,0,0,0,1,0,0,1,0,1,0,0,0,0
364,1,2,1,2,2,2,1,2,2,0.875,1,1,1,1,2,2,2,1,1,1,1,1,0.5,1,1,1,1,0,0.75,3,3,3,2,2.75,1,0,0,0,0,0,1,0,0,0,1,0,0,0,1,0,1
365,2,0,1,2,2,1,1,1,2,0.625,1,1,1,0,2,2,1,1,1,1,0,0.785714286,0.5,0.5,0.5,0.5,1,1,0.666666667,1,3,3,3,2.5,0,1,0,0,0,1,0,0,0,0,1,0,1,0,0,0,2
366,2,0,2,2,2,1,1,2,0,0.625,1,0,1,1,2,1,1,1,1,1,1,0.785714286,0.5,0,1,0.5,1,0,0.5,1,3,3,2,2.25,0,1,0,0,0,1,0,0,0,0,1,0,1,0,0,0,2
367,2,0,2,1,1,1,1,0,0,0.375,1,1,1,0,1,2,1,0,0,0,0,0.5,0,0,0,0,1,0,0.166666667,2,3,3,1,2.25,0,1,0,0,0,1,0,0,0,0,1,0,0,0,1,0,2
369,2,0,2,2,1,2,1,1,2,0.6875,1,0,1,1,2,1,1,1,1,1,1,0.785714286,1,0.5,1,1,1,1,0.916666667,2,2,3,2,2.25,1,0,0,0,0,1,0,0,0,0,1,0,0,1,0,0,2
370,0,2,2,2,0,0,0,0,0,0.375,1,0,0,0,0,0,0,0,0,0,0,0.071428571,1,1,0.5,0.5,0,1,0.666666667,1,1,1,1,1,1,0,0,0,0,0,0,1,0,0,1,0,0,0,1,0,0
371,2,0,1,2,1,1,1,1,0,0.4375,1,0,1,1,2,2,1,1,1,1,0,0.785714286,1,1,0.5,0.5,1,0,0.666666667,2,3,3,3,2.75,0,1,0,0,0,0,0,1,0,0,1,0,1,0,0,0,2
372,2,0,2,2,1,1,2,2,2,0.75,1,0,1,0,1,2,1,1,1,1,0,0.642857143,0.5,1,1,1,1,1,0.916666667,2,3,3,3,2.75,1,0,0,0,0,0,0,1,0,0,1,0,0,0,1,0,2
373,2,0,2,2,1,2,1,1,2,0.6875,1,0,1,0,1,1,1,1,1,1,1,0.642857143,0.5,1,1,0.5,1,0,0.666666667,2,3,3,1,2.25,1,0,0,0,0,0,0,0,0,1,1,0,1,0,0,0,2
374,1,0,2,2,2,2,1,2,2,0.8125,1,1,1,1,2,2,2,1,1,1,1,1,1,1,1,0.5,1,1,0.916666667,2,3,3,3,2.75,1,0,0,0,0,0,1,0,0,0,1,0,0,0,1,0,1
375,1,2,2,2,1,2,2,2,2,0.9375,1,1,1,1,2,2,2,1,1,1,1,1,0.5,0,0,0.5,1,0,0.333333333,1,3,3,3,2.5,1,0,0,0,0,0,0,0,1,0,1,0,0,0,1,0,1
376,1,0,2,2,2,1,1,2,2,0.75,1,1,1,1,2,2,2,1,1,1,0,0.928571429,0,0.5,0,1,1,0,0.416666667,2,3,3,3,2.75,1,0,0,0,0,0,0,0,1,0,1,0,1,0,0,0,1
378,2,2,2,2,2,2,1,1,2,0.875,1,0,1,0,2,2,1,1,1,1,1,0.785714286,0.5,1,1,0,0.5,1,0.666666667,1,3,3,2,2.25,1,0,0,0,0,0,0,0,1,0,1,0,0,0,1,0,2
379,2,2,1,2,1,1,1,1,0,0.5625,1,1,1,0,2,2,1,1,1,1,1,0.857142857,0,0.5,0.5,0.5,1,0,0.416666667,2,3,3,3,2.75,1,0,0,0,0,0,0,1,0,0,1,0,0,0,1,0,2
380,2,2,2,1,2,1,0,1,2,0.6875,1,0,1,0,2,0,1,1,1,1,0,0.571428571,0.5,0.5,1,0.5,1,0,0.583333333,2,1,3,3,2.25,0,1,0,0,0,1,0,0,0,0,1,0,0,1,0,0,2
381,3,2,2,2,2,1,1,0,0,0.625,1,1,1,0,2,2,2,0,0,0,0,0.642857143,0.5,0.5,0.5,1,1,1,0.75,1,1,3,1,1.5,0,1,0,0,0,1,0,0,0,0,1,0,0,0,1,0,3
382,1,0,1,2,1,2,1,2,2,0.6875,1,1,1,1,2,2,2,1,1,1,1,1,0.5,0.5,1,0,1,0,0.5,1,3,3,3,2.5,1,0,0,0,0,1,0,0,0,0,1,0,0,0,1,0,1
383,1,0,2,2,2,1,1,2,2,0.75,1,1,1,1,2,2,2,1,1,1,1,1,0.5,0,0.5,0.5,0.5,0,0.333333333,2,3,3,3,2.75,1,0,0,0,0,1,0,0,0,0,1,0,0,0,1,0,1
384,3,2,2,2,1,2,1,1,2,0.8125,1,1,1,0,2,2,2,1,1,1,1,0.928571429,0,0,0,0.5,0,0,0.083333333,2,3,3,3,2.75,0,1,0,0,0,1,0,0,0,0,1,0,0,1,0,0,3
385,3,0,2,2,2,1,2,2,2,0.8125,1,1,1,0,2,2,2,1,1,1,1,0.928571429,0.5,0.5,1,1,1,1,0.833333333,3,3,3,3,3,0,1,0,0,0,0,1,0,0,0,1,0,0,1,0,0,3
386,3,0,2,2,1,2,2,1,0,0.625,1,1,1,1,2,2,1,1,1,0,1,0.857142857,0.5,0.5,1,1,1,1,0.833333333,1,2,2,3,2,0,1,0,0,0,1,0,0,0,0,1,0,1,0,0,0,3
387,3,2,2,2,1,2,2,2,2,0.9375,1,1,1,1,2,2,2,1,1,1,1,1,0,1,1,1,0.5,1,0.75,3,3,3,2,2.75,0,1,0,0,0,1,0,0,0,0,1,0,1,0,0,0,3
388,1,0,2,2,1,1,2,2,2,0.75,1,1,1,1,2,2,2,1,1,1,0,0.928571429,1,1,1,1,1,0,0.833333333,1,3,3,3,2.5,1,0,0,0,0,0,0,1,0,0,1,0,0,0,0,1,1
389,1,2,2,2,2,2,1,1,2,0.875,1,1,1,1,2,2,2,1,1,1,1,1,0.5,1,0.5,1,0.5,1,0.75,1,3,3,2,2.25,1,0,0,0,0,0,1,0,0,0,1,0,0,0,0,1,1
390,1,2,2,2,2,2,1,2,2,0.9375,1,1,1,1,2,2,2,1,1,1,0,0.928571429,1,1,1,0.5,1,0,0.75,3,3,3,3,3,1,0,0,0,0,1,0,0,0,0,1,0,1,0,0,0,1
391,1,0,1,2,2,1,1,2,2,0.6875,1,0,1,1,2,2,2,1,1,1,0,0.857142857,0,0,0.5,0.5,1,0,0.333333333,2,3,3,3,2.75,0,1,0,0,0,0,0,1,0,0,1,0,0,0,0,1,1
392,1,2,2,2,2,1,1,2,2,0.875,1,0,1,1,2,2,2,1,1,1,0,0.857142857,0.5,0,1,0.5,1,0,0.5,3,3,3,3,3,0,1,0,0,0,0,1,0,0,0,1,0,0,0,0,1,1
393,2,2,2,1,2,2,1,2,2,0.875,1,1,1,1,2,1,1,1,1,1,1,0.857142857,0,0,0,0,1,0,0.166666667,1,3,3,1,2,0,1,0,0,0,1,0,0,0,0,1,0,1,0,0,0,2
394,3,0,2,2,1,2,1,0,0,0.5,1,1,1,0,2,2,2,0,0,0,0,0.642857143,1,0.5,0.5,0.5,1,0,0.583333333,2,2,3,1,2,0,1,0,0,0,1,0,0,0,0,1,0,1,0,0,0,3
395,3,0,2,2,2,1,1,2,2,0.75,1,0,1,1,2,2,2,1,1,1,0,0.857142857,1,0.5,1,0.5,1,0,0.666666667,3,3,3,3,3,0,1,0,0,0,1,0,0,0,0,1,0,0,1,0,0,3
396,3,0,2,2,2,1,1,0,0,0.5,1,1,1,0,2,2,2,0,0,0,0,0.642857143,1,0.5,0,0.5,0.5,1,0.583333333,3,3,3,1,2.5,0,1,0,0,0,1,0,0,0,0,1,0,0,1,0,0,3
397,1,2,2,2,2,2,1,1,2,0.875,1,0,1,1,2,2,2,1,1,1,0,0.857142857,1,1,1,0,1,1,0.833333333,2,3,3,3,2.75,1,0,0,0,0,0,1,0,0,0,1,0,0,0,1,0,1
398,3,0,2,2,2,2,2,2,2,0.875,1,1,1,0,2,2,2,1,1,1,1,0.928571429,0.5,0.5,1,0.5,1,1,0.75,3,3,3,3,3,0,1,0,0,0,1,0,0,0,0,1,0,1,0,0,0,3
399,1,0,2,2,1,2,2,2,2,0.8125,1,1,1,1,2,2,2,1,1,1,1,1,0,0,0.5,0,1,1,0.416666667,2,3,3,2,2.5,1,0,0,0,0,1,0,0,0,0,1,0,1,0,0,0,1
400,1,0,2,2,2,2,2,2,2,0.875,0,1,1,1,2,2,2,1,1,1,1,0.928571429,0.5,0,1,1,0.5,0,0.5,3,3,3,1,2.5,1,0,0,0,0,1,0,0,0,0,1,0,1,0,0,0,1
401,1,0,2,2,2,2,1,1,2,0.75,1,1,1,1,2,1,2,1,1,1,0,0.857142857,0,0,0,0.5,1,0,0.25,3,3,3,3,3,1,0,0,0,0,1,0,0,0,0,1,0,0,0,1,0,1
402,3,2,2,2,2,1,2,2,2,0.9375,1,1,1,1,2,2,2,1,1,1,1,1,1,1,1,0.5,1,0,0.75,2,3,3,3,2.75,0,1,0,0,0,1,0,0,0,0,1,0,0,1,0,0,3
403,3,0,1,2,2,1,1,2,2,0.6875,1,1,1,1,2,1,2,1,1,1,1,0.928571429,0.5,1,1,0,1,1,0.75,1,2,3,2,2,0,1,0,0,0,0,1,0,0,0,1,0,1,0,0,0,3
404,3,0,1,2,2,1,1,2,2,0.6875,1,1,1,1,2,1,2,1,1,1,1,0.928571429,0.5,1,0.5,0.5,1,1,0.75,1,2,3,3,2.25,0,1,0,0,0,0,0,1,0,0,1,0,0,0,0,1,3
405,1,0,2,1,1,1,2,2,2,0.6875,0,0,1,1,2,0,2,1,1,1,0,0.642857143,0.5,0.5,1,0.5,1,0,0.583333333,3,3,3,3,3,1,0,0,0,0,1,0,0,0,0,1,0,1,0,0,0,1
406,3,0,1,2,1,1,1,2,2,0.625,1,1,1,0,1,1,2,1,1,1,0,0.714285714,0,0,0,0.5,1,1,0.416666667,3,3,3,3,3,0,1,0,0,0,0,0,1,0,0,1,0,0,0,1,0,3
407,3,0,2,2,2,2,1,2,2,0.8125,0,0,1,1,2,2,2,1,1,1,1,0.857142857,1,0.5,1,0.5,0.5,0,0.583333333,3,3,3,2,2.75,0,0,1,0,0,1,0,0,0,0,1,0,1,0,0,0,3
408,1,0,2,2,1,2,1,2,2,0.75,1,1,1,1,2,2,2,1,1,1,1,1,0.5,0.5,1,0.5,0.5,0,0.5,2,3,3,1,2.25,1,0,0,0,0,1,0,0,0,0,1,0,1,0,0,0,1
409,1,0,1,2,2,1,2,1,2,0.6875,1,1,1,1,2,2,2,1,1,1,1,1,0.5,0.5,1,0.5,1,0,0.583333333,2,3,3,3,2.75,1,0,0,0,0,1,0,0,0,0,1,0,0,1,0,0,1
410,2,2,2,2,2,2,1,2,2,0.9375,1,0,1,1,2,2,1,1,1,1,0,0.785714286,0,0,0,1,1,1,0.5,2,3,2,3,2.5,1,0,0,0,0,0,1,0,0,0,1,0,0,0,1,0,2
411,1,0,2,2,2,1,2,2,2,0.8125,1,1,1,0,2,2,2,1,1,1,1,0.928571429,0,0.5,0,0,0.5,0,0.166666667,3,3,3,2,2.75,1,0,0,0,0,1,0,0,0,0,1,0,0,1,0,0,1
412,1,0,2,2,1,2,1,2,2,0.75,1,1,1,1,2,2,2,1,1,1,0,0.928571429,0.5,0.5,1,0.5,0.5,1,0.666666667,3,3,3,1,2.5,1,0,0,0,0,1,0,0,0,0,1,0,1,0,0,0,1
413,3,0,2,1,2,1,1,0,2,0.5625,1,1,1,1,2,2,2,1,1,1,1,1,1,1,1,0.5,0,0,0.583333333,2,3,2,3,2.5,0,1,0,0,0,1,0,0,0,0,1,0,1,0,0,0,3
414,3,0,2,2,2,1,1,1,2,0.6875,1,1,1,1,1,2,2,1,1,1,1,0.928571429,0,0.5,0,0,1,0,0.25,3,3,3,3,3,0,1,0,0,0,0,0,1,0,0,1,0,0,0,0,1,3
415,1,0,2,1,1,1,2,2,2,0.6875,1,0,1,1,2,2,2,1,1,1,0,0.857142857,0.5,1,0.5,0.5,1,0,0.583333333,3,3,3,2,2.75,1,0,0,0,0,1,0,0,0,0,1,0,1,0,0,0,1
416,1,0,1,2,2,1,1,2,2,0.6875,1,1,1,1,2,2,2,1,1,1,0,0.928571429,0.5,1,0,0.5,0.5,0,0.416666667,1,3,3,3,2.5,1,0,0,0,0,1,0,0,0,0,1,0,0,1,0,0,1
417,3,2,2,2,1,1,1,1,0,0.625,1,1,1,1,2,2,1,1,1,1,1,0.928571429,1,1,1,0,0.5,0,0.583333333,3,3,3,1,2.5,0,1,0,0,0,1,0,0,0,0,1,0,0,0,1,0,3
418,1,2,2,2,1,1,2,0,0,0.625,0,1,1,0,2,2,2,0,0,0,0,0.571428571,0,1,1,1,1,0,0.666666667,3,3,3,1,2.5,1,0,0,0,0,1,0,0,0,0,1,0,1,0,0,0,1
419,1,2,2,2,2,1,2,2,2,0.9375,1,1,1,0,2,2,2,1,1,1,0,0.857142857,1,1,1,1,1,0,0.833333333,1,3,3,3,2.5,0,1,0,0,0,0,0,1,0,0,1,0,0,0,0,1,1
420,3,0,2,2,2,2,1,2,2,0.8125,1,1,1,1,2,2,2,1,1,1,0,0.928571429,0,0,1,0.5,1,1,0.583333333,2,2,3,3,2.5,0,1,0,0,0,1,0,0,0,0,1,0,0,1,0,0,3
421,3,0,2,2,2,1,1,2,2,0.75,1,1,1,0,2,2,2,1,1,1,1,0.928571429,0.5,0.5,1,1,0.5,0,0.583333333,1,3,3,2,2.25,0,1,0,0,0,0,0,0,1,0,1,0,0,0,0,1,3
422,3,0,2,2,1,2,1,0,0,0.5,0,1,1,0,2,2,2,0,0,0,0,0.571428571,0,0,0,0.5,1,0,0.25,2,2,3,1,2,0,1,0,0,0,1,0,0,0,0,1,0,1,0,0,0,3
423,1,0,1,2,1,2,2,2,2,0.75,1,1,1,1,2,1,2,1,1,1,1,0.928571429,1,1,1,0.5,1,1,0.916666667,1,3,3,3,2.5,1,0,0,0,0,0,0,0,1,0,1,0,0,0,0,1,1
424,2,0,2,2,1,1,1,1,0,0.5,1,1,1,0,2,2,1,1,1,1,0,0.785714286,1,0,1,0.5,0,1,0.583333333,2,2,1,1,1.5,0,1,0,0,0,1,0,0,0,0,1,0,1,0,0,0,2
425,1,2,2,2,2,1,2,2,2,0.9375,1,0,1,1,2,2,2,1,1,1,0,0.857142857,0,0,0,1,1,1,0.5,3,3,3,3,3,0,1,0,0,0,0,0,1,0,0,1,0,0,0,0,1,1
426,2,2,2,2,1,1,1,0,0,0.5625,1,1,1,1,2,1,1,0,0,0,0,0.571428571,1,0.5,0.5,0.5,1,0,0.583333333,1,3,3,1,2,0,1,0,0,0,1,0,0,0,0,1,0,0,1,0,0,2
427,0,0,1,2,0,0,0,0,0,0.1875,0,1,0,0,0,0,0,0,0,0,0,0.071428571,1,0.5,1,1,0,0,0.583333333,1,1,1,1,1,0,1,0,0,0,1,0,0,0,0,1,0,1,0,0,0,0
428,1,0,2,2,2,1,2,2,2,0.8125,1,1,1,1,2,2,2,1,1,1,1,1,1,0.5,1,0.5,0.5,1,0.75,1,3,3,2,2.25,1,0,0,0,0,1,0,0,0,0,1,0,0,1,0,0,1
429,2,2,2,2,2,1,2,1,2,0.875,1,0,1,1,2,2,1,1,1,1,1,0.857142857,1,1,1,0.5,1,1,0.916666667,3,3,3,3,3,1,0,0,0,0,0,1,0,0,0,1,0,0,1,0,0,2
430,2,0,2,2,1,1,1,2,2,0.6875,1,0,1,1,1,2,1,1,1,1,0,0.714285714,0.5,1,1,0.5,1,0,0.666666667,2,3,3,3,2.75,1,0,0,0,0,0,0,1,0,0,1,0,0,0,0,1,2
431,2,0,2,2,1,1,1,2,2,0.6875,1,0,1,0,1,2,1,1,1,1,1,0.714285714,1,1,1,0,1,1,0.833333333,2,3,3,3,2.75,1,0,0,0,0,0,1,0,0,0,1,0,0,1,0,0,2
432,3,0,1,2,1,1,2,2,0,0.5625,1,1,1,1,2,2,2,1,1,1,1,1,0.5,0.5,1,1,1,0,0.666666667,1,3,3,1,2,0,1,0,0,0,1,0,0,0,0,1,0,0,1,0,0,3
433,1,0,2,2,2,1,1,2,0,0.625,1,0,1,1,2,2,2,1,1,1,0,0.857142857,0,0.5,0,0.5,0.5,0,0.25,3,3,3,3,3,1,0,0,0,0,1,0,0,0,0,1,0,1,0,0,0,1
434,1,0,2,2,2,2,2,2,2,0.875,1,1,1,1,2,2,2,1,1,1,0,0.928571429,1,1,1,0,1,1,0.833333333,3,3,3,3,3,0,1,0,0,0,0,1,0,0,0,1,0,0,0,0,1,1
435,2,2,2,2,1,2,1,1,0,0.6875,1,1,1,1,2,1,1,1,1,1,1,0.857142857,0,0.5,0,0,1,0,0.25,1,2,3,2,2,0,1,0,0,0,0,0,0,0,1,1,0,0,0,0,1,2
436,1,0,2,2,2,2,1,2,2,0.8125,1,0,1,1,2,2,2,1,1,1,1,0.928571429,0,0,0,1,1,1,0.5,3,3,3,3,3,1,0,0,0,0,0,0,1,0,0,1,0,0,0,1,0,1
437,3,2,2,2,2,2,1,2,0,0.8125,1,1,1,1,2,2,2,1,1,1,0,0.928571429,1,1,1,0.5,1,0,0.75,1,3,3,3,2.5,0,1,0,0,0,1,0,0,0,0,1,0,0,1,0,0,3
438,1,2,2,2,2,2,2,2,2,1,1,0,1,1,1,2,2,1,1,1,1,0.857142857,1,1,0.5,0,1,0,0.583333333,1,3,3,2,2.25,1,0,0,0,0,0,0,1,0,0,1,0,0,0,1,0,1
439,3,0,1,2,1,1,1,2,2,0.625,1,1,1,1,2,1,2,1,1,1,1,0.928571429,1,0.5,1,0.5,1,0,0.666666667,1,3,3,2,2.25,1,0,0,0,0,1,0,0,0,0,1,0,0,1,0,0,3
440,1,0,2,2,1,2,1,1,0,0.5625,1,0,1,1,2,2,2,1,1,1,0,0.857142857,0,0,0.5,0.5,1,0,0.333333333,2,2,3,1,2,1,0,0,0,0,0,0,1,0,0,1,0,0,0,0,1,1
441,3,2,1,2,2,1,1,0,0,0.5625,0,1,1,0,2,2,2,0,0,0,0,0.571428571,0,0,0,0.5,1,0,0.25,1,3,3,1,2,0,1,0,0,0,1,0,0,0,0,1,0,1,0,0,0,3
442,1,0,1,2,1,2,1,1,0,0.5,1,1,1,0,2,2,2,1,1,1,1,0.928571429,1,0.5,1,0.5,0.5,0,0.583333333,1,2,3,2,2,1,0,0,0,0,0,0,1,0,0,1,0,0,0,0,1,1
443,1,2,2,2,2,1,1,2,2,0.875,1,1,1,1,2,2,2,1,1,1,1,1,0.5,1,0,1,1,1,0.75,2,3,3,3,2.75,1,0,0,0,0,1,0,0,0,0,1,0,1,0,0,0,1
444,1,0,2,2,1,1,1,0,0,0.4375,0,1,1,0,2,2,2,0,0,0,0,0.571428571,0.5,1,1,0.5,0.5,0,0.583333333,1,3,3,1,2,1,0,0,0,0,1,0,0,0,0,1,0,0,0,1,0,1
445,1,2,2,2,2,1,1,2,0,0.75,1,1,1,0,2,2,2,1,1,1,1,0.928571429,0.5,1,1,0.5,1,0,0.666666667,2,3,3,3,2.75,1,0,0,0,0,1,0,0,0,0,1,0,0,1,0,0,1
446,1,2,2,1,1,1,1,0,0,0.5,1,1,1,0,2,2,2,0,0,0,0,0.642857143,0,0,1,0.5,1,0,0.416666667,3,3,3,1,2.5,0,1,0,0,0,0,1,0,0,0,1,0,0,0,0,1,1
447,2,0,2,1,1,2,1,2,0,0.5625,1,1,1,1,1,2,1,1,1,1,1,0.857142857,0.5,1,1,0,1,1,0.75,1,3,3,1,2,1,0,0,0,0,0,0,1,0,0,1,0,1,0,0,0,2
448,1,0,2,2,1,2,1,2,0,0.625,0,1,1,1,2,2,2,1,1,1,0,0.857142857,0.5,0.5,1,0.5,1,0,0.583333333,2,3,3,3,2.75,1,0,0,0,0,1,0,0,0,0,1,0,1,0,0,0,1
449,1,2,2,2,2,1,2,2,2,0.9375,1,1,1,1,2,2,2,1,1,1,0,0.928571429,0.5,0.5,0.5,0.5,1,0,0.5,2,3,3,3,2.75,1,0,0,0,0,1,0,0,0,0,1,0,1,0,0,0,1
450,2,0,1,2,2,1,1,2,2,0.6875,1,1,1,0,2,1,1,1,1,1,1,0.785714286,0,0.5,1,0.5,0.5,0,0.416666667,1,2,2,2,1.75,0,1,0,0,0,1,0,0,0,0,1,0,1,0,0,0,2
451,1,0,2,2,1,2,1,2,2,0.75,1,1,1,1,2,2,2,1,1,1,0,0.928571429,0.5,1,1,0.5,1,0,0.666666667,3,3,3,3,3,1,0,0,0,0,1,0,0,0,0,1,0,1,0,0,0,1
452,3,2,2,2,2,1,2,2,2,0.9375,1,1,1,1,2,2,2,1,1,1,1,1,0,0,0,0.5,1,1,0.416666667,2,3,3,3,2.75,0,1,0,0,0,0,0,1,0,0,1,0,0,0,0,1,3
453,2,2,2,2,1,1,2,1,2,0.8125,1,1,1,1,2,2,1,1,1,1,0,0.857142857,0.5,1,1,0.5,0.5,0,0.583333333,2,3,3,2,2.5,0,1,0,0,0,0,0,1,0,0,1,0,0,0,1,0,2
454,1,2,2,2,1,1,2,2,0,0.75,1,0,1,0,2,2,2,1,1,1,1,0.857142857,0,0.5,0.5,0.5,1,0,0.416666667,1,3,3,2,2.25,1,0,0,0,0,0,0,0,1,0,1,0,0,0,1,0,1
455,3,2,1,2,2,1,1,0,0,0.5625,1,1,1,1,2,2,1,0,0,0,0,0.642857143,0,0,1,1,0.5,1,0.583333333,2,2,2,1,1.75,0,1,0,0,0,1,0,0,0,0,1,0,0,1,0,0,3
456,1,2,2,2,2,2,1,2,2,0.9375,1,1,1,1,2,2,2,1,1,1,1,1,1,1,1,0.5,0.5,1,0.833333333,1,3,3,2,2.25,1,0,0,0,0,1,0,0,0,0,1,0,0,0,1,0,1
457,1,0,2,2,2,1,2,2,2,0.8125,1,1,1,1,2,2,2,1,1,1,1,1,0,0.5,0,0.5,1,1,0.5,3,3,3,2,2.75,1,0,0,0,0,0,0,1,0,0,1,0,1,0,0,0,1
458,1,0,2,2,1,1,2,0,0,0.5,1,1,1,0,2,2,2,0,0,0,0,0.642857143,1,1,0.5,1,0.5,1,0.833333333,3,2,3,1,2.25,1,0,0,0,0,1,0,0,0,0,1,0,0,1,0,0,1
459,3,0,0,2,1,1,1,2,2,0.5625,1,0,1,0,2,2,2,1,1,1,1,0.857142857,0.5,1,1,0.5,1,0,0.666666667,1,2,3,1,1.75,0,1,0,0,0,0,1,0,0,0,1,0,0,0,1,0,3
460,0,0,2,2,0,0,0,0,0,0.25,1,0,0,0,0,0,0,0,0,0,0,0.071428571,0,0,0.5,0,0,0,0.083333333,3,1,1,1,1.5,1,0,0,0,0,0,0,1,0,0,1,0,1,0,0,0,0
461,2,0,2,2,2,1,2,1,2,0.75,1,1,1,1,2,2,1,1,1,1,1,0.928571429,0,0,0,0,0.5,1,0.25,1,3,3,2,2.25,1,0,0,0,0,0,0,1,0,0,1,0,0,0,1,0,2
462,1,0,2,2,1,1,1,2,0,0.5625,1,0,1,1,2,1,2,1,1,1,0,0.785714286,0,0.5,0.5,0,1,1,0.5,2,3,3,3,2.75,1,0,0,0,0,0,0,1,0,0,1,0,0,0,1,0,1
463,2,0,2,2,2,2,1,0,0,0.5625,1,1,1,0,2,2,1,0,0,0,0,0.571428571,0.5,1,1,0.5,1,1,0.833333333,3,3,3,1,2.5,0,1,0,0,0,0,1,0,0,0,1,0,0,0,0,1,2
464,1,0,2,2,2,2,2,2,2,0.875,1,1,1,1,2,2,2,1,1,1,0,0.928571429,0.5,0.5,1,1,1,0,0.666666667,3,2,3,3,2.75,1,0,0,0,0,1,0,0,0,0,1,0,0,1,0,0,1
465,3,0,2,2,2,1,1,2,2,0.75,1,1,1,1,2,2,2,1,1,1,1,1,0,0.5,0,1,0.5,0,0.333333333,1,3,3,3,2.5,0,1,0,0,0,1,0,0,0,0,1,0,1,0,0,0,3
466,1,2,2,2,2,1,1,2,2,0.875,1,1,1,0,2,2,2,1,1,1,1,0.928571429,0,0.5,0,1,1,1,0.583333333,2,3,3,1,2.25,1,0,0,0,0,1,0,0,0,0,1,0,1,0,0,0,1
467,1,2,2,2,1,1,1,2,2,0.8125,1,1,1,1,2,2,2,1,1,1,0,0.928571429,0,0,0,1,1,1,0.5,3,3,3,2,2.75,1,0,0,0,0,1,0,0,0,0,1,0,1,0,0,0,1
468,2,0,1,2,0,1,1,2,2,0.5625,1,1,1,1,2,1,1,1,1,1,0,0.785714286,0,0.5,0,0,0.5,0,0.166666667,1,3,3,2,2.25,1,0,0,0,0,0,0,0,1,0,1,0,1,0,0,0,2
469,3,0,2,2,2,1,1,1,2,0.6875,1,1,1,1,2,2,1,1,1,1,1,0.928571429,0.5,0.5,1,1,1,0,0.666666667,2,3,3,2,2.5,0,1,0,0,0,1,0,0,0,0,1,0,1,0,0,0,3
470,1,0,2,2,2,2,1,0,0,0.5625,1,0,1,1,2,2,2,0,0,0,0,0.642857143,0.5,1,1,0,0.5,1,0.666666667,1,3,3,1,2,1,0,0,0,0,1,0,0,0,0,1,0,1,0,0,0,1
471,2,0,2,2,1,1,1,1,2,0.625,1,1,1,0,1,2,1,1,1,1,1,0.785714286,0.5,1,1,0,1,1,0.75,1,3,3,2,2.25,0,1,0,0,0,0,0,0,1,0,1,0,0,0,0,1,2
472,2,0,2,2,1,2,1,1,0,0.5625,0,0,1,1,2,1,1,1,1,1,1,0.714285714,0,0.5,0,0,0.5,0,0.166666667,2,3,3,2,2.5,0,1,0,0,0,1,0,0,0,0,1,0,0,1,0,0,2
473,2,2,2,2,2,1,1,1,2,0.8125,1,1,1,1,2,2,1,1,1,1,0,0.857142857,0,0.5,0,1,0.5,0,0.333333333,2,3,3,2,2.5,0,1,0,0,0,0,1,0,0,0,1,0,0,0,1,0,2
474,2,2,1,2,1,1,1,1,2,0.6875,1,1,1,1,2,1,1,1,1,1,0,0.785714286,1,1,1,1,1,1,1,1,2,3,3,2.25,0,1,0,0,0,0,0,0,1,0,1,0,0,0,0,1,2
475,1,0,2,2,1,1,2,0,2,0.625,1,1,1,1,2,2,2,1,1,1,0,0.928571429,0,0.5,0.5,0.5,1,1,0.583333333,3,3,3,2,2.75,1,0,0,0,0,1,0,0,0,0,1,0,1,0,0,0,1
476,3,0,2,2,2,1,1,2,2,0.75,1,1,1,0,2,2,2,1,1,1,1,0.928571429,1,1,1,0.5,1,1,0.916666667,3,2,3,2,2.5,0,1,0,0,0,0,1,0,0,0,1,0,0,0,0,1,3
477,1,0,2,2,1,1,2,2,2,0.75,1,1,1,0,2,2,2,1,1,1,0,0.857142857,0.5,1,1,1,1,1,0.916666667,2,3,3,2,2.5,1,0,0,0,0,0,0,0,1,0,1,0,1,0,0,0,1
478,1,2,2,2,2,2,1,2,2,0.9375,1,1,1,1,2,2,2,1,1,1,0,0.928571429,0,0,0,1,0,0,0.166666667,3,3,3,3,3,0,0,0,1,0,1,0,0,0,0,1,0,1,0,0,0,1
479,2,0,2,2,2,2,1,2,0,0.6875,1,1,1,1,2,2,1,1,1,1,0,0.857142857,0,0.5,0,0.5,1,0,0.333333333,3,3,3,3,3,1,0,0,0,0,1,0,0,0,0,1,0,1,0,0,0,2
480,2,0,2,2,2,1,1,2,2,0.75,1,0,1,1,2,2,1,1,1,1,1,0.857142857,0.5,1,0.5,0.5,1,1,0.75,3,3,3,3,3,1,0,0,0,0,0,1,0,0,0,1,0,0,0,1,0,2
481,3,2,2,2,1,1,1,2,2,0.8125,1,0,1,0,1,2,2,1,1,1,1,0.785714286,1,1,0,0.5,1,0,0.583333333,3,3,3,2,2.75,0,1,0,0,0,1,0,0,0,0,1,0,1,0,0,0,3
482,3,0,2,2,1,1,1,2,2,0.6875,1,0,1,1,2,2,2,1,1,1,1,0.928571429,0.5,0,1,0.5,1,1,0.666666667,1,2,2,2,1.75,0,1,0,0,0,1,0,0,0,0,1,0,0,0,1,0,3
483,1,0,2,2,2,2,2,2,0,0.75,1,1,1,1,2,2,2,1,1,1,0,0.928571429,0,0,0,0.5,0.5,0,0.166666667,3,3,3,3,3,0,0,0,1,0,0,0,0,1,0,1,0,1,0,0,0,1
484,1,0,2,2,2,1,2,2,2,0.8125,1,1,1,1,2,2,2,1,1,1,0,0.928571429,0.5,0.5,1,0.5,1,1,0.75,2,3,3,3,2.75,1,0,0,0,0,1,0,0,0,0,1,0,1,0,0,0,1
485,2,0,2,2,2,1,1,2,2,0.75,1,1,1,0,2,2,1,1,1,1,1,0.857142857,0,0.5,0.5,0.5,1,0,0.416666667,2,3,3,3,2.75,0,1,0,0,0,0,0,0,1,0,1,0,1,0,0,0,2
486,3,0,2,2,1,1,1,1,2,0.625,1,1,1,1,2,2,1,1,1,1,1,0.928571429,1,1,0.5,0,1,1,0.75,2,2,3,2,2.25,0,1,0,0,0,1,0,0,0,0,1,0,1,0,0,0,3
487,2,0,2,2,1,2,1,0,0,0.5,1,1,1,0,2,1,1,0,0,0,0,0.5,1,1,1,0.5,1,0,0.75,2,3,3,1,2.25,0,1,0,0,0,1,0,0,0,0,1,0,0,1,0,0,2
488,0,0,1,2,0,0,0,0,0,0.1875,1,0,0,0,0,0,0,0,0,0,0,0.071428571,0,0,0.5,0.5,0,0,0.166666667,2,1,1,1,1.25,1,0,0,0,0,0,0,1,0,0,1,0,0,0,1,0,0
489,2,0,2,2,1,1,1,1,0,0.5,1,1,1,1,2,2,1,1,1,1,0,0.857142857,0,0,0,0.5,1,0,0.25,3,2,3,3,2.75,0,1,0,0,0,0,1,0,0,0,1,0,0,0,0,1,2
490,3,0,2,2,2,2,1,2,2,0.8125,1,0,1,1,2,2,1,1,1,1,0,0.785714286,1,1,0.5,0.5,1,0,0.666666667,3,3,2,3,2.75,0,1,0,0,0,1,0,0,0,0,1,0,0,0,1,0,3
491,2,2,2,2,1,2,1,2,2,0.875,1,0,1,0,2,2,1,1,1,1,1,0.785714286,0,0,0,0.5,1,0,0.25,3,3,3,3,3,1,0,0,0,0,0,0,0,1,0,1,0,0,0,0,1,2
492,2,2,2,2,1,2,2,1,2,0.875,1,1,1,0,2,2,1,1,1,1,0,0.785714286,1,0.5,1,1,1,1,0.916666667,3,3,3,2,2.75,0,1,0,0,0,0,0,0,1,0,1,0,0,0,0,1,2
493,1,0,2,2,2,1,2,2,2,0.8125,1,1,1,1,2,2,2,1,1,1,0,0.928571429,1,1,1,0.5,1,0,0.75,1,2,2,3,2,1,0,0,0,0,0,0,1,0,0,1,0,0,0,0,1,1
494,3,0,2,2,2,2,1,2,2,0.8125,1,1,1,1,2,2,2,1,1,1,1,1,1,1,0.5,0.5,1,1,0.833333333,2,2,3,3,2.5,0,1,0,0,0,0,1,0,0,0,1,0,0,0,0,1,3
495,3,2,2,1,2,1,1,0,0,0.5625,1,1,1,0,2,2,2,0,0,0,0,0.642857143,0.5,0,0,0,1,0,0.25,1,1,2,1,1.25,0,1,0,0,0,1,0,0,0,0,1,0,1,0,0,0,3
496,3,0,2,2,2,1,1,2,2,0.75,1,1,1,0,2,2,2,1,1,1,1,0.928571429,0.5,1,1,0.5,1,0,0.666666667,2,2,3,1,2,0,0,1,0,0,1,0,0,0,0,1,0,0,0,1,0,3
497,1,0,2,2,1,2,1,1,2,0.6875,0,0,1,1,2,2,2,1,1,1,1,0.857142857,0,0,0,0.5,1,0,0.25,2,3,3,3,2.75,1,0,0,0,0,0,1,0,0,0,1,0,1,0,0,0,1
498,1,0,2,2,1,1,1,2,2,0.6875,1,1,1,1,1,1,2,1,1,1,0,0.785714286,0,0.5,0,1,1,1,0.583333333,3,3,3,2,2.75,1,0,0,0,0,1,0,0,0,0,1,0,0,1,0,0,1
499,3,0,2,2,1,1,1,2,0,0.5625,0,1,1,1,2,2,2,1,1,1,0,0.857142857,0,0,0,1,1,1,0.5,1,3,2,3,2.25,0,1,0,0,0,1,0,0,0,0,1,0,1,0,0,0,3
500,1,2,1,2,1,1,1,2,2,0.75,1,1,1,1,2,2,2,1,1,1,1,1,0.5,1,1,0.5,1,0,0.666666667,2,3,3,3,2.75,1,0,0,0,0,1,0,0,0,0,1,0,1,0,0,0,1
501,0,0,1,2,0,0,0,0,0,0.1875,1,0,0,0,0,0,0,0,0,0,0,0.071428571,0,0,0,0.5,0,1,0.25,3,1,1,1,1.5,1,0,0,0,0,0,0,0,1,0,1,0,0,0,1,0,0
502,2,0,1,2,1,1,2,2,2,0.6875,1,1,1,1,2,2,1,1,1,1,0,0.857142857,1,1,1,0.5,1,0,0.75,2,3,3,3,2.75,0,1,0,0,0,0,0,0,1,0,1,0,0,0,1,0,2
503,1,2,1,2,2,1,1,2,2,0.8125,1,1,1,1,2,2,2,1,1,1,1,1,0.5,1,1,1,1,1,0.916666667,1,2,3,3,2.25,1,0,0,0,0,0,1,0,0,0,1,0,0,0,1,0,1
504,1,2,2,2,1,1,1,2,2,0.8125,1,0,1,0,1,2,2,1,1,1,1,0.785714286,0.5,0,1,0.5,1,1,0.666666667,2,3,3,3,2.75,1,0,0,0,0,0,1,0,0,0,1,0,0,0,0,1,1
505,3,2,2,2,0,1,1,2,0,0.625,1,1,1,1,2,2,2,1,1,1,1,1,1,1,0.5,0.5,1,0,0.666666667,1,3,3,2,2.25,0,1,0,0,0,1,0,0,0,0,1,0,1,0,0,0,3
506,2,2,2,2,2,2,2,0,0,0.75,1,1,1,0,2,2,1,0,0,0,0,0.571428571,1,1,1,1,1,0,0.833333333,1,3,3,1,2,0,1,0,0,0,1,0,0,0,0,1,0,0,0,1,0,2
507,1,0,2,2,1,1,1,2,0,0.5625,1,0,1,1,2,2,2,1,1,1,0,0.857142857,0,0,0,1,0.5,1,0.416666667,2,3,3,3,2.75,0,0,0,1,0,0,1,0,0,0,1,0,1,0,0,0,1
508,3,0,2,2,1,1,1,2,0,0.5625,1,1,1,0,2,2,2,1,1,1,1,0.928571429,0.5,0,1,1,0,1,0.583333333,3,3,3,2,2.75,0,1,0,0,0,1,0,0,0,0,1,0,0,1,0,0,3
509,1,2,2,2,2,2,2,2,2,1,1,1,1,1,2,2,2,1,1,1,0,0.928571429,0,0,0,1,1,0,0.333333333,3,3,3,3,3,1,0,0,0,0,0,0,1,0,0,1,0,0,0,0,1,1
510,3,0,2,2,2,2,1,2,2,0.8125,1,1,1,1,2,2,2,1,1,1,1,1,0,0.5,0,0,1,0,0.25,1,3,3,1,2,0,1,0,0,0,1,0,0,0,0,1,0,1,0,0,0,3
511,2,2,2,2,1,1,1,1,2,0.75,1,1,1,1,2,2,1,1,1,1,0,0.857142857,0,0,0.5,0,1,1,0.416666667,2,3,3,3,2.75,1,0,0,0,0,0,1,0,0,0,1,0,0,1,0,0,2
512,1,0,2,2,2,1,1,2,0,0.625,0,0,1,1,2,2,2,1,1,1,0,0.785714286,0.5,0.5,1,0.5,1,0,0.583333333,1,3,3,3,2.5,0,0,0,1,0,1,0,0,0,0,1,0,0,1,0,0,1
513,3,0,1,2,2,1,1,1,2,0.625,1,1,1,1,2,2,1,1,1,1,1,0.928571429,0.5,0.5,0.5,0,1,0,0.416666667,1,3,3,2,2.25,0,1,0,0,0,1,0,0,0,0,1,0,1,0,0,0,3
514,1,0,2,2,2,2,1,2,2,0.8125,1,1,1,0,2,2,2,1,1,1,1,0.928571429,0.5,0.5,1,0.5,1,1,0.75,2,3,3,3,2.75,1,0,0,0,0,1,0,0,0,0,1,0,0,0,0,1,1
515,0,0,1,2,0,0,0,0,0,0.1875,1,0,0,0,0,0,0,0,0,0,0,0.071428571,0.5,0.5,1,0.5,0,0,0.416666667,2,1,1,1,1.25,1,0,0,0,0,0,0,1,0,0,1,0,1,0,0,0,0
516,1,0,2,2,1,1,1,2,2,0.6875,1,0,1,1,2,2,2,1,1,1,0,0.857142857,0.5,1,0.5,0.5,1,1,0.75,2,3,3,3,2.75,1,0,0,0,0,0,1,0,0,0,1,0,1,0,0,0,1
517,1,2,2,2,1,2,1,2,2,0.875,1,1,1,0,2,2,2,1,1,1,1,0.928571429,0.5,1,1,0.5,0.5,0,0.583333333,1,2,3,1,1.75,1,0,0,0,0,1,0,0,0,0,1,0,0,0,1,0,1
518,1,0,2,2,2,1,1,1,2,0.6875,1,1,1,1,2,2,2,1,1,1,1,1,0.5,0.5,1,0.5,1,0,0.583333333,3,3,2,3,2.75,1,0,0,0,0,1,0,0,0,0,1,0,1,0,0,0,1
519,2,0,1,2,1,1,2,1,2,0.625,1,0,1,0,2,2,1,1,1,1,1,0.785714286,0.5,0,1,1,1,1,0.75,3,3,3,3,3,0,0,0,1,0,0,0,0,1,0,1,0,0,0,0,1,2
520,3,0,2,2,2,1,1,2,0,0.625,1,1,1,1,2,2,1,1,1,1,1,0.928571429,1,1,0,0.5,1,0,0.583333333,3,1,2,2,2,0,1,0,0,0,1,0,0,0,0,1,0,0,0,1,0,3
521,2,0,2,2,1,1,1,2,2,0.6875,1,0,1,0,2,2,1,1,1,1,1,0.785714286,0.5,1,1,0.5,1,0,0.666666667,3,3,3,2,2.75,1,0,0,0,0,0,0,1,0,0,1,0,0,0,0,1,2
522,1,2,2,2,2,1,2,2,2,0.9375,1,1,1,1,2,2,2,1,1,1,1,1,0.5,0,1,1,1,1,0.75,2,3,3,3,2.75,1,0,0,0,0,0,0,0,1,0,1,0,0,0,0,1,1
523,1,0,1,2,2,1,2,2,0,0.625,1,0,1,0,2,2,2,1,1,1,0,0.785714286,0,0.5,0,0,0.5,1,0.333333333,3,3,3,3,3,1,0,0,0,0,0,0,0,1,0,1,0,0,1,0,0,1
524,3,0,2,2,2,2,1,1,2,0.75,1,1,1,1,2,2,2,1,1,1,1,1,0,0.5,0,0.5,0.5,0,0.25,3,2,3,2,2.5,0,1,0,0,0,1,0,0,0,0,1,0,0,1,0,0,3
525,1,0,2,2,1,1,1,2,2,0.6875,1,0,1,1,2,1,2,1,1,1,1,0.857142857,0.5,0.5,1,0,1,1,0.666666667,3,3,3,3,3,1,0,0,0,0,0,0,1,0,0,1,0,0,0,1,0,1
526,2,0,1,2,2,1,1,1,0,0.5,1,1,1,1,2,2,1,1,1,1,0,0.857142857,1,0.5,1,0.5,1,1,0.833333333,1,2,3,1,1.75,1,0,0,0,0,0,1,0,0,0,1,0,0,0,1,0,2
527,3,0,2,2,1,1,1,2,2,0.6875,0,1,1,1,2,2,2,1,1,1,0,0.857142857,0.5,0.5,1,0.5,1,0,0.583333333,2,3,3,3,2.75,0,1,0,0,0,1,0,0,0,0,1,0,1,0,0,0,3
528,3,2,2,2,1,2,1,2,2,0.875,1,1,1,0,2,2,2,1,1,1,0,0.857142857,0,1,1,0,0,0,0.333333333,2,3,3,3,2.75,0,1,0,0,0,1,0,0,0,0,1,0,1,0,0,0,3
529,2,0,1,2,1,1,1,2,2,0.625,1,1,1,1,2,1,1,1,1,1,1,0.857142857,1,1,1,0.5,1,0,0.75,1,3,3,2,2.25,0,1,0,0,0,0,0,0,1,0,1,0,0,0,0,1,2
530,2,0,1,2,1,1,1,1,0,0.4375,1,1,1,1,2,2,1,1,1,1,1,0.928571429,0.5,1,1,1,0.5,0,0.666666667,2,1,3,3,2.25,0,1,0,0,0,0,1,0,0,0,1,0,0,0,0,1,2
531,1,0,2,2,2,2,1,2,2,0.8125,1,0,1,0,2,2,2,1,1,1,0,0.785714286,0.5,0.5,1,0,1,1,0.666666667,1,3,3,2,2.25,1,0,0,0,0,1,0,0,0,0,1,0,1,0,0,0,1
532,3,0,2,2,2,2,1,2,0,0.6875,1,1,1,1,2,2,2,1,1,1,1,1,1,0.5,1,0.5,0.5,1,0.75,2,3,3,3,2.75,0,1,0,0,0,1,0,0,0,0,1,0,1,0,0,0,3
533,1,0,2,2,2,1,1,1,0,0.5625,1,1,1,1,2,2,2,1,1,1,0,0.928571429,0,0.5,0,0.5,0.5,1,0.416666667,2,3,3,2,2.5,1,0,0,0,0,1,0,0,0,0,1,0,0,0,1,0,1
534,1,2,2,2,2,1,2,2,2,0.9375,1,1,1,1,2,2,2,1,1,1,1,1,0,0,0,0.5,0.5,0,0.166666667,1,2,3,2,2,1,0,0,0,0,1,0,0,0,0,1,0,0,0,0,1,1
535,1,0,2,2,1,2,1,2,2,0.75,1,1,1,0,2,2,2,1,1,1,0,0.857142857,0.5,1,0,0.5,1,0,0.5,2,3,3,3,2.75,0,1,0,0,0,0,0,1,0,0,1,0,0,0,0,1,1
536,1,2,1,2,0,1,2,2,2,0.75,1,0,1,1,2,2,2,1,1,1,0,0.857142857,0.5,1,1,0.5,1,1,0.833333333,1,3,3,2,2.25,1,0,0,0,0,0,0,0,1,0,1,0,0,1,0,0,1
537,1,2,2,2,2,1,2,2,2,0.9375,1,1,1,1,2,2,2,1,1,1,1,1,0,0,0,1,0.5,1,0.416666667,3,3,3,2,2.75,1,0,0,0,0,1,0,0,0,0,1,0,1,0,0,0,1
538,1,0,2,2,1,1,2,2,2,0.75,1,0,1,1,2,2,2,1,1,1,0,0.857142857,0.5,0.5,1,0.5,1,0,0.583333333,2,3,3,3,2.75,1,0,0,0,0,1,0,0,0,0,1,0,0,0,1,0,1
539,3,0,2,2,1,2,1,0,0,0.5,1,1,1,0,2,1,2,0,0,0,0,0.571428571,0.5,0.5,1,0,1,1,0.666666667,1,1,3,1,1.5,0,1,0,0,0,1,0,0,0,0,1,0,0,1,0,0,3
540,1,0,2,2,2,2,2,2,0,0.75,1,1,1,0,2,2,2,1,1,1,1,0.928571429,0.5,1,1,0.5,1,0,0.666666667,3,3,3,2,2.75,1,0,0,0,0,0,1,0,0,0,1,0,1,0,0,0,1
541,1,0,2,2,1,2,1,2,2,0.75,1,1,1,0,2,2,2,1,1,1,1,0.928571429,0.5,0.5,1,1,1,0,0.666666667,2,3,3,3,2.75,1,0,0,0,0,0,1,0,0,0,1,0,0,0,0,1,1
542,2,0,2,2,1,1,1,1,2,0.625,1,1,1,0,2,2,1,1,1,1,1,0.857142857,0,0,0,0.5,1,0,0.25,3,3,3,3,3,0,1,0,0,0,1,0,0,0,0,1,0,1,0,0,0,2
543,3,0,2,2,1,1,1,2,2,0.6875,1,1,1,1,2,2,2,1,1,1,1,1,0.5,0.5,1,0,1,0,0.5,1,2,3,2,2,0,1,0,0,0,1,0,0,0,0,1,0,1,0,0,0,3
544,1,2,2,2,1,1,2,2,2,0.875,1,0,1,1,2,2,2,1,1,1,0,0.857142857,0,0.5,0,0,1,0,0.25,3,3,3,3,3,1,0,0,0,0,0,0,0,1,0,1,0,0,1,0,0,1
545,3,2,2,2,2,1,1,2,2,0.875,1,1,1,1,2,2,2,1,1,1,1,1,1,1,1,1,0.5,1,0.916666667,2,3,3,3,2.75,0,1,0,0,0,1,0,0,0,0,1,0,0,0,1,0,3
546,3,0,2,2,1,1,1,2,2,0.6875,1,0,1,0,2,2,2,1,1,1,1,0.857142857,0.5,0.5,0.5,0.5,1,0,0.5,3,3,3,1,2.5,0,1,0,0,0,1,0,0,0,0,1,0,1,0,0,0,3
547,2,2,1,2,1,1,1,1,0,0.5625,1,1,1,0,2,1,1,1,1,1,1,0.785714286,0.5,1,1,0,0.5,0,0.5,3,2,2,2,2.25,1,0,0,0,0,0,0,1,0,0,1,0,0,0,1,0,2
548,2,2,2,2,2,1,2,1,2,0.875,0,0,1,1,2,1,1,1,1,1,1,0.714285714,0,0,1,0.5,0.5,0,0.333333333,3,3,3,3,3,0,1,0,0,0,1,0,0,0,0,1,0,0,1,0,0,2
549,1,0,2,2,2,1,1,2,2,0.75,1,1,1,1,2,2,2,1,1,1,1,1,0,0,0,0.5,1,1,0.416666667,3,3,3,2,2.75,1,0,0,0,0,0,0,1,0,0,1,0,0,1,0,0,1
550,3,2,2,2,2,2,1,2,2,0.9375,1,1,1,1,2,2,2,1,1,1,1,1,1,1,1,1,0.5,0,0.75,3,3,3,2,2.75,0,1,0,0,0,1,0,0,0,0,1,0,0,1,0,0,3
551,1,0,2,2,1,2,1,1,2,0.6875,1,1,1,0,2,2,2,1,1,1,1,0.928571429,0,0,0.5,1,1,1,0.583333333,2,3,3,2,2.5,1,0,0,0,0,0,1,0,0,0,1,0,0,0,0,1,1
552,1,0,1,2,1,2,1,2,0,0.5625,1,0,1,1,2,2,2,1,1,1,1,0.928571429,0.5,0,0.5,0.5,1,1,0.583333333,2,2,3,1,2,1,0,0,0,0,1,0,0,0,0,1,0,0,0,1,0,1
553,3,2,1,2,2,2,0,1,2,0.75,1,1,1,1,2,2,2,1,1,1,1,1,1,1,0.5,1,1,0,0.75,1,3,3,3,2.5,0,1,0,0,0,0,0,1,0,0,1,0,0,0,0,1,3
554,1,0,2,2,0,1,2,2,2,0.6875,1,0,1,1,2,2,2,1,1,1,0,0.857142857,0.5,1,0.5,0.5,1,1,0.75,3,3,3,3,3,1,0,0,0,0,0,1,0,0,0,1,0,0,0,1,0,1
555,3,2,1,2,1,1,1,2,2,0.75,1,1,1,1,2,2,2,1,1,1,1,1,0,0,1,0,0.5,1,0.416666667,3,3,3,3,3,0,1,0,0,0,1,0,0,0,0,1,0,1,0,0,0,3
556,1,2,2,2,1,2,2,2,2,0.9375,1,1,1,0,2,2,2,1,1,1,0,0.857142857,1,1,0,0.5,1,0,0.583333333,2,3,3,3,2.75,1,0,0,0,0,0,0,1,0,0,1,0,0,0,1,0,1
557,1,0,1,2,1,1,1,0,0,0.375,1,0,1,0,2,2,2,0,0,0,0,0.571428571,0.5,0.5,1,1,0.5,1,0.75,3,3,3,1,2.5,0,1,0,0,0,0,0,0,1,0,1,0,0,0,1,0,1
558,3,2,2,2,1,1,1,1,0,0.625,1,1,1,0,2,2,2,1,1,1,1,0.928571429,0,0.5,0.5,1,1,1,0.666666667,2,3,3,2,2.5,0,1,0,0,0,1,0,0,0,0,1,0,1,0,0,0,3
559,1,2,2,2,1,2,1,2,2,0.875,1,1,1,1,2,2,2,1,1,1,0,0.928571429,0,0,0,0.5,1,0,0.25,3,3,3,3,3,1,0,0,0,0,0,0,0,1,0,1,0,1,0,0,0,1
560,2,0,2,2,1,1,1,0,0,0.4375,1,1,1,0,1,1,1,0,0,0,0,0.428571429,0,0,0,1,0,1,0.333333333,2,2,3,1,2,0,1,0,0,0,0,0,1,0,0,1,0,0,0,1,0,2
561,3,0,1,2,2,1,2,2,0,0.625,1,1,1,1,2,2,2,1,1,1,0,0.928571429,0.5,1,1,0.5,0.5,0,0.583333333,2,3,3,3,2.75,0,1,0,0,0,1,0,0,0,0,1,0,1,0,0,0,3
562,3,0,2,2,2,2,2,2,2,0.875,1,1,1,1,2,2,2,1,1,1,1,1,1,1,0.5,0.5,1,0,0.666666667,3,3,3,2,2.75,0,1,0,0,0,1,0,0,0,0,1,0,1,0,0,0,3
563,1,0,2,2,2,1,1,0,0,0.5,1,1,1,1,2,2,2,1,0,1,1,0.928571429,0,0.5,0,0.5,0.5,0,0.25,3,3,3,1,2.5,0,0,0,1,0,0,0,0,1,0,1,0,0,0,1,0,1
564,3,0,2,2,2,1,1,2,2,0.75,1,1,1,0,2,2,2,1,1,1,1,0.928571429,0,0,0,0.5,0.5,0,0.166666667,3,3,3,2,2.75,0,1,0,0,0,1,0,0,0,0,1,0,0,0,1,0,3
565,2,0,2,2,2,1,1,1,0,0.5625,1,1,1,0,2,2,1,1,1,1,1,0.857142857,1,1,1,1,0.5,0,0.75,2,3,3,1,2.25,0,1,0,0,0,0,1,0,0,0,1,0,0,0,0,1,2
566,1,0,2,2,1,2,1,2,2,0.75,1,0,1,1,1,2,2,1,1,1,0,0.785714286,0,0.5,0,0,1,1,0.416666667,2,3,3,2,2.5,1,0,0,0,0,1,0,0,0,0,1,0,0,1,0,0,1
567,2,0,2,2,2,1,1,1,2,0.6875,1,1,1,1,2,1,1,1,1,1,1,0.857142857,0,0,0.5,0.5,1,1,0.5,1,2,3,3,2.25,0,1,0,0,0,1,0,0,0,0,1,0,1,0,0,0,2
568,1,2,2,2,2,1,2,2,2,0.9375,1,1,1,1,2,2,2,1,1,1,1,1,1,1,0.5,0.5,1,1,0.833333333,2,3,3,3,2.75,1,0,0,0,0,0,0,1,0,0,1,0,0,0,1,0,1
569,2,0,2,2,1,1,2,0,2,0.625,0,1,1,1,1,1,1,1,1,1,1,0.714285714,0.5,0.5,1,0.5,0.5,0,0.5,2,2,3,2,2.25,0,1,0,0,0,1,0,0,0,0,1,0,0,1,0,0,2
570,2,0,2,2,2,1,1,0,0,0.5,1,0,1,0,2,2,1,0,0,0,0,0.5,0.5,0.5,1,0,0.5,0,0.416666667,1,3,3,1,2,1,0,0,0,0,1,0,0,0,0,1,0,1,0,0,0,2
571,1,0,2,2,1,1,2,2,0,0.625,1,0,1,1,2,2,2,1,1,1,0,0.857142857,0.5,0.5,1,0.5,1,0,0.583333333,1,3,3,3,2.5,1,0,0,0,0,1,0,0,0,0,1,0,1,0,0,0,1
572,1,0,2,2,1,1,2,2,2,0.75,1,1,1,1,2,2,2,1,1,1,1,1,0,0,0,0.5,1,0,0.25,1,3,3,1,2,1,0,0,0,0,1,0,0,0,0,1,0,1,0,0,0,1
573,2,0,2,2,1,1,1,1,2,0.625,1,1,1,0,2,2,1,1,1,1,1,0.857142857,0.5,1,0.5,0,1,0,0.5,1,3,3,1,2,1,0,0,0,0,0,0,1,0,0,1,0,0,0,0,1,2
574,3,0,2,2,1,1,1,0,0,0.4375,1,1,1,1,2,2,1,0,0,0,0,0.642857143,1,1,1,0.5,1,0,0.75,2,3,3,1,2.25,0,1,0,0,0,1,0,0,0,0,1,0,1,0,0,0,3
575,1,0,2,2,2,1,2,2,2,0.8125,1,0,1,1,2,2,2,1,1,1,1,0.928571429,0.5,1,1,0.5,1,1,0.833333333,2,3,3,3,2.75,1,0,0,0,0,0,0,0,1,0,1,0,1,0,0,0,1
576,3,2,2,2,2,1,1,2,2,0.875,1,1,1,1,2,2,2,1,1,1,1,1,0.5,0.5,0.5,0.5,0.5,0,0.416666667,3,3,3,3,3,0,1,0,0,0,0,1,0,0,0,1,0,0,0,1,0,3
577,2,2,2,2,2,2,2,2,0,0.875,1,1,1,1,2,2,1,1,1,1,1,0.928571429,1,1,0.5,0,1,1,0.75,1,2,3,2,2,1,0,0,0,0,0,0,1,0,0,1,0,0,0,0,1,2
578,2,2,1,2,1,1,1,1,2,0.6875,1,1,1,0,2,2,1,1,1,1,1,0.857142857,1,1,1,0.5,1,0,0.75,3,3,3,3,3,0,1,0,0,0,0,0,0,1,0,1,0,1,0,0,0,2
579,1,0,2,2,1,2,1,0,0,0.5,1,1,1,0,2,2,2,0,0,0,0,0.642857143,0,0.5,1,0.5,0.5,1,0.583333333,1,3,3,1,2,1,0,0,0,0,1,0,0,0,0,1,0,0,1,0,0,1
580,2,0,2,2,2,1,1,1,2,0.6875,1,1,1,0,1,2,1,1,1,1,1,0.785714286,0.5,1,1,1,1,1,0.916666667,1,3,3,2,2.25,1,0,0,0,0,0,0,1,0,0,1,0,0,0,1,0,2
581,1,0,2,2,1,2,1,2,2,0.75,1,1,1,0,2,2,2,1,1,1,1,0.928571429,0,0,0,0,1,0,0.166666667,1,2,3,2,2,1,0,0,0,0,1,0,0,0,0,1,0,1,0,0,0,1
582,2,2,2,2,1,2,1,2,2,0.875,1,0,1,1,2,2,1,1,1,1,1,0.857142857,0,0,0.5,0.5,1,0,0.333333333,3,3,3,2,2.75,1,0,0,0,0,1,0,0,0,0,1,0,0,1,0,0,2
583,2,2,2,2,1,1,1,2,2,0.8125,1,1,1,0,2,2,1,1,1,1,1,0.857142857,0.5,1,1,0.5,1,1,0.833333333,1,3,3,1,2,0,1,0,0,0,1,0,0,0,0,1,0,1,0,0,0,2
584,2,0,1,2,2,2,1,0,0,0.5,1,1,1,0,2,2,1,0,0,0,0,0.571428571,1,1,1,0,0,1,0.666666667,3,2,3,1,2.25,1,0,0,0,0,0,0,1,0,0,1,0,1,0,0,0,2
585,3,0,2,2,2,1,1,2,2,0.75,1,1,1,1,2,2,2,1,1,1,1,1,0.5,0,0,0.5,1,0,0.333333333,3,3,3,2,2.75,0,1,0,0,0,0,1,0,0,0,1,0,1,0,0,0,3
586,2,2,2,2,1,2,1,0,0,0.625,1,1,1,0,2,1,1,0,0,0,0,0.5,0,0,0,0.5,1,1,0.416666667,2,2,3,1,2,0,1,0,0,0,0,0,1,0,0,1,0,0,0,0,1,2
587,3,2,2,2,2,1,1,2,2,0.875,0,1,1,1,2,1,2,1,1,1,1,0.857142857,0,0,0,0.5,1,0,0.25,2,2,3,2,2.25,0,1,0,0,0,0,0,1,0,0,1,0,0,0,0,1,3
588,1,2,1,2,1,1,1,2,2,0.75,1,1,1,1,2,2,2,1,1,1,0,0.928571429,0,0,0.5,1,0,0,0.25,3,3,3,3,3,1,0,0,0,0,0,0,1,0,0,1,0,0,0,0,1,1
589,1,0,2,2,1,1,2,2,2,0.75,1,1,1,1,2,2,2,1,1,1,1,1,1,1,1,0.5,1,0,0.75,1,3,3,3,2.5,1,0,0,0,0,0,0,1,0,0,1,0,0,0,1,0,1
590,1,2,1,2,2,2,1,2,0,0.75,1,1,1,1,2,2,2,1,1,1,1,1,1,1,1,0.5,1,0,0.75,1,2,3,2,2,1,0,0,0,0,0,0,1,0,0,1,0,0,0,0,1,1
591,2,0,2,2,1,1,1,2,2,0.6875,1,0,1,1,2,1,1,1,1,1,0,0.714285714,0,0,0,1,1,1,0.5,1,3,3,3,2.5,1,0,0,0,0,0,0,0,1,0,1,0,0,0,1,0,2
592,3,0,2,2,2,1,2,2,2,0.8125,1,1,1,1,2,2,2,1,1,1,1,1,1,1,1,0.5,1,0,0.75,1,3,2,2,2,0,1,0,0,0,1,0,0,0,0,1,0,0,1,0,0,3
593,2,0,2,2,1,1,1,1,2,0.625,1,1,1,0,2,2,1,1,1,1,1,0.857142857,0.5,1,1,1,1,0,0.75,1,1,2,1,1.25,0,1,0,0,0,1,0,0,0,0,1,0,0,0,1,0,2
594,1,2,2,2,2,2,2,2,2,1,1,1,1,1,2,2,2,1,1,1,0,0.928571429,0.5,1,1,0.5,0.5,1,0.75,3,3,3,3,3,1,0,0,0,0,0,0,0,1,0,1,0,0,0,1,0,1
595,1,0,2,2,2,1,2,0,0,0.5625,1,1,1,0,2,2,2,0,0,0,0,0.642857143,1,1,1,0,1,1,0.833333333,1,2,3,1,1.75,0,1,0,0,0,0,0,1,0,0,1,0,0,0,0,1,1
596,1,0,1,2,1,2,1,2,0,0.5625,1,1,1,0,2,2,2,1,1,1,0,0.857142857,0.5,1,1,0.5,0.5,0,0.583333333,1,2,3,3,2.25,1,0,0,0,0,0,0,1,0,0,1,0,0,1,0,0,1
597,3,2,2,2,1,2,2,0,0,0.6875,1,1,1,0,2,1,2,0,0,0,0,0.571428571,0,0,0,0.5,0,1,0.25,2,3,3,1,2.25,0,1,0,0,0,0,1,0,0,0,1,0,1,0,0,0,3
598,1,0,2,2,2,1,1,2,2,0.75,0,1,1,1,2,2,2,1,1,1,1,0.928571429,1,0.5,0.5,0.5,0.5,0,0.5,2,3,3,2,2.5,1,0,0,0,0,0,1,0,0,0,1,0,0,1,0,0,1
599,2,0,2,2,2,2,1,1,2,0.75,1,0,1,0,2,2,1,1,1,1,1,0.785714286,0.5,0,1,0.5,0.5,1,0.583333333,2,3,3,2,2.5,1,0,0,0,0,0,0,1,0,0,1,0,0,0,0,1,2
600,1,0,1,1,2,2,1,2,2,0.6875,1,1,1,1,2,2,2,1,1,1,0,0.928571429,0,0.5,0,0.5,1,0,0.333333333,2,3,3,3,2.75,1,0,0,0,0,1,0,0,0,0,1,0,1,0,0,0,1
601,3,2,1,2,1,2,1,1,2,0.75,1,1,1,0,2,2,2,1,1,1,1,0.928571429,1,1,1,1,1,1,1,2,3,3,2,2.5,0,1,0,0,0,1,0,0,0,0,1,0,0,1,0,0,3
602,3,2,2,2,2,1,2,2,2,0.9375,1,1,1,1,2,2,2,1,1,1,0,0.928571429,0,0,0,0.5,1,0,0.25,3,3,3,3,3,0,1,0,0,0,1,0,0,0,0,1,0,0,1,0,0,3
603,3,0,2,2,2,1,2,2,2,0.8125,1,1,1,0,2,2,2,1,1,1,1,0.928571429,0.5,0.5,1,0.5,1,1,0.75,3,3,3,2,2.75,0,1,0,0,0,1,0,0,0,0,1,0,1,0,0,0,3
604,1,0,2,2,1,1,1,2,2,0.6875,0,1,1,1,2,2,2,1,1,1,0,0.857142857,0,0,0.5,1,1,0,0.416666667,2,3,3,3,2.75,1,0,0,0,0,1,0,0,0,0,1,0,0,1,0,0,1
605,3,2,2,2,2,2,2,0,2,0.875,1,1,1,1,2,2,2,1,1,1,1,1,0.5,1,1,1,1,0,0.75,3,3,3,3,3,0,1,0,0,0,1,0,0,0,0,1,0,0,1,0,0,3
606,1,0,2,2,2,1,2,2,2,0.8125,0,0,1,1,2,2,2,1,1,1,1,0.857142857,0.5,0.5,1,1,1,0,0.666666667,1,3,3,3,2.5,1,0,0,0,0,0,1,0,0,0,1,0,0,0,1,0,1
607,3,0,2,1,1,1,1,2,2,0.625,1,1,1,1,1,2,2,1,1,1,1,0.928571429,0.5,0,1,0.5,0,0,0.333333333,1,3,3,2,2.25,0,1,0,0,0,1,0,0,0,0,1,0,0,0,1,0,3
608,1,0,2,2,1,1,1,2,2,0.6875,1,1,1,1,2,2,2,1,1,1,1,1,0.5,0,1,1,0.5,0,0.5,1,3,3,2,2.25,1,0,0,0,0,1,0,0,0,0,1,0,0,1,0,0,1
609,2,0,2,2,2,1,1,2,2,0.75,1,1,1,1,2,2,1,1,1,1,1,0.928571429,0.5,1,1,0,1,1,0.75,1,3,3,2,2.25,0,1,0,0,0,0,1,0,0,0,1,0,0,1,0,0,2
610,1,2,2,2,2,1,2,2,2,0.9375,1,1,1,1,2,2,2,1,1,1,0,0.928571429,0.5,1,1,0.5,0.5,0,0.583333333,2,3,3,3,2.75,1,0,0,0,0,1,0,0,0,0,1,0,1,0,0,0,1
611,1,0,2,2,2,2,1,2,2,0.8125,1,1,1,1,2,2,2,1,1,1,0,0.928571429,0,0,1,1,0.5,1,0.583333333,2,3,3,3,2.75,1,0,0,0,0,1,0,0,0,0,1,0,1,0,0,0,1
612,3,0,2,2,1,2,1,2,2,0.75,1,1,1,1,2,1,2,1,1,1,1,0.928571429,0.5,0.5,1,0.5,1,1,0.75,2,3,3,3,2.75,0,1,0,0,0,1,0,0,0,0,1,0,0,1,0,0,3
613,3,0,2,2,2,2,1,2,0,0.6875,1,0,1,0,2,2,2,1,1,1,1,0.857142857,0.5,0.5,1,1,1,1,0.833333333,2,3,3,1,2.25,0,1,0,0,0,0,1,0,0,0,1,0,0,1,0,0,3
614,2,0,2,2,2,1,2,1,2,0.75,1,1,1,0,2,2,1,1,1,1,1,0.857142857,0,0.5,0,1,0.5,1,0.5,3,3,3,2,2.75,1,0,0,0,0,0,0,0,1,0,1,0,0,0,0,1,2
615,2,0,2,2,1,1,1,0,0,0.4375,1,1,1,0,2,1,1,0,0,0,0,0.5,0,0.5,1,1,1,0,0.583333333,3,3,3,1,2.5,1,0,0,0,0,1,0,0,0,0,1,0,0,1,0,0,2
616,3,0,2,2,1,1,1,0,0,0.4375,1,1,1,1,1,2,1,0,0,0,0,0.571428571,0,0,0.5,1,1,1,0.583333333,3,3,3,1,2.5,0,1,0,0,0,1,0,0,0,0,1,0,1,0,0,0,3
617,3,0,2,2,2,1,2,2,2,0.8125,1,1,1,1,2,2,2,1,1,1,1,1,0.5,1,1,1,1,0,0.75,1,3,3,1,2,0,1,0,0,0,1,0,0,0,0,1,0,1,0,0,0,3
618,1,2,2,2,2,2,1,1,0,0.75,1,1,1,0,2,2,2,1,1,1,1,0.928571429,0.5,0.5,1,0.5,1,0,0.583333333,2,3,3,2,2.5,1,0,0,0,0,1,0,0,0,0,1,0,1,0,0,0,1
619,1,0,2,1,1,1,1,0,0,0.375,1,0,1,0,2,2,2,0,0,0,0,0.571428571,0.5,0,1,0,1,0,0.416666667,3,3,3,1,2.5,1,0,0,0,0,1,0,0,0,0,1,0,0,1,0,0,1
620,2,0,2,2,2,1,2,2,2,0.8125,0,0,1,1,2,2,1,1,1,1,0,0.714285714,0.5,0.5,1,0.5,0.5,0,0.5,2,3,3,3,2.75,1,0,0,0,0,1,0,0,0,0,1,0,0,0,1,0,2
621,3,2,2,2,2,1,1,2,2,0.875,1,1,1,1,2,2,1,1,1,1,1,0.928571429,0,0.5,1,0.5,0.5,0,0.416666667,2,3,3,3,2.75,0,1,0,0,0,1,0,0,0,0,1,0,0,1,0,0,3
622,1,0,1,2,1,2,2,2,2,0.75,1,1,1,0,2,2,2,1,1,1,1,0.928571429,0.5,0,1,1,1,1,0.75,2,3,3,2,2.5,1,0,0,0,0,0,0,0,1,0,1,0,0,0,1,0,1
623,3,0,2,2,2,1,1,2,2,0.75,1,1,1,1,2,2,2,1,1,1,1,1,0.5,0.5,0.5,1,1,1,0.75,1,3,3,2,2.25,0,1,0,0,0,1,0,0,0,0,1,0,1,0,0,0,3
624,1,2,1,2,1,1,2,2,2,0.8125,1,0,1,1,2,2,2,1,1,1,0,0.857142857,0,0,1,1,1,0,0.5,3,3,3,3,3,1,0,0,0,0,0,0,0,0,1,1,0,0,0,1,0,1
625,1,0,2,2,2,1,1,2,2,0.75,1,0,1,1,2,2,2,1,1,1,0,0.857142857,1,1,1,0.5,1,1,0.916666667,2,3,3,3,2.75,1,0,0,0,0,1,0,0,0,0,1,0,0,0,1,0,1
626,1,0,2,2,1,1,1,1,2,0.625,1,0,1,1,2,2,2,1,1,1,1,0.928571429,0.5,0.5,1,0.5,1,0,0.583333333,1,3,3,1,2,1,0,0,0,0,1,0,0,0,0,1,0,1,0,0,0,1
627,1,0,2,2,2,1,2,2,2,0.8125,1,1,1,1,2,2,2,1,1,1,0,0.928571429,0.5,0.5,0.5,0.5,0,1,0.5,1,3,3,2,2.25,0,1,0,0,0,0,1,0,0,0,1,0,0,0,0,1,1
628,2,0,2,2,2,1,1,1,2,0.6875,1,1,1,0,2,2,1,1,1,1,1,0.857142857,0.5,1,1,0.5,1,0,0.666666667,1,3,3,3,2.5,0,1,0,0,0,1,0,0,0,0,1,0,0,1,0,0,2
629,2,2,2,2,1,2,1,2,2,0.875,1,0,1,0,2,2,1,1,1,1,1,0.785714286,0,0,0,0.5,1,0,0.25,2,3,3,2,2.5,1,0,0,0,0,0,1,0,0,0,1,0,0,0,0,1,2
630,1,2,2,2,2,1,1,2,2,0.875,1,1,1,1,2,1,2,1,1,1,0,0.857142857,0,0,0.5,1,1,1,0.583333333,3,3,3,2,2.75,1,0,0,0,0,1,0,0,0,0,1,0,0,1,0,0,1
631,1,0,2,2,1,2,1,2,2,0.75,1,0,1,1,1,1,2,1,1,1,1,0.785714286,1,1,1,0,1,0,0.666666667,1,2,3,2,2,1,0,0,0,0,0,1,0,0,0,1,0,0,0,0,1,1
632,1,0,1,2,1,2,1,0,0,0.4375,1,0,1,0,2,2,2,0,0,0,0,0.571428571,0.5,1,1,1,1,1,0.916666667,3,2,3,1,2.25,1,0,0,0,0,0,1,0,0,0,1,0,0,0,0,1,1
633,3,0,1,2,2,1,1,2,0,0.5625,1,0,1,1,2,2,2,1,1,1,0,0.857142857,0.5,1,1,0.5,0.5,0,0.583333333,2,3,3,3,2.75,0,1,0,0,0,1,0,0,0,0,1,0,1,0,0,0,3
634,3,2,2,2,1,1,2,2,2,0.875,1,1,1,0,2,2,2,1,1,1,0,0.857142857,0,0,0,0.5,1,1,0.416666667,2,3,3,3,2.75,0,1,0,0,0,1,0,0,0,0,1,0,1,0,0,0,3
635,2,2,2,2,2,1,1,2,2,0.875,1,0,1,1,2,2,1,1,1,1,0,0.785714286,0,0,0.5,0,1,0,0.25,3,3,3,3,3,1,0,0,0,0,0,0,0,1,0,1,0,0,0,0,1,2
636,3,0,2,2,1,1,2,2,2,0.75,1,0,1,0,2,2,2,1,1,1,1,0.857142857,0.5,1,1,0.5,1,1,0.833333333,3,3,3,2,2.75,0,1,0,0,0,0,0,1,0,0,1,0,1,0,0,0,3
637,2,0,2,2,1,1,2,0,0,0.5,0,1,1,1,2,2,1,0,0,0,0,0.571428571,0,0,0.5,1,1,0,0.416666667,3,3,3,1,2.5,1,0,0,0,0,0,1,0,0,0,1,0,0,0,1,0,2
638,2,2,2,1,2,1,1,1,0,0.625,1,0,1,1,2,1,1,1,1,1,1,0.785714286,0.5,0.5,1,0.5,0.5,1,0.666666667,1,3,3,3,2.5,1,0,0,0,0,1,0,0,0,0,1,0,0,1,0,0,2
639,3,0,2,2,2,1,1,2,0,0.625,1,1,1,1,2,2,2,1,1,1,0,0.928571429,0.5,1,1,0.5,1,0,0.666666667,1,2,3,3,2.25,0,1,0,0,0,1,0,0,0,0,1,0,0,0,1,0,3
640,1,0,1,2,2,2,1,2,2,0.75,1,1,1,0,2,2,2,1,1,1,0,0.857142857,0.5,0.5,1,0.5,0.5,0,0.5,1,3,3,3,2.5,1,0,0,0,0,1,0,0,0,0,1,0,0,1,0,0,1
641,1,0,2,2,2,2,1,2,2,0.8125,1,1,1,1,2,2,2,1,1,1,1,1,0,1,0.5,0.5,1,0,0.5,2,3,3,2,2.5,1,0,0,0,0,0,1,0,0,0,1,0,0,0,0,1,1
642,3,0,2,2,2,1,1,2,2,0.75,1,1,1,1,2,1,2,1,1,1,1,0.928571429,1,0.5,1,0.5,1,0,0.666666667,2,3,3,3,2.75,1,0,0,0,0,1,0,0,0,0,1,0,1,0,0,0,3
643,3,2,2,2,1,1,1,1,2,0.75,1,1,1,1,2,2,2,1,1,1,1,1,1,1,1,0.5,0,1,0.75,2,3,3,3,2.75,0,1,0,0,0,1,0,0,0,0,1,0,0,1,0,0,3
644,1,0,1,2,1,2,2,2,2,0.75,1,0,1,1,2,2,2,1,1,1,0,0.857142857,0.5,0.5,1,0.5,1,0,0.583333333,3,3,3,3,3,1,0,0,0,0,0,0,1,0,0,1,0,0,0,0,1,1
645,1,2,2,2,1,1,1,0,0,0.5625,1,1,1,0,2,2,2,0,0,0,0,0.642857143,0.5,1,0.5,0.5,1,0,0.583333333,1,3,3,1,2,0,0,0,1,0,0,1,0,0,0,1,0,0,0,1,0,1
646,1,0,2,2,2,1,1,2,2,0.75,1,1,1,0,2,2,2,1,1,1,1,0.928571429,1,1,1,0.5,0.5,0,0.666666667,3,3,3,2,2.75,1,0,0,0,0,0,0,1,0,0,1,0,0,0,1,0,1
647,2,0,2,2,2,1,1,1,0,0.5625,0,0,1,1,2,1,1,1,1,1,1,0.714285714,0,0,0,1,1,0,0.333333333,1,2,3,2,2,1,0,0,0,0,1,0,0,0,0,1,0,0,1,0,0,2
648,1,0,2,2,0,2,1,2,0,0.5625,1,1,1,0,2,2,2,1,1,1,1,0.928571429,0.5,1,1,0,1,1,0.75,1,3,3,3,2.5,1,0,0,0,0,1,0,0,0,0,1,0,1,0,0,0,1
649,2,0,2,1,1,2,1,0,0,0.4375,1,1,1,0,2,1,1,0,0,0,0,0.5,1,1,0.5,0,0,1,0.583333333,1,3,3,1,2,1,0,0,0,0,0,0,1,0,0,1,0,0,0,1,0,2
650,1,2,2,2,1,2,2,1,2,0.875,1,0,1,1,2,2,2,1,1,1,0,0.857142857,1,1,1,0.5,1,0,0.75,2,3,3,2,2.5,1,0,0,0,0,0,0,0,1,0,1,0,1,0,0,0,1
651,2,0,2,2,1,1,2,1,2,0.6875,1,0,1,0,1,1,1,1,1,1,1,0.642857143,0,0,0,1,1,1,0.5,3,3,3,2,2.75,1,0,0,0,0,0,0,1,0,0,1,0,1,0,0,0,2
652,3,0,2,2,2,1,1,1,2,0.6875,1,1,1,1,2,2,2,1,1,1,1,1,1,1,1,1,1,0,0.833333333,2,3,3,3,2.75,0,1,0,0,0,1,0,0,0,0,1,0,0,0,1,0,3
653,1,0,2,2,1,2,2,2,2,0.8125,1,1,1,0,2,2,2,1,1,1,0,0.857142857,0.5,1,1,0.5,0.5,1,0.75,2,3,3,3,2.75,1,0,0,0,0,0,0,0,0,1,1,0,0,0,0,1,1
654,2,0,2,2,0,2,1,2,2,0.6875,1,0,1,0,2,2,1,1,1,1,1,0.785714286,1,1,1,0.5,1,1,0.916666667,1,3,3,2,2.25,1,0,0,0,0,1,0,0,0,0,1,0,1,0,0,0,2
655,2,0,2,2,2,1,1,0,0,0.5,0,1,1,0,2,2,1,0,0,0,0,0.5,0,0,0,0.5,0.5,0,0.166666667,2,3,3,1,2.25,0,1,0,0,0,1,0,0,0,0,1,0,1,0,0,0,2
656,1,0,2,2,1,1,1,2,2,0.6875,0,1,1,1,2,2,2,1,1,1,0,0.857142857,1,1,1,0.5,0.5,1,0.833333333,2,3,2,2,2.25,1,0,0,0,0,1,0,0,0,0,1,0,0,1,0,0,1
657,1,0,1,2,1,1,1,1,2,0.5625,1,0,1,0,2,2,2,1,1,1,1,0.857142857,0,0,0,1,1,0,0.333333333,3,3,3,3,3,1,0,0,0,0,0,0,0,1,0,1,0,0,0,0,1,1
658,1,0,2,2,2,2,2,2,2,0.875,1,1,1,1,2,2,2,1,1,1,1,1,0,0,0,0.5,1,0,0.25,3,3,3,1,2.5,1,0,0,0,0,0,1,0,0,0,1,0,0,1,0,0,1
659,0,2,2,2,0,0,0,0,0,0.375,1,1,0,0,0,0,0,0,0,0,0,0.142857143,0,1,0,1,0,1,0.5,1,1,1,1,1,1,0,0,0,0,1,0,0,0,0,1,0,0,1,0,0,0
660,3,2,2,2,2,1,1,2,2,0.875,0,0,1,1,2,2,2,1,1,1,1,0.857142857,0,1,0,0.5,1,1,0.583333333,3,3,3,3,3,0,1,0,0,0,1,0,0,0,0,1,0,0,0,1,0,3
661,3,0,0,2,1,2,1,2,2,0.625,1,1,1,1,2,1,2,1,1,1,0,0.857142857,1,1,1,1,1,1,1,3,2,3,3,2.75,0,1,0,0,0,1,0,0,0,0,1,0,0,0,1,0,3
662,3,2,2,2,1,1,1,2,0,0.6875,1,1,1,1,2,2,2,1,1,1,1,1,0.5,0.5,1,0,1,0,0.5,2,3,3,3,2.75,0,0,0,1,0,1,0,0,0,0,1,0,1,0,0,0,3
663,3,2,2,2,2,1,2,2,2,0.9375,1,1,1,1,2,2,2,1,1,1,1,1,0.5,0.5,1,1,1,1,0.833333333,1,2,2,3,2,0,1,0,0,0,0,0,0,1,0,1,0,0,0,1,0,3
664,1,2,1,2,2,1,1,2,0,0.6875,1,1,1,1,2,2,2,1,1,1,1,1,0.5,1,1,0.5,1,1,0.833333333,1,3,3,2,2.25,1,0,0,0,0,1,0,0,0,0,1,0,1,0,0,0,1
665,2,2,2,2,0,1,1,1,2,0.6875,1,0,1,1,2,1,1,1,1,1,1,0.785714286,0,0,0,0.5,0.5,0,0.166666667,3,3,3,3,3,1,0,0,0,0,0,0,0,1,0,1,0,0,0,1,0,2
666,3,0,2,2,2,1,1,2,0,0.625,1,1,1,1,2,2,1,1,1,1,0,0.857142857,1,1,0.5,0.5,0.5,0,0.583333333,1,3,3,2,2.25,0,1,0,0,0,1,0,0,0,0,1,0,1,0,0,0,3
668,3,2,2,2,1,2,1,1,2,0.8125,1,0,1,1,2,1,2,1,1,1,1,0.857142857,0.5,1,1,1,0.5,0,0.666666667,1,3,3,3,2.5,0,1,0,0,0,0,0,0,0,1,1,0,1,0,0,0,3
669,2,2,2,2,1,1,1,2,2,0.8125,1,1,1,0,2,2,1,1,1,1,1,0.857142857,1,1,1,0.5,0.5,0,0.666666667,1,3,3,2,2.25,0,0,1,0,0,1,0,0,0,0,1,0,0,0,1,0,2
670,3,0,2,2,1,2,1,1,2,0.6875,1,0,1,1,2,2,1,1,1,1,1,0.857142857,1,1,1,0.5,0.5,0,0.666666667,2,3,3,3,2.75,0,1,0,0,0,1,0,0,0,0,1,0,0,0,0,1,3
671,2,0,1,2,2,1,1,0,2,0.5625,1,0,1,1,2,2,1,1,0,0,0,0.642857143,0.5,1,1,0.5,1,0,0.666666667,1,2,3,2,2,1,0,0,0,0,1,0,0,0,0,1,0,0,0,1,0,2
672,1,0,2,2,2,1,2,0,0,0.5625,0,0,1,1,2,2,2,0,0,0,0,0.571428571,0.5,1,1,1,1,0,0.75,3,3,2,1,2.25,1,0,0,0,0,1,0,0,0,0,1,0,1,0,0,0,1
673,2,2,2,2,2,2,1,2,2,0.9375,1,1,1,1,2,2,1,1,1,1,1,0.928571429,0.5,0.5,0.5,0,1,0,0.416666667,1,3,3,1,2,1,0,0,0,0,0,1,0,0,0,1,0,0,0,0,1,2
674,1,0,1,2,1,2,1,2,2,0.6875,1,0,1,0,2,2,2,1,1,1,1,0.857142857,0,0,0,0.5,0.5,1,0.333333333,1,2,3,2,2,1,0,0,0,0,1,0,0,0,0,1,0,0,0,1,0,1
675,1,0,2,2,2,1,1,2,2,0.75,1,0,1,1,2,2,2,1,1,1,1,0.928571429,0.5,1,1,0.5,1,0,0.666666667,2,3,3,3,2.75,1,0,0,0,0,1,0,0,0,0,1,0,0,1,0,0,1
676,1,0,2,2,1,1,1,2,2,0.6875,1,1,1,1,2,2,2,1,1,1,1,1,0.5,0.5,0,0,1,1,0.5,1,3,3,3,2.5,1,0,0,0,0,0,1,0,0,0,1,0,0,0,0,1,1
677,2,0,2,2,1,1,1,1,2,0.625,1,0,1,0,2,2,1,1,1,1,0,0.714285714,1,0.5,1,0.5,0.5,1,0.75,1,2,3,2,2,1,0,0,0,0,0,0,1,0,0,1,0,0,0,0,1,2
678,2,2,2,2,2,1,2,1,2,0.875,1,1,1,0,2,2,1,1,1,1,1,0.857142857,0.5,0.5,1,1,1,1,0.833333333,3,2,3,2,2.5,0,1,0,0,0,0,1,0,0,0,1,0,1,0,0,0,2
679,3,0,2,2,2,2,1,1,2,0.75,0,1,1,1,2,2,2,1,1,1,1,0.928571429,1,1,0,0.5,0.5,0,0.5,1,3,3,1,2,0,1,0,0,0,0,1,0,0,0,1,0,0,0,0,1,3
680,1,0,2,2,2,1,2,2,0,0.6875,1,1,1,1,2,2,2,1,1,1,0,0.928571429,0,0.5,1,0.5,1,0,0.5,2,3,3,2,2.5,1,0,0,0,0,1,0,0,0,0,1,0,0,1,0,0,1
681,2,2,2,2,2,1,1,1,2,0.8125,1,0,1,0,2,2,1,1,1,1,1,0.785714286,0.5,0.5,1,1,0.5,0,0.583333333,3,3,3,2,2.75,1,0,0,0,0,1,0,0,0,0,1,0,0,1,0,0,2
682,3,0,2,2,1,1,1,2,2,0.6875,1,1,1,0,2,2,2,1,1,1,1,0.928571429,1,1,0.5,0.5,0.5,0,0.583333333,3,3,3,2,2.75,0,1,0,0,0,1,0,0,0,0,1,0,1,0,0,0,3
683,3,2,2,2,1,2,1,2,2,0.875,1,1,1,1,2,1,2,1,1,1,1,0.928571429,1,1,0.5,0.5,1,1,0.833333333,1,3,3,2,2.25,1,0,0,0,0,1,0,0,0,0,1,0,1,0,0,0,3
684,1,2,2,1,1,2,1,2,2,0.8125,0,0,1,1,2,2,2,1,1,1,0,0.785714286,0,0.5,0,0,0,0,0.083333333,2,3,3,3,2.75,1,0,0,0,0,1,0,0,0,0,1,0,0,1,0,0,1
685,2,0,2,2,1,2,1,1,2,0.6875,1,1,1,1,2,1,0,1,1,1,0,0.714285714,0.5,1,1,0.5,1,0,0.666666667,2,1,3,3,2.25,1,0,0,0,0,1,0,0,0,0,1,0,0,0,1,0,2
686,1,0,2,2,2,1,1,2,0,0.625,0,0,1,1,2,2,2,1,1,1,0,0.785714286,1,0.5,1,0.5,0.5,0,0.583333333,1,3,3,3,2.5,1,0,0,0,0,1,0,0,0,0,1,0,0,0,1,0,1
687,0,0,1,2,1,1,2,0,0,0.4375,1,0,1,0,0,0,0,0,0,0,0,0.142857143,0.5,0.5,0,1,1,0,0.5,1,1,1,1,1,0,1,0,0,0,0,1,0,0,0,1,0,0,1,0,0,0
688,0,2,2,1,0,0,0,0,0,0.3125,1,0,0,0,0,0,0,0,0,0,0,0.071428571,0,1,0.5,1,0,0,0.416666667,1,1,1,1,1,0,1,0,0,0,0,0,0,1,0,1,0,0,0,1,0,0
689,3,2,2,2,2,2,1,2,2,0.9375,1,1,1,1,2,2,2,1,1,1,1,1,1,0.5,1,0.5,0.5,0,0.583333333,2,3,3,3,2.75,0,1,0,0,0,1,0,0,0,0,1,0,0,0,0,1,3
690,3,0,2,2,2,2,1,1,0,0.625,1,1,1,1,2,1,2,1,1,1,1,0.928571429,0,0.5,0,0.5,1,1,0.5,2,2,3,3,2.5,0,1,0,0,0,1,0,0,0,0,1,0,1,0,0,0,3
691,3,0,1,2,2,1,2,1,0,0.5625,1,0,1,1,2,1,2,1,1,1,0,0.785714286,0.5,0.5,1,0.5,1,0,0.583333333,2,3,3,2,2.5,0,1,0,0,0,1,0,0,0,0,1,0,0,0,1,0,3
692,2,0,2,2,2,1,2,1,2,0.75,1,1,1,1,2,1,1,1,1,0,1,0.785714286,0.5,1,1,0.5,1,0,0.666666667,3,3,3,1,2.5,1,0,0,0,0,1,0,0,0,0,1,0,0,1,0,0,2
693,3,2,2,2,2,2,1,2,2,0.9375,1,1,1,1,2,2,1,1,1,1,1,0.928571429,0.5,1,0,0.5,1,0,0.5,2,3,3,2,2.5,0,1,0,0,0,1,0,0,0,0,1,0,1,0,0,0,3
694,3,0,2,2,2,1,1,2,2,0.75,1,0,1,1,2,2,2,1,1,1,1,0.928571429,1,1,1,0.5,0.5,0,0.666666667,2,3,3,3,2.75,0,1,0,0,0,1,0,0,0,0,1,0,1,0,0,0,3
695,3,0,2,2,2,1,1,2,2,0.75,1,1,1,1,2,2,2,1,1,1,1,1,1,0.5,0.5,0.5,1,0,0.583333333,1,3,3,3,2.5,0,1,0,0,0,0,1,0,0,0,1,0,0,0,0,1,3
696,2,0,2,2,1,1,1,1,2,0.625,1,0,1,1,1,1,1,1,1,1,1,0.714285714,0,0.5,0,0,1,0,0.25,2,3,3,2,2.5,0,1,0,0,0,0,0,1,0,0,1,0,0,0,1,0,2
697,3,0,1,2,1,1,1,1,2,0.5625,1,1,1,1,2,2,2,1,1,1,1,1,0,0,1,1,1,0,0.5,2,3,3,3,2.75,0,0,0,1,0,1,0,0,0,0,1,0,0,1,0,0,3
698,0,0,1,2,0,0,0,0,0,0.1875,1,0,0,0,0,0,0,0,0,0,0,0.071428571,1,0.5,1,0,0,0,0.416666667,1,1,1,1,1,1,0,0,0,0,0,0,1,0,0,1,0,1,0,0,0,0
699,2,0,2,2,2,1,1,1,2,0.6875,1,0,1,0,2,2,1,1,1,1,1,0.785714286,0,0.5,0,0,1,1,0.416666667,2,3,3,1,2.25,1,0,0,0,0,0,1,0,0,0,1,0,0,0,1,0,2
700,3,2,2,2,2,2,2,2,2,1,1,1,1,0,2,2,2,1,1,1,1,0.928571429,0,0,0,1,1,1,0.5,1,3,3,1,2,0,1,0,0,0,0,0,0,1,0,1,0,0,0,0,1,3
701,3,0,2,2,1,1,1,0,0,0.4375,1,1,1,0,2,2,2,0,0,0,0,0.642857143,0.5,0.5,0,0.5,1,1,0.583333333,2,2,3,1,2,0,1,0,0,0,1,0,0,0,0,1,0,0,1,0,0,3
702,1,2,2,2,1,1,2,2,2,0.875,1,0,1,1,2,2,2,1,1,1,0,0.857142857,0.5,1,1,0,1,1,0.75,2,3,3,3,2.75,1,0,0,0,0,0,0,0,1,0,1,0,0,0,0,1,1
703,1,0,2,2,1,2,1,2,0,0.625,1,1,1,1,2,1,2,1,1,1,0,0.857142857,1,1,1,0,1,0,0.666666667,1,2,3,3,2.25,1,0,0,0,0,1,0,0,0,0,1,0,0,0,0,1,1
704,1,0,2,2,2,1,1,2,2,0.75,1,1,1,1,2,2,2,1,1,1,0,0.928571429,1,1,1,1,1,0,0.833333333,2,3,3,2,2.5,1,0,0,0,0,1,0,0,0,0,1,0,0,1,0,0,1
705,1,0,2,2,1,1,1,2,2,0.6875,1,1,1,1,2,2,2,1,1,1,0,0.928571429,0.5,1,1,0,0.5,0,0.5,3,3,3,2,2.75,0,1,0,0,0,0,0,0,1,0,1,0,0,0,0,1,1
706,0,0,2,2,0,0,0,0,0,0.25,1,1,0,0,0,0,0,0,0,0,0,0.142857143,0,0,0,0.5,0,1,0.25,1,1,1,1,1,1,0,0,0,0,0,0,0,1,0,1,0,1,0,0,0,0
707,3,0,2,2,1,1,2,2,2,0.75,1,1,1,0,1,2,2,1,1,1,1,0.857142857,0,0,1,0.5,1,1,0.583333333,2,3,3,3,2.75,0,1,0,0,0,1,0,0,0,0,1,0,1,0,0,0,3
708,1,2,2,1,2,1,2,2,2,0.875,1,0,1,1,2,2,2,1,1,1,0,0.857142857,0,0,1,1,1,1,0.666666667,3,3,3,3,3,1,0,0,0,0,1,0,0,0,0,1,0,1,0,0,0,1
709,3,2,2,2,1,2,1,0,0,0.625,1,0,1,0,2,1,2,0,0,0,0,0.5,0.5,0.5,0.5,1,1,0,0.583333333,3,3,3,1,2.5,0,1,0,0,0,0,0,1,0,0,1,0,0,0,0,1,3
710,1,0,2,2,2,1,1,2,2,0.75,1,0,1,1,2,2,2,1,1,1,1,0.928571429,0,0,0,0,0.5,0,0.083333333,2,3,3,3,2.75,1,0,0,0,0,1,0,0,0,0,1,0,1,0,0,0,1
711,1,0,2,2,1,1,2,0,0,0.5,1,0,1,0,2,2,2,0,0,0,0,0.571428571,0,0.5,0,0,1,1,0.416666667,1,3,3,1,2,1,0,0,0,0,0,0,1,0,0,1,0,0,0,1,0,1
712,3,0,2,2,1,1,2,2,2,0.75,1,1,1,1,2,1,2,1,1,1,0,0.857142857,0,0,0,0.5,1,0,0.25,2,3,3,3,2.75,0,1,0,0,0,0,0,0,1,0,1,0,0,0,0,1,3
713,2,0,0,0,1,2,1,0,0,0.25,1,0,1,0,2,0,2,0,0,0,0,0.428571429,0.5,1,1,1,1,1,0.916666667,2,2,2,1,1.75,0,0,0,1,0,0,0,1,0,0,1,0,0,0,0,1,2
714,1,2,1,2,2,1,2,2,0,0.75,1,1,1,1,2,2,2,1,1,1,0,0.928571429,0.5,0,1,0.5,1,0,0.5,3,3,3,3,3,0,1,0,0,0,0,0,0,1,0,1,0,0,0,1,0,1
715,3,2,2,2,1,2,2,2,2,0.9375,1,1,1,0,2,2,2,1,1,1,0,0.857142857,0,0,0,1,1,1,0.5,3,3,3,3,3,0,1,0,0,0,1,0,0,0,0,1,0,1,0,0,0,3
716,1,0,2,2,1,2,2,2,2,0.8125,1,0,1,0,2,2,2,1,1,1,1,0.857142857,1,1,1,0.5,1,1,0.916666667,1,3,3,2,2.25,1,0,0,0,0,0,0,0,1,0,1,0,0,0,0,1,1
717,3,0,2,2,2,1,1,1,0,0.5625,1,1,1,1,2,2,2,1,1,1,1,1,1,1,0,1,1,0,0.666666667,3,3,3,3,3,0,1,0,0,0,1,0,0,0,0,1,0,0,0,1,0,3
718,2,0,1,2,2,2,1,2,2,0.75,1,0,1,0,2,2,1,1,1,1,1,0.785714286,0.5,1,0.5,0.5,1,0,0.583333333,2,2,3,3,2.5,0,1,0,0,0,0,0,0,1,0,1,1,0,0,0,0,2
719,1,0,2,2,1,2,1,1,2,0.6875,1,1,1,1,2,2,2,1,1,1,0,0.928571429,0.5,1,0.5,1,1,0,0.666666667,3,3,3,3,3,0,1,0,0,0,0,0,1,0,0,1,0,0,0,0,1,1
720,2,2,2,2,0,2,1,0,0,0.5625,1,0,1,0,2,2,1,0,0,0,0,0.5,0.5,0.5,1,0,0.5,0,0.416666667,3,2,3,1,2.25,1,0,0,0,0,1,0,0,0,0,1,0,0,1,0,0,2
721,2,0,2,2,1,2,2,2,2,0.8125,1,1,1,0,1,2,1,1,1,1,1,0.785714286,0.5,1,1,0.5,1,0,0.666666667,1,3,3,2,2.25,0,1,0,0,0,0,0,1,0,0,1,0,0,0,1,0,2
722,3,0,2,2,2,1,0,1,0,0.5,1,1,1,1,2,2,1,1,1,1,1,0.928571429,1,1,0.5,1,0.5,0,0.666666667,3,2,1,2,2,0,1,0,0,0,1,0,0,0,0,1,0,0,0,0,1,3
723,1,2,2,2,2,1,1,2,2,0.875,1,1,1,1,2,2,2,1,1,1,1,1,0,0,0,1,1,1,0.5,3,3,3,2,2.75,1,0,0,0,0,1,0,0,0,0,1,0,1,0,0,0,1
724,2,2,1,1,1,1,1,1,2,0.625,1,1,1,0,1,1,1,1,1,1,1,0.714285714,0,0,0,0.5,0.5,0,0.166666667,2,2,3,1,2,1,0,0,0,0,0,0,1,0,0,1,0,0,1,0,0,2
725,1,2,2,2,2,1,2,2,2,0.9375,1,1,1,1,2,2,2,1,1,1,0,0.928571429,0.5,0,1,0.5,1,1,0.666666667,2,3,3,3,2.75,1,0,0,0,0,1,0,0,0,0,1,0,0,1,0,0,1
726,3,0,1,2,1,1,1,2,2,0.625,1,1,1,1,2,2,2,1,1,1,1,1,0.5,1,1,0.5,1,1,0.833333333,1,3,3,3,2.5,0,1,0,0,0,0,0,0,1,0,1,0,0,0,0,1,3
727,1,2,2,2,2,2,2,2,2,1,1,0,1,1,2,2,2,1,1,1,0,0.857142857,0,0,0,1,1,0,0.333333333,3,3,3,3,3,1,0,0,0,0,0,0,1,0,0,1,0,0,0,0,1,1
728,3,2,2,1,1,1,1,2,0,0.625,1,0,1,1,2,2,2,1,1,1,1,0.928571429,1,1,1,0.5,1,0,0.75,1,3,3,3,2.5,0,1,0,0,0,1,0,0,0,0,1,0,1,0,0,0,3
729,1,2,2,2,2,2,1,2,2,0.9375,1,1,1,1,2,2,2,1,1,1,1,1,0.5,1,1,1,1,0,0.75,1,2,2,2,1.75,1,0,0,0,0,0,1,0,0,0,1,0,0,0,0,1,1
730,3,0,2,2,2,2,1,2,2,0.8125,1,1,1,1,1,2,2,1,1,1,1,0.928571429,0.5,0.5,1,0.5,1,1,0.75,1,2,3,2,2,0,1,0,0,0,1,0,0,0,0,1,0,0,1,0,0,3
731,3,0,2,2,2,2,1,2,2,0.8125,1,1,1,0,2,2,2,1,1,1,0,0.857142857,0,0.5,1,0.5,1,0,0.5,1,3,3,2,2.25,0,1,0,0,0,1,0,0,0,0,1,0,1,0,0,0,3
732,1,2,2,2,1,1,2,0,0,0.625,1,0,1,1,2,2,2,0,0,0,0,0.642857143,0,0,0,1,1,0,0.333333333,3,3,3,1,2.5,1,0,0,0,0,0,0,1,0,0,1,0,0,0,0,1,1
733,1,0,2,2,1,1,0,0,0,0.375,1,1,1,0,2,2,2,0,0,0,0,0.642857143,0,0,0,0.5,0,0,0.083333333,1,1,1,1,1,0,1,0,0,0,0,1,0,0,0,1,0,1,0,0,0,1
734,2,2,1,2,1,1,1,0,0,0.5,1,1,1,0,2,2,1,0,0,0,0,0.571428571,0,0,0,0,1,1,0.333333333,2,3,3,1,2.25,0,1,0,0,0,1,0,0,0,0,1,0,1,0,0,0,2
735,1,0,2,2,2,2,2,2,2,0.875,1,1,1,1,2,2,2,1,1,1,0,0.928571429,0.5,1,1,1,1,1,0.916666667,2,3,3,3,2.75,1,0,0,0,0,1,0,0,0,0,1,0,0,1,0,0,1
736,1,0,2,2,2,2,1,2,2,0.8125,1,0,1,1,2,2,2,1,1,1,0,0.857142857,1,0.5,1,1,0.5,0,0.666666667,1,3,3,3,2.5,1,0,0,0,0,1,0,0,0,0,1,0,1,0,0,0,1
737,2,0,2,2,1,1,1,1,2,0.625,1,0,1,1,2,2,1,1,1,1,0,0.785714286,1,1,1,0.5,1,1,0.916666667,1,2,3,1,1.75,0,1,0,0,0,0,0,0,1,0,1,0,1,0,0,0,2
738,1,0,2,2,2,1,2,2,2,0.8125,1,1,1,0,2,2,2,1,1,1,1,0.928571429,0,0.5,0,0.5,1,1,0.5,2,3,3,3,2.75,1,0,0,0,0,1,0,0,0,0,1,0,1,0,0,0,1
739,0,2,2,1,0,0,0,0,0,0.3125,1,1,0,0,0,0,0,0,0,0,0,0.142857143,0,1,0,1,0,0,0.333333333,3,1,1,1,1.5,1,0,0,0,0,1,0,0,0,0,1,0,1,0,0,0,0
740,1,2,2,2,2,1,2,2,2,0.9375,1,0,1,1,2,2,2,1,1,1,0,0.857142857,1,1,1,0.5,1,1,0.916666667,3,3,3,3,3,1,0,0,0,0,0,0,1,0,0,1,0,0,0,0,1,1
741,2,2,2,2,2,1,2,2,2,0.9375,1,1,1,1,2,1,1,1,1,1,1,0.857142857,0.5,0.5,1,1,1,1,0.833333333,2,3,3,2,2.5,1,0,0,0,0,1,0,0,0,0,1,0,1,0,0,0,2
742,3,0,2,1,1,1,2,2,0,0.5625,1,1,1,1,2,2,2,1,1,1,0,0.928571429,0,0,0,0.5,0.5,1,0.333333333,2,3,3,2,2.5,0,1,0,0,0,1,0,0,0,0,1,0,0,0,1,0,3
743,3,0,2,2,2,2,1,0,0,0.5625,1,1,1,0,2,2,2,0,0,0,0,0.642857143,0.5,0.5,0,0.5,1,1,0.583333333,2,3,1,1,1.75,0,1,0,0,0,1,0,0,0,0,1,0,0,1,0,0,3
744,3,0,2,2,2,1,1,2,0,0.625,1,0,1,1,2,2,2,1,1,1,0,0.857142857,1,1,1,0.5,1,1,0.916666667,2,3,3,2,2.5,0,1,0,0,0,1,0,0,0,0,1,0,0,1,0,0,3
745,1,0,1,2,1,2,1,0,0,0.4375,1,1,1,1,1,1,2,0,0,0,0,0.571428571,0,0,0,0.5,1,0,0.25,3,3,3,1,2.5,1,0,0,0,0,1,0,0,0,0,1,0,1,0,0,0,1
746,2,0,1,2,2,1,1,0,2,0.5625,1,1,1,1,2,2,1,1,0,0,1,0.785714286,0,0.5,1,0.5,0.5,0,0.416666667,1,2,3,2,2,1,0,0,0,0,1,0,0,0,0,1,0,0,1,0,0,2
747,2,0,1,2,1,2,1,0,0,0.4375,1,0,1,0,1,2,1,0,0,0,0,0.428571429,0,0,0,0,1,0,0.166666667,1,3,2,1,1.75,0,1,0,0,0,0,0,0,1,0,1,0,0,0,1,0,2
748,3,0,2,2,2,1,1,2,2,0.75,1,1,1,1,2,2,2,1,1,1,0,0.928571429,0.5,0.5,1,0.5,1,0,0.583333333,1,2,2,3,2,0,1,0,0,0,1,0,0,0,0,1,0,1,0,0,0,3
749,1,0,2,2,2,2,1,2,2,0.8125,1,1,1,1,2,2,2,1,1,1,0,0.928571429,1,1,1,0.5,0.5,0,0.666666667,3,3,3,3,3,1,0,0,0,0,0,0,0,0,1,1,0,0,0,0,1,1
750,2,2,1,2,2,2,1,1,2,0.8125,1,0,1,1,2,2,1,1,1,1,0,0.785714286,0,0.5,0,0,1,1,0.416666667,3,3,3,2,2.75,1,0,0,0,0,1,0,0,0,0,1,0,1,0,0,0,2
751,1,0,2,2,2,1,2,2,2,0.8125,1,0,1,1,2,2,2,1,1,1,0,0.857142857,1,1,1,0,1,1,0.833333333,1,3,3,2,2.25,1,0,0,0,0,1,0,0,0,0,1,0,0,0,1,0,1
752,0,2,2,2,0,0,0,0,0,0.375,1,1,0,0,0,0,0,0,0,0,0,0.142857143,1,1,1,1,0,0,0.666666667,1,1,1,1,1,0,1,0,0,0,0,0,0,1,0,1,0,0,1,0,0,0
753,1,0,2,2,2,2,2,2,0,0.75,0,1,1,1,2,2,2,1,1,1,0,0.857142857,0,0,0.5,0.5,1,0,0.333333333,3,3,3,3,3,0,1,0,0,0,0,1,0,0,0,1,0,0,0,1,0,1
754,1,0,2,2,0,2,2,2,2,0.75,1,0,1,0,2,2,2,1,1,1,1,0.857142857,0,1,0,0.5,1,0,0.416666667,3,3,3,3,3,1,0,0,0,0,0,1,0,0,0,1,0,0,1,0,0,1
755,3,0,1,2,1,1,1,1,2,0.5625,1,1,1,1,1,2,2,1,1,1,0,0.857142857,0.5,1,1,0.5,1,0,0.666666667,1,3,3,3,2.5,0,1,0,0,0,1,0,0,0,0,1,0,0,1,0,0,3
756,0,2,2,2,0,0,0,0,0,0.375,1,0,0,0,0,0,0,0,0,0,0,0.071428571,0,0,1,0.5,0,0,0.25,2,1,1,1,1.25,0,1,0,0,0,1,0,0,0,0,1,0,1,0,0,0,0
757,1,0,2,2,0,1,1,0,0,0.375,1,1,1,0,2,2,2,0,0,0,0,0.642857143,1,1,0.5,0.5,1,0,0.666666667,3,3,3,1,2.5,1,0,0,0,0,0,0,0,1,0,1,0,0,0,0,1,1
758,2,0,1,2,2,1,1,0,0,0.4375,1,1,1,0,2,2,1,1,0,1,1,0.785714286,1,1,1,0,1,0,0.666666667,1,2,3,1,1.75,1,0,0,0,0,0,0,0,1,0,1,0,0,0,0,1,2
759,1,2,2,2,2,2,1,2,2,0.9375,1,1,1,1,2,2,2,1,1,1,1,1,0,0,1,1,1,0,0.5,2,3,3,3,2.75,0,0,0,1,0,0,0,0,1,0,1,0,0,0,0,1,1
760,1,0,2,2,2,2,1,2,0,0.6875,1,0,1,1,2,2,2,1,1,1,1,0.928571429,0.5,1,1,0,1,0,0.583333333,2,3,3,3,2.75,1,0,0,0,0,1,0,0,0,0,1,0,1,0,0,0,1
761,1,0,2,2,1,1,2,2,2,0.75,1,0,1,1,2,2,2,1,1,1,1,0.928571429,0,0,0,0,0.5,0,0.083333333,2,3,2,2,2.25,1,0,0,0,0,0,1,0,0,0,1,0,0,0,1,0,1
762,2,0,1,2,1,1,1,1,2,0.5625,1,1,1,0,2,1,1,1,1,1,1,0.785714286,1,0.5,1,0.5,1,0,0.666666667,2,3,3,3,2.75,0,1,0,0,0,0,0,1,0,0,1,0,0,1,0,0,2
763,3,0,2,1,1,1,1,2,2,0.625,1,0,1,1,2,2,1,1,1,1,0,0.785714286,0.5,1,1,0.5,1,0,0.666666667,1,2,1,3,1.75,0,1,0,0,0,1,0,0,0,0,1,0,0,1,0,0,3
764,2,2,2,2,2,1,1,2,0,0.75,1,0,1,0,2,2,1,1,1,1,1,0.785714286,0,0,1,0,1,0,0.333333333,2,2,3,2,2.25,1,0,0,0,0,1,0,0,0,0,1,0,0,0,1,0,2
765,3,0,2,2,2,1,2,2,2,0.8125,1,1,1,1,2,2,2,1,1,1,1,1,1,1,0,0.5,0.5,0,0.5,1,3,3,2,2.25,0,1,0,0,0,1,0,0,0,0,1,0,0,1,0,0,3
766,2,2,2,2,2,1,1,1,2,0.8125,1,1,1,1,2,2,1,1,1,1,0,0.857142857,0.5,0,1,1,0.5,1,0.666666667,3,3,3,3,3,1,0,0,0,0,0,0,0,1,0,1,0,0,0,0,1,2
767,3,2,2,2,2,2,1,1,2,0.875,1,0,1,1,2,2,1,1,1,1,0,0.785714286,1,1,1,1,0.5,1,0.916666667,2,2,2,3,2.25,0,1,0,0,0,1,0,0,0,0,1,0,1,0,0,0,3
768,1,2,2,2,2,2,1,2,2,0.9375,1,1,1,1,2,2,2,1,1,1,1,1,1,0.5,0.5,0,1,0,0.5,3,3,3,3,3,1,0,0,0,0,1,0,0,0,0,1,0,0,0,1,0,1
769,2,0,2,2,1,1,2,2,0,0.625,1,0,1,1,2,1,1,1,1,1,0,0.714285714,0,0,0,1,1,1,0.5,3,2,2,2,2.25,1,0,0,0,0,0,1,0,0,0,1,0,1,0,0,0,2
770,2,2,2,2,1,1,1,1,2,0.75,1,0,1,0,2,1,1,1,1,1,0,0.642857143,1,1,0,0,1,0,0.5,1,3,3,3,2.5,0,1,0,0,0,0,0,0,1,0,1,0,0,0,0,1,2
771,2,2,2,2,1,1,1,0,0,0.5625,0,1,1,0,1,1,1,0,0,0,0,0.357142857,1,1,0.5,1,1,1,0.916666667,2,3,3,1,2.25,1,0,0,0,0,1,0,0,0,0,1,0,0,1,0,0,2
772,1,2,2,2,2,1,1,2,2,0.875,1,1,1,1,2,2,2,1,1,1,0,0.928571429,1,0.5,0,0.5,0.5,0,0.416666667,3,3,3,3,3,1,0,0,0,0,1,0,0,0,0,1,0,0,0,0,1,1
773,3,0,1,2,2,2,1,2,2,0.75,1,0,1,0,2,1,2,1,1,1,1,0.785714286,1,0.5,1,0.5,1,0,0.666666667,1,2,3,1,1.75,1,0,0,0,0,1,0,0,0,0,1,0,0,1,0,0,3
774,3,0,1,2,2,2,2,2,2,0.8125,1,0,1,1,2,2,2,1,1,1,0,0.857142857,0.5,1,0,0,0.5,0,0.333333333,1,3,3,3,2.5,0,1,0,0,0,1,0,0,0,0,1,0,0,1,0,0,3
775,3,0,2,2,1,1,1,2,2,0.6875,1,1,1,1,2,2,2,1,1,1,0,0.928571429,0,0.5,0,0.5,0.5,1,0.416666667,3,3,3,3,3,0,1,0,0,0,1,0,0,0,0,1,0,1,0,0,0,3
776,2,0,2,2,2,1,2,2,2,0.8125,1,0,1,1,1,2,1,1,1,1,1,0.785714286,0.5,1,0.5,1,1,0,0.666666667,2,3,3,3,2.75,0,0,1,0,0,0,0,1,0,0,1,0,0,1,0,0,2
777,3,2,2,2,1,2,1,0,0,0.625,1,1,1,0,1,2,2,0,0,0,0,0.571428571,0,0,0,0.5,1,1,0.416666667,3,3,3,1,2.5,0,1,0,0,0,0,0,1,0,0,1,0,0,0,1,0,3
778,1,2,2,2,2,2,1,0,0,0.6875,1,1,1,0,2,2,2,0,0,0,0,0.642857143,0,0,0,0.5,1,0,0.25,2,3,3,1,2.25,1,0,0,0,0,1,0,0,0,0,1,0,1,0,0,0,1
779,0,2,2,2,1,2,1,1,2,0.8125,1,0,1,0,1,0,1,1,1,1,1,0.571428571,0,0.5,0.5,0.5,1,1,0.583333333,1,2,3,1,1.75,1,0,0,0,0,0,1,0,0,0,1,0,0,0,0,1,0
780,2,0,1,2,0,2,1,1,2,0.5625,1,0,1,0,2,2,1,1,1,1,0,0.714285714,0,0.5,0,0.5,0.5,0,0.25,1,2,2,2,1.75,1,0,0,0,0,0,0,1,0,0,1,1,0,0,0,0,2
781,3,2,2,2,1,1,2,2,2,0.875,1,1,1,0,2,2,2,1,1,1,1,0.928571429,1,1,1,0,1,0,0.666666667,3,3,3,2,2.75,0,1,0,0,0,1,0,0,0,0,1,0,0,1,0,0,3
782,1,2,2,2,2,1,1,2,2,0.875,1,0,1,1,2,1,2,1,1,1,0,0.785714286,0.5,1,1,0.5,1,1,0.833333333,3,3,3,3,3,1,0,0,0,0,1,0,0,0,0,1,0,1,0,0,0,1
783,3,0,2,2,1,1,2,2,2,0.75,1,0,1,1,2,2,2,1,1,1,1,0.928571429,1,1,1,0.5,1,0,0.75,1,3,3,3,2.5,0,1,0,0,0,0,1,0,0,0,1,0,0,0,0,1,3
784,2,2,2,2,2,2,1,2,2,0.9375,1,0,1,1,2,1,1,1,1,1,0,0.714285714,0,1,0,0.5,0.5,1,0.5,3,2,3,2,2.5,1,0,0,0,0,1,0,0,0,0,1,0,1,0,0,0,2
785,2,0,2,2,2,2,1,1,2,0.75,1,0,1,0,2,2,1,1,1,1,0,0.714285714,0.5,1,0.5,0.5,0.5,1,0.666666667,2,3,3,2,2.5,1,0,0,0,0,0,0,1,0,0,1,0,0,0,0,1,2
786,2,0,2,1,1,1,1,1,2,0.5625,1,0,1,0,1,2,1,1,1,1,1,0.714285714,1,1,1,0.5,1,0,0.75,3,3,3,2,2.75,0,0,0,1,0,0,0,0,1,0,1,0,0,0,0,1,2
787,2,2,2,2,1,1,2,1,2,0.8125,1,1,1,0,2,2,1,1,1,1,1,0.857142857,0.5,1,1,0.5,1,1,0.833333333,2,3,3,2,2.5,0,0,1,0,0,1,0,0,0,0,1,0,0,0,1,0,2
788,3,0,2,2,2,2,1,1,2,0.75,1,1,1,1,2,2,1,1,1,1,0,0.857142857,0.5,0,1,0.5,1,0,0.5,2,3,3,3,2.75,0,1,0,0,0,1,0,0,0,0,1,0,1,0,0,0,3
789,2,0,1,2,1,1,1,1,2,0.5625,1,1,1,1,2,2,1,1,1,1,0,0.857142857,0.5,1,1,0.5,0.5,0,0.583333333,1,3,3,3,2.5,0,1,0,0,0,0,0,0,0,1,1,0,0,0,0,1,2
790,0,0,1,2,0,0,0,0,0,0.1875,1,1,0,0,0,0,0,0,0,0,0,0.142857143,0,0.5,0,1,0,1,0.416666667,1,1,1,1,1,0,1,0,0,0,0,0,1,0,0,1,0,0,0,0,1,0
791,3,0,1,2,2,2,1,2,0,0.625,1,0,1,1,2,2,2,1,1,1,1,0.928571429,0.5,1,1,0.5,1,1,0.833333333,1,3,3,3,2.5,0,1,0,0,0,1,0,0,0,0,1,0,1,0,0,0,3
792,1,2,2,2,2,1,2,2,2,0.9375,1,1,1,1,2,2,2,1,1,1,0,0.928571429,1,1,0.5,0,1,0,0.583333333,3,3,3,3,3,0,1,0,0,0,0,0,0,1,0,1,0,1,0,0,0,1
793,1,0,2,2,2,2,1,2,2,0.8125,1,0,1,1,2,2,2,1,1,1,0,0.857142857,1,0.5,0,0.5,0.5,0,0.416666667,2,3,3,3,2.75,1,0,0,0,0,1,0,0,0,0,1,0,0,1,0,0,1
794,1,0,2,2,2,1,1,2,2,0.75,1,1,1,0,2,2,2,1,1,1,1,0.928571429,1,0.5,1,0.5,1,1,0.833333333,3,2,3,2,2.5,1,0,0,0,0,1,0,0,0,0,1,0,0,1,0,0,1
795,1,2,2,2,2,1,1,2,2,0.875,1,0,1,1,2,2,2,1,1,1,0,0.857142857,0.5,0.5,0.5,0,0.5,0,0.333333333,2,3,3,3,2.75,1,0,0,0,0,1,0,0,0,0,1,0,0,1,0,0,1
796,3,0,1,2,2,2,1,2,2,0.75,0,1,1,0,2,2,2,1,1,1,1,0.857142857,0,0,1,0,1,0,0.333333333,3,2,2,2,2.25,0,0,1,0,0,1,0,0,0,0,1,0,0,1,0,0,3
797,3,0,2,2,2,1,1,2,2,0.75,1,0,1,1,2,2,2,1,1,1,0,0.857142857,0,0,1,0.5,0.5,0,0.333333333,3,3,3,3,3,0,1,0,0,0,1,0,0,0,0,1,0,1,0,0,0,3
798,1,0,2,2,1,1,2,2,2,0.75,1,1,1,1,2,2,2,1,1,1,1,1,0,0,0,0.5,1,1,0.416666667,2,3,3,2,2.5,1,0,0,0,0,1,0,0,0,0,1,0,1,0,0,0,1
799,2,0,1,2,1,2,1,2,0,0.5625,1,0,1,1,1,1,1,1,1,1,0,0.642857143,0.5,0,0.5,0.5,1,0,0.416666667,3,3,3,3,3,0,1,0,0,0,0,1,0,0,0,1,0,0,0,0,1,2
800,2,0,1,1,1,2,2,0,0,0.4375,1,0,1,0,2,1,1,0,0,0,0,0.428571429,0,0,0,0,1,0,0.166666667,3,3,3,1,2.5,1,0,0,0,0,1,0,0,0,0,1,0,1,0,0,0,2
801,2,0,2,2,1,1,1,1,2,0.625,1,0,1,1,2,1,1,1,1,1,1,0.785714286,0,0.5,0.5,0.5,1,1,0.583333333,2,3,3,2,2.5,0,1,0,0,0,1,0,0,0,0,1,0,0,1,0,0,2
802,2,2,2,2,1,1,1,2,2,0.8125,1,1,1,0,2,2,1,1,1,1,1,0.857142857,0,0,0.5,0.5,0.5,0,0.25,1,3,2,2,2,0,1,0,0,0,1,0,0,0,0,1,0,0,1,0,0,2
803,2,0,2,2,1,1,1,2,2,0.6875,0,0,1,1,2,1,1,1,1,1,0,0.642857143,1,1,1,0,1,1,0.833333333,1,2,3,3,2.25,1,0,0,0,0,1,0,0,0,0,1,0,1,0,0,0,2
804,2,0,2,2,2,1,1,2,0,0.625,1,1,1,1,2,2,1,1,1,1,1,0.928571429,0,0,0.5,0.5,1,1,0.5,3,3,3,2,2.75,1,0,0,0,0,0,1,0,0,0,1,0,0,0,0,1,2
805,1,2,1,2,1,1,2,2,2,0.8125,1,0,1,1,1,2,2,1,1,1,0,0.785714286,0.5,0,1,1,1,1,0.75,3,3,3,3,3,1,0,0,0,0,0,0,0,1,0,1,0,0,0,0,1,1
806,1,0,2,2,1,2,1,2,2,0.75,1,1,1,1,2,2,2,1,1,1,1,1,0.5,1,1,0,0.5,1,0.666666667,3,3,3,2,2.75,1,0,0,0,0,1,0,0,0,0,1,0,0,1,0,0,1
807,3,0,2,2,2,1,2,2,2,0.8125,1,1,1,1,2,2,2,1,1,1,1,1,1,1,1,1,1,0,0.833333333,3,3,3,2,2.75,0,1,0,0,0,1,0,0,0,0,1,0,1,0,0,0,3
808,1,0,2,2,1,1,1,2,2,0.6875,1,1,1,0,2,2,2,1,1,1,1,0.928571429,0.5,0.5,0,0,1,0,0.333333333,1,3,3,3,2.5,1,0,0,0,0,1,0,0,0,0,1,0,1,0,0,0,1
809,1,0,1,2,1,2,1,1,0,0.5,1,0,1,1,2,2,2,1,1,1,1,0.928571429,0.5,0.5,1,0.5,1,0,0.583333333,1,3,3,1,2,1,0,0,0,0,1,0,0,0,0,1,0,1,0,0,0,1
810,3,0,2,2,2,1,1,2,2,0.75,1,1,1,0,2,2,2,1,1,1,1,0.928571429,1,1,0.5,0.5,1,0,0.666666667,1,3,3,2,2.25,0,1,0,0,0,0,0,1,0,0,1,0,0,0,1,0,3
811,2,0,2,2,1,2,2,2,2,0.8125,1,1,1,1,2,2,1,1,1,1,1,0.928571429,0,0,0.5,0.5,1,1,0.5,1,3,3,1,2,1,0,0,0,0,0,0,1,0,0,1,0,0,0,0,1,2
812,1,2,1,2,2,1,1,2,2,0.8125,1,0,1,1,2,2,2,1,1,1,0,0.857142857,0.5,0.5,0,0,1,0,0.333333333,1,3,3,2,2.25,1,0,0,0,0,1,0,0,0,0,1,0,1,0,0,0,1
813,3,0,2,2,2,1,1,2,0,0.625,1,0,1,0,2,2,2,1,1,1,1,0.857142857,0,0,0.5,0,1,0,0.25,2,3,3,2,2.5,0,1,0,0,0,1,0,0,0,0,1,0,1,0,0,0,3
814,3,0,2,2,1,1,1,2,2,0.6875,1,0,1,1,2,1,2,1,1,1,1,0.857142857,0.5,0.5,1,0.5,0.5,1,0.666666667,3,3,3,3,3,0,1,0,0,0,0,0,0,1,0,1,0,0,0,1,0,3
815,1,0,2,2,1,1,1,2,2,0.6875,1,1,1,0,2,2,2,1,1,1,0,0.857142857,0,0,0,0.5,1,0,0.25,2,3,3,3,2.75,0,1,0,0,0,0,0,1,0,0,1,0,0,0,1,0,1
816,2,0,1,2,1,1,1,1,0,0.4375,1,1,1,0,2,2,1,1,1,1,1,0.857142857,1,1,0,0.5,1,1,0.75,1,3,3,3,2.5,1,0,0,0,0,0,0,0,1,0,1,0,0,0,0,1,2
817,1,0,2,2,2,1,1,0,0,0.5,1,0,1,1,1,2,2,0,0,0,0,0.571428571,0.5,0,0.5,0,0.5,1,0.416666667,1,2,3,1,1.75,1,0,0,0,0,1,0,0,0,0,1,0,1,0,0,0,1
818,2,0,2,2,1,1,1,1,2,0.625,1,0,1,1,2,2,1,1,1,1,1,0.857142857,1,1,1,1,1,1,1,1,3,3,2,2.25,1,0,0,0,0,0,0,1,0,0,1,0,0,0,1,0,2
819,3,0,2,2,2,2,1,1,2,0.75,1,1,1,1,2,2,2,1,1,1,1,1,1,1,1,0,0.5,0,0.583333333,1,3,3,3,2.5,0,1,0,0,0,0,1,0,0,0,1,0,0,0,1,0,3
820,0,0,1,2,0,0,0,0,0,0.1875,1,0,0,0,0,0,0,0,0,0,0,0.071428571,0,0.5,0,0.5,0,1,0.333333333,2,1,1,1,1.25,1,0,0,0,0,0,0,0,1,0,1,0,0,0,1,0,0
821,1,0,2,2,1,2,2,2,0,0.6875,1,1,1,1,2,2,2,1,1,1,0,0.928571429,0.5,0.5,1,0.5,1,1,0.75,1,2,3,3,2.25,1,0,0,0,0,1,0,0,0,0,1,0,0,0,1,0,1
822,1,0,1,2,1,2,1,1,2,0.625,1,1,1,1,2,2,2,1,1,1,0,0.928571429,1,1,0.5,0,0.5,1,0.666666667,1,2,3,2,2,1,0,0,0,0,0,0,1,0,0,1,0,0,0,0,1,1
823,2,0,2,2,1,1,1,1,0,0.5,1,1,1,1,2,2,1,1,1,1,1,0.928571429,0.5,1,1,0.5,1,0,0.666666667,2,2,2,2,2,0,1,0,0,0,0,0,1,0,0,1,0,1,0,0,0,2
824,3,0,1,2,1,2,1,2,2,0.6875,1,1,1,1,2,2,2,1,1,1,1,1,0,0.5,1,0,1,0,0.416666667,3,3,3,3,3,0,1,0,0,0,0,0,1,0,0,1,0,0,0,1,0,3
825,1,0,2,2,1,1,1,2,2,0.6875,1,0,1,1,2,2,2,1,1,1,0,0.857142857,0.5,0.5,0.5,0.5,1,0,0.5,3,3,3,3,3,1,0,0,0,0,0,0,1,0,0,1,0,0,0,1,0,1
826,3,0,2,2,1,1,1,2,2,0.6875,1,0,1,1,1,1,2,1,1,1,0,0.714285714,0.5,1,1,0.5,1,1,0.833333333,1,3,3,3,2.5,0,1,0,0,0,1,0,0,0,0,1,0,0,0,1,0,3
827,1,2,2,2,2,2,2,2,2,1,1,1,1,1,2,2,2,1,1,1,1,1,0,0.5,1,1,0.5,1,0.666666667,3,3,3,2,2.75,1,0,0,0,0,0,0,0,1,0,1,0,0,0,0,1,1
828,2,0,1,2,1,1,1,1,2,0.5625,1,1,1,0,2,2,1,1,1,1,0,0.785714286,0,0,0,0.5,1,0,0.25,2,3,3,3,2.75,0,1,0,0,0,0,0,0,1,0,1,0,0,0,1,0,2
829,1,0,2,2,2,2,1,2,2,0.8125,1,0,1,1,2,2,2,1,1,1,0,0.857142857,0.5,0,1,0.5,1,1,0.666666667,3,3,3,3,3,1,0,0,0,0,0,0,0,1,0,1,0,0,0,0,1,1
830,2,2,1,2,2,1,1,2,2,0.8125,1,1,1,0,2,2,1,1,1,1,0,0.785714286,0,0.5,1,0.5,1,0,0.5,2,3,3,3,2.75,1,0,0,0,0,0,1,0,0,0,1,0,1,0,0,0,2
831,2,0,2,2,2,1,1,1,2,0.6875,1,1,1,0,2,2,1,1,1,1,1,0.857142857,0,0.5,1,0.5,1,0,0.5,2,3,3,2,2.5,1,0,0,0,0,0,0,1,0,0,1,0,0,0,1,0,2
832,2,0,2,2,1,1,1,1,2,0.625,1,1,1,0,2,2,1,1,1,1,1,0.857142857,1,1,1,0.5,0.5,1,0.833333333,1,2,3,2,2,0,1,0,0,0,0,0,0,1,0,1,0,0,0,0,1,2
833,3,2,2,1,1,2,2,2,2,0.875,1,1,1,1,2,1,2,1,1,1,1,0.928571429,0,0,0,0,1,0,0.166666667,3,3,3,3,3,0,1,0,0,0,0,0,1,0,0,1,0,0,0,0,1,3
834,1,2,1,2,2,1,1,2,2,0.8125,1,1,1,0,2,2,2,1,1,1,0,0.857142857,0.5,1,0.5,1,1,0,0.666666667,3,3,3,3,3,0,1,0,0,0,0,0,1,0,0,1,0,0,0,0,1,1
835,1,2,2,2,1,1,2,2,2,0.875,1,0,1,1,2,2,2,1,1,1,0,0.857142857,0,0.5,1,1,1,1,0.75,3,3,3,3,3,0,1,0,0,0,0,0,0,1,0,1,0,0,0,0,1,1
836,3,0,2,2,2,1,1,2,0,0.625,1,1,1,1,2,2,2,1,1,1,1,1,0,0,0,0.5,0.5,0,0.166666667,2,3,3,3,2.75,0,1,0,0,0,0,0,1,0,0,1,0,0,0,1,0,3
837,2,0,2,2,1,2,1,0,0,0.5,1,1,1,0,2,1,1,0,0,0,0,0.5,0.5,1,0.5,0,1,0,0.5,3,2,3,1,2.25,1,0,0,0,0,0,0,1,0,0,1,0,0,1,0,0,2
838,3,0,2,2,2,1,1,2,2,0.75,1,1,1,1,2,2,2,1,1,1,1,1,0.5,1,0.5,0.5,0.5,0,0.5,2,3,3,2,2.5,0,1,0,0,0,0,0,1,0,0,1,0,0,1,0,0,3
839,2,0,2,2,1,1,1,0,0,0.4375,1,1,1,0,2,2,1,0,0,0,0,0.571428571,0.5,1,0.5,0.5,1,1,0.75,1,3,3,1,2,1,0,0,0,0,0,0,0,1,0,1,0,0,0,0,1,2
840,2,0,2,2,2,2,1,2,2,0.8125,1,1,1,0,2,2,1,1,1,1,1,0.857142857,1,0.5,1,0.5,0.5,0,0.583333333,3,3,3,2,2.75,0,0,1,0,0,1,0,0,0,0,1,0,0,0,1,0,2
841,2,0,2,2,1,2,1,2,2,0.75,1,1,1,0,2,2,1,1,1,1,1,0.857142857,0,1,0,0.5,1,0,0.416666667,2,3,3,2,2.5,1,0,0,0,0,1,0,0,0,0,1,0,1,0,0,0,2
842,1,0,2,2,2,2,1,2,0,0.6875,0,1,1,1,2,2,2,1,1,1,0,0.857142857,0.5,0.5,1,0.5,1,0,0.583333333,3,3,3,3,3,1,0,0,0,0,1,0,0,0,0,1,0,0,1,0,0,1
843,1,0,2,2,1,2,1,2,2,0.75,1,1,1,1,2,2,2,1,1,1,0,0.928571429,0.5,1,1,0.5,1,0,0.666666667,1,3,3,3,2.5,1,0,0,0,0,0,0,1,0,0,1,0,1,0,0,0,1
844,3,2,2,2,2,2,1,2,0,0.8125,1,1,1,1,2,2,2,1,1,1,1,1,0,0,0,0,1,1,0.333333333,2,2,2,1,1.75,0,1,0,0,0,1,0,0,0,0,1,0,0,0,1,0,3
845,1,0,1,2,2,1,1,2,2,0.6875,1,1,1,1,2,2,2,1,1,1,1,1,0.5,1,1,0.5,1,1,0.833333333,2,3,3,3,2.75,1,0,0,0,0,0,0,0,1,0,1,0,1,0,0,0,1
846,1,0,2,2,1,1,1,2,2,0.6875,1,1,1,0,2,2,2,1,1,1,0,0.857142857,0,0.5,0,0.5,1,1,0.5,2,3,3,2,2.5,1,0,0,0,0,1,0,0,0,0,1,0,1,0,0,0,1
847,1,2,2,2,1,1,1,2,2,0.8125,1,1,1,1,2,2,2,1,1,1,0,0.928571429,0.5,1,0,1,1,1,0.75,3,3,3,3,3,0,1,0,0,0,0,0,1,0,0,1,0,0,0,1,0,1
848,3,0,0,2,1,1,2,2,2,0.625,1,0,1,1,2,2,2,1,1,1,1,0.928571429,0.5,1,0.5,0.5,1,0,0.583333333,3,3,3,3,3,0,1,0,0,0,0,0,0,1,0,1,0,1,0,0,0,3
849,3,2,2,2,2,1,2,2,2,0.9375,1,0,1,1,2,2,2,1,1,1,1,0.928571429,0.5,1,0.5,0.5,1,0,0.583333333,3,3,3,3,3,0,1,0,0,0,1,0,0,0,0,1,0,0,1,0,0,3
850,2,0,2,2,2,1,2,0,0,0.5625,1,1,1,0,2,2,1,0,0,0,0,0.571428571,0.5,0.5,1,0,1,1,0.666666667,3,3,3,1,2.5,1,0,0,0,0,0,0,0,1,0,1,0,1,0,0,0,2
851,1,0,1,2,2,1,1,2,2,0.6875,1,0,1,0,2,2,2,1,1,1,1,0.857142857,0,0,0,0.5,1,0,0.25,3,3,3,3,3,0,0,0,1,0,0,0,0,1,0,1,0,0,0,1,0,1
852,0,0,2,2,0,0,0,0,0,0.25,1,0,0,0,0,0,0,0,0,0,0,0.071428571,0,0,0,0.5,0,0,0.083333333,3,1,1,1,1.5,0,1,0,0,0,0,0,1,0,0,1,0,1,0,0,0,0
853,2,0,1,2,1,1,1,1,2,0.5625,1,0,1,0,2,2,1,1,1,1,0,0.714285714,1,1,0,0.5,1,0,0.583333333,3,3,3,3,3,1,0,0,0,0,0,0,0,1,0,1,0,1,0,0,0,2
854,3,2,2,2,2,1,2,2,2,0.9375,1,1,1,1,2,2,2,1,1,1,1,1,0,1,0.5,1,1,1,0.75,3,3,3,3,3,0,1,0,0,0,1,0,0,0,0,1,0,0,0,1,0,3
855,3,2,1,1,1,1,2,2,2,0.75,1,1,1,1,2,2,1,1,1,1,0,0.857142857,1,1,1,0,0.5,0,0.583333333,1,2,3,2,2,0,1,0,0,0,1,0,0,0,0,1,0,0,1,0,0,3
856,3,0,1,2,2,1,1,2,2,0.6875,1,0,1,1,2,2,2,1,1,1,1,0.928571429,1,1,1,0.5,0.5,0,0.666666667,3,3,3,2,2.75,0,1,0,0,0,1,0,0,0,0,1,0,0,1,0,0,3
857,3,2,1,2,1,2,1,2,2,0.8125,1,1,1,1,2,1,2,1,1,1,0,0.857142857,0,0.5,0.5,0,1,1,0.5,1,3,3,2,2.25,0,1,0,0,0,0,0,1,0,0,1,0,0,0,0,1,3
858,2,2,2,2,2,1,1,2,2,0.875,1,0,1,1,2,2,1,1,1,1,0,0.785714286,0,0,0,0,1,0,0.166666667,3,3,3,3,3,1,0,0,0,0,0,0,1,0,0,1,0,0,1,0,0,2
859,1,0,2,2,1,2,2,2,2,0.8125,1,0,1,1,2,2,2,1,1,1,1,0.928571429,1,1,1,0.5,1,0,0.75,1,3,3,3,2.5,1,0,0,0,0,0,0,1,0,0,1,0,0,0,1,0,1
860,3,0,2,2,2,1,1,2,2,0.75,1,0,1,1,1,2,2,1,1,1,0,0.785714286,0.5,0,1,1,1,0,0.583333333,1,3,3,2,2.25,0,1,0,0,0,1,0,0,0,0,1,0,0,1,0,0,3
861,1,0,2,2,1,1,1,1,2,0.625,1,0,1,0,2,2,2,1,1,1,0,0.785714286,0.5,0,1,0.5,1,0,0.5,3,3,3,3,3,1,0,0,0,0,0,0,1,0,0,1,0,0,1,0,0,1
862,3,0,2,1,2,2,1,1,2,0.6875,1,1,1,1,2,2,2,1,1,1,1,1,0.5,0.5,1,0.5,1,0,0.583333333,2,3,3,3,2.75,0,1,0,0,0,1,0,0,0,0,1,0,1,0,0,0,3
863,2,2,1,2,2,1,1,2,0,0.6875,1,1,1,0,2,2,1,1,1,1,1,0.857142857,0,0,0,1,1,0,0.333333333,3,3,3,1,2.5,0,1,0,0,0,1,0,0,0,0,1,0,0,1,0,0,2
864,3,0,1,2,1,1,1,2,2,0.625,1,1,1,1,2,2,2,1,1,1,0,0.928571429,0.5,1,0,0.5,0.5,1,0.583333333,1,2,3,3,2.25,0,1,0,0,0,1,0,0,0,0,1,0,0,0,1,0,3
865,1,0,1,2,2,2,1,1,2,0.6875,1,1,1,1,2,2,2,1,1,1,1,1,0.5,0.5,1,0.5,0.5,0,0.5,1,3,3,3,2.5,1,0,0,0,0,0,0,1,0,0,1,0,0,0,0,1,1
866,3,0,1,2,1,1,1,1,2,0.5625,1,1,1,1,1,1,2,1,1,1,1,0.857142857,0,0,0,1,1,1,0.5,1,3,3,2,2.25,0,1,0,0,0,0,0,0,1,0,1,0,0,0,1,0,3
867,2,0,2,2,0,1,2,2,2,0.6875,1,1,1,1,2,2,1,1,1,1,0,0.857142857,0,0.5,0,0.5,1,0,0.333333333,2,3,3,3,2.75,1,0,0,0,0,0,0,1,0,0,1,0,0,0,1,0,2
868,0,0,2,2,0,0,0,0,0,0.25,1,1,0,0,0,0,0,0,0,0,0,0.142857143,1,1,1,1,0,0,0.666666667,1,1,1,1,1,1,0,0,0,0,0,0,0,1,0,1,0,1,0,0,0,0
869,1,0,2,2,2,1,2,2,2,0.8125,1,1,1,0,2,2,2,1,1,1,1,0.928571429,0,0,0,0.5,0.5,1,0.333333333,3,3,3,3,3,1,0,0,0,0,0,0,1,0,0,1,0,0,0,1,0,1
870,1,0,2,2,1,1,2,2,2,0.75,1,1,1,0,1,2,2,1,1,1,1,0.857142857,0,0,0,1,1,0,0.333333333,2,3,3,3,2.75,1,0,0,0,0,0,0,0,1,0,1,0,0,0,0,1,1
872,2,2,2,2,1,1,2,2,0,0.75,1,1,1,1,2,2,1,1,1,1,0,0.857142857,0,0.5,0,0.5,0.5,1,0.416666667,3,3,3,3,3,1,0,0,0,0,1,0,0,0,0,1,0,1,0,0,0,2
873,2,2,2,2,1,1,1,1,0,0.625,1,1,1,1,2,1,0,1,1,1,1,0.785714286,1,1,1,1,0.5,0,0.75,1,1,1,3,1.5,0,1,0,0,0,1,0,0,0,0,1,0,0,1,0,0,2
874,1,2,2,2,2,1,1,2,2,0.875,1,1,1,1,2,2,2,1,1,1,0,0.928571429,1,1,1,0.5,1,0,0.75,3,3,3,3,3,1,0,0,0,0,1,0,0,0,0,1,0,1,0,0,0,1
875,2,2,2,2,1,1,2,0,0,0.625,1,0,1,1,2,1,1,1,1,1,1,0.785714286,1,0.5,0.5,0,1,0,0.5,1,1,1,1,1,0,1,0,0,0,0,0,1,0,0,1,0,0,0,0,1,2
876,3,2,2,2,2,1,1,2,0,0.75,1,1,1,0,2,2,2,1,1,1,1,0.928571429,0,0,0,0.5,1,1,0.416666667,2,3,3,2,2.5,0,1,0,0,0,0,0,0,1,0,1,0,0,0,1,0,3
877,3,2,2,1,1,2,2,2,2,0.875,1,1,1,0,2,1,2,1,1,1,0,0.785714286,0,0,0.5,0.5,1,1,0.5,3,3,3,3,3,0,1,0,0,0,0,0,0,1,0,1,0,1,0,0,0,3
878,0,0,2,2,0,0,0,0,0,0.25,1,1,0,0,0,0,0,0,0,0,0,0.142857143,0,1,0,0.5,0,1,0.416666667,3,1,1,1,1.5,1,0,0,0,0,1,0,0,0,0,1,0,1,0,0,0,0
879,1,0,2,2,2,1,1,2,2,0.75,1,1,1,0,2,2,2,1,1,1,1,0.928571429,0,0.5,0,0.5,1,0,0.333333333,2,3,3,2,2.5,1,0,0,0,0,1,0,0,0,0,1,0,0,1,0,0,1
880,1,0,2,2,2,1,1,0,0,0.5,1,0,1,0,2,2,2,0,0,0,0,0.571428571,0.5,1,1,0.5,0.5,1,0.75,2,3,3,1,2.25,1,0,0,0,0,0,1,0,0,0,1,0,0,0,0,1,1
881,3,0,2,2,2,1,2,2,0,0.6875,1,1,1,1,2,2,2,1,1,1,1,1,0,0,1,1,1,1,0.666666667,3,3,3,3,3,0,1,0,0,0,1,0,0,0,0,1,0,0,0,1,0,3
882,1,2,2,2,2,1,2,2,2,0.9375,1,1,1,1,2,2,2,1,1,1,1,1,0,0.5,0.5,0.5,1,0,0.416666667,2,3,3,3,2.75,0,0,1,0,0,0,0,0,0,1,1,0,1,0,0,0,1
883,1,2,2,2,2,2,2,2,2,1,1,1,1,1,2,2,2,1,1,1,0,0.928571429,0,1,0,0.5,1,0,0.416666667,3,3,3,3,3,1,0,0,0,0,0,0,1,0,0,1,0,0,0,0,1,1
884,0,0,1,2,0,0,0,0,0,0.1875,1,0,0,0,0,0,0,0,0,0,0,0.071428571,0,0,0,0.5,0,0,0.083333333,1,1,1,1,1,0,1,0,0,0,0,0,1,0,0,1,0,0,0,1,0,0
885,3,2,2,2,2,1,1,2,0,0.75,1,0,1,0,2,2,2,1,1,1,1,0.857142857,0.5,1,1,1,0.5,1,0.833333333,1,3,3,2,2.25,0,1,0,0,0,0,0,1,0,0,1,0,1,0,0,0,3
886,2,0,2,2,2,1,1,1,2,0.6875,1,0,1,1,2,1,1,1,1,1,1,0.785714286,0.5,0.5,1,0.5,1,0,0.583333333,1,1,3,3,2,1,0,0,0,0,0,0,1,0,0,1,0,0,0,1,0,2
887,1,2,1,2,2,1,2,2,2,0.875,1,0,1,1,2,2,2,1,1,1,0,0.857142857,0,0.5,0,0.5,1,0,0.333333333,2,3,3,3,2.75,1,0,0,0,0,0,0,1,0,0,1,0,0,0,1,0,1
888,1,2,2,2,1,1,1,0,0,0.5625,1,1,1,0,2,2,2,0,0,0,0,0.642857143,0.5,0.5,1,0.5,1,1,0.75,3,3,3,1,2.5,0,1,0,0,0,0,0,0,1,0,1,0,0,0,0,1,1
889,2,0,2,2,1,1,1,1,2,0.625,0,1,1,0,2,2,1,1,1,1,0,0.714285714,1,0.5,1,0.5,1,1,0.833333333,1,2,3,3,2.25,1,0,0,0,0,1,0,0,0,0,1,0,1,0,0,0,2
890,1,2,1,2,2,1,1,2,2,0.8125,1,1,1,1,2,2,2,1,1,1,0,0.928571429,0,0,0,0.5,0.5,1,0.333333333,3,3,3,3,3,1,0,0,0,0,0,0,1,0,0,1,0,0,0,0,1,1
891,1,2,2,2,1,1,2,2,2,0.875,1,1,1,1,2,2,2,1,1,1,1,1,0,0.5,0,1,1,0,0.416666667,3,3,3,3,3,1,0,0,0,0,0,0,1,0,0,1,0,0,0,1,0,1
892,3,0,1,2,2,1,1,2,2,0.6875,1,1,1,0,2,2,2,1,1,1,1,0.928571429,0.5,0.5,1,0.5,0.5,1,0.666666667,1,2,3,2,2,0,1,0,0,0,1,0,0,0,0,1,0,1,0,0,0,3
893,1,0,2,2,2,2,1,2,2,0.8125,1,1,1,0,2,2,2,1,1,1,0,0.857142857,0,0.5,1,0.5,1,1,0.666666667,3,3,3,3,3,1,0,0,0,0,0,1,0,0,0,1,0,0,1,0,0,1
894,2,0,1,2,1,1,1,0,0,0.375,1,1,1,0,2,2,1,0,0,0,0,0.571428571,0.5,0,1,0.5,1,1,0.666666667,3,3,3,1,2.5,1,0,0,0,0,0,0,0,1,0,1,0,0,0,1,0,2
895,1,2,1,2,2,2,1,2,2,0.875,1,1,1,1,2,2,2,1,1,1,1,1,0,0,0,0.5,0.5,0,0.166666667,3,2,3,2,2.5,1,0,0,0,0,0,1,0,0,0,1,0,0,0,1,0,1
896,3,0,2,2,1,2,2,2,2,0.8125,1,0,1,1,2,1,2,1,1,1,1,0.857142857,1,1,1,1,1,0,0.833333333,1,1,2,1,1.25,0,1,0,0,0,0,0,1,0,0,1,0,0,0,0,1,3
897,3,0,2,2,2,1,1,2,0,0.625,1,0,1,0,1,2,2,1,1,1,1,0.785714286,0,0,0,0.5,1,1,0.416666667,2,3,3,1,2.25,1,0,0,0,0,1,0,0,0,0,1,0,1,0,0,0,3
898,2,2,1,2,2,2,0,1,0,0.625,1,1,1,1,2,2,1,1,1,1,1,0.928571429,0.5,1,1,0.5,0.5,1,0.75,2,3,3,3,2.75,1,0,0,0,0,1,0,0,0,0,1,0,1,0,0,0,2
899,2,0,2,2,1,2,2,2,0,0.6875,1,0,1,1,2,2,1,1,1,1,1,0.857142857,0,0,0,1,0.5,0,0.25,1,3,3,2,2.25,0,1,0,0,0,0,0,1,0,0,1,0,0,0,1,0,2
900,1,0,2,2,2,1,2,2,2,0.8125,1,1,1,1,2,2,2,1,1,1,1,1,0.5,1,1,1,1,0,0.75,1,3,3,2,2.25,1,0,0,0,0,0,1,0,0,0,1,0,0,1,0,0,1
901,1,0,2,2,1,1,1,2,0,0.5625,1,1,1,0,2,2,2,1,1,1,0,0.857142857,0.5,1,0.5,1,0.5,0,0.583333333,3,3,3,3,3,1,0,0,0,0,0,0,1,0,0,1,0,0,0,1,0,1
902,1,2,0,1,2,1,1,2,2,0.6875,1,1,1,1,2,2,2,1,1,1,0,0.928571429,1,0.5,1,0.5,1,0,0.666666667,2,3,3,3,2.75,1,0,0,0,0,1,0,0,0,0,1,0,1,0,0,0,1
903,1,0,2,2,2,1,2,2,2,0.8125,1,1,1,0,2,2,2,1,1,1,0,0.857142857,1,1,0.5,1,1,0,0.75,3,3,3,3,3,1,0,0,0,0,0,1,0,0,0,1,0,0,1,0,0,1
904,1,2,2,2,1,1,1,2,2,0.8125,1,1,1,0,2,2,2,1,1,1,1,0.928571429,0,0,0.5,0.5,1,1,0.5,2,3,3,2,2.5,1,0,0,0,0,1,0,0,0,0,1,0,1,0,0,0,1
905,3,0,2,1,2,1,1,2,0,0.5625,1,0,1,1,1,2,2,1,1,1,1,0.857142857,0.5,1,1,0.5,1,0,0.666666667,2,3,3,2,2.5,0,1,0,0,0,0,0,0,1,0,1,0,0,0,1,0,3
906,1,0,1,2,1,1,1,2,2,0.625,1,1,1,1,2,2,2,1,1,1,0,0.928571429,1,1,0.5,0.5,1,1,0.833333333,2,3,3,3,2.75,1,0,0,0,0,0,0,1,0,0,1,0,0,0,1,0,1
907,3,2,1,2,2,1,2,2,0,0.75,1,1,1,1,2,2,2,1,1,1,1,1,0.5,1,1,0.5,0.5,0,0.583333333,1,2,3,3,2.25,0,1,0,0,0,1,0,0,0,0,1,0,1,0,0,0,3
908,3,0,2,2,2,1,1,2,0,0.625,1,1,1,1,2,2,2,1,1,1,1,1,1,0.5,0,0.5,0.5,0,0.416666667,2,3,3,2,2.5,0,1,0,0,0,1,0,0,0,0,1,0,1,0,0,0,3
909,3,0,2,2,1,1,1,2,2,0.6875,1,0,1,1,2,2,2,1,1,1,1,0.928571429,1,1,1,0.5,0.5,0,0.666666667,1,3,3,2,2.25,0,1,0,0,0,1,0,0,0,0,1,0,1,0,0,0,3
910,1,0,2,2,2,2,1,2,2,0.8125,1,1,1,1,2,2,2,1,1,1,1,1,0.5,1,0.5,1,1,0,0.666666667,2,3,3,3,2.75,1,0,0,0,0,1,0,0,0,0,1,0,0,1,0,0,1
911,1,2,2,2,2,1,2,2,2,0.9375,1,0,1,1,2,2,2,1,1,1,1,0.928571429,0.5,0.5,1,0.5,1,1,0.75,3,3,3,3,3,1,0,0,0,0,0,0,1,0,0,1,0,0,0,0,1,1
912,2,2,2,2,2,1,1,0,0,0.625,1,1,1,0,2,2,1,0,0,0,0,0.571428571,0,0,0.5,0.5,1,1,0.5,3,3,3,1,2.5,0,1,0,0,0,0,0,1,0,0,1,0,0,0,0,1,2
913,3,2,2,2,2,1,1,2,2,0.875,1,1,1,0,2,2,2,1,1,1,1,0.928571429,0.5,1,1,0.5,1,0,0.666666667,3,3,3,2,2.75,0,1,0,0,0,1,0,0,0,0,1,0,1,0,0,0,3
914,1,0,2,2,1,1,1,2,2,0.6875,1,0,1,0,2,2,2,1,1,1,1,0.857142857,0.5,1,1,0.5,1,0,0.666666667,2,3,3,3,2.75,1,0,0,0,0,1,0,0,0,0,1,0,0,1,0,0,1
915,2,0,2,2,1,1,1,1,0,0.5,1,0,1,1,2,1,1,1,1,1,1,0.785714286,0,0.5,0.5,0.5,1,0,0.416666667,2,3,2,1,2,0,0,0,1,0,0,0,0,1,0,1,0,0,0,0,1,2
916,1,2,1,2,2,2,2,1,0,0.75,1,1,1,1,2,2,2,1,1,1,1,1,1,1,1,0.5,1,0,0.75,1,2,3,2,2,1,0,0,0,0,0,1,0,0,0,1,0,0,0,1,0,1
917,1,0,2,2,2,2,1,2,2,0.8125,1,0,1,1,2,2,2,1,1,1,0,0.857142857,1,1,0,0.5,1,0,0.583333333,3,3,3,3,3,1,0,0,0,0,0,0,0,1,0,1,0,1,0,0,0,1
918,1,0,1,2,2,1,2,0,0,0.5,1,1,1,0,2,2,2,0,0,0,0,0.642857143,0.5,0.5,1,0,1,1,0.666666667,2,3,3,1,2.25,1,0,0,0,0,0,0,1,0,0,1,0,0,0,1,0,1
919,1,0,2,2,1,1,1,2,2,0.6875,1,1,1,1,2,2,2,1,1,1,0,0.928571429,0.5,1,1,0.5,1,1,0.833333333,3,3,3,3,3,1,0,0,0,0,0,0,0,1,0,1,0,0,0,1,0,1
920,2,0,2,2,1,1,1,2,2,0.6875,1,0,1,1,2,2,1,1,1,1,0,0.785714286,1,0.5,0,0.5,1,0,0.5,3,3,3,3,3,1,0,0,0,0,1,0,0,0,0,1,0,0,1,0,0,2
921,1,0,2,1,1,1,1,1,2,0.5625,1,0,1,0,2,2,2,1,1,1,1,0.857142857,0,0,0,1,1,1,0.5,2,3,3,2,2.5,1,0,0,0,0,0,0,1,0,0,1,0,0,0,0,1,1
922,2,0,2,2,2,2,1,0,0,0.5625,1,0,1,1,2,2,1,0,0,0,0,0.571428571,0,0,0,1,1,0,0.333333333,3,3,3,1,2.5,1,0,0,0,0,0,0,0,1,0,1,0,0,0,1,0,2
923,3,0,2,2,1,1,1,2,2,0.6875,1,1,1,1,2,1,2,1,1,1,1,0.928571429,0.5,0,1,0.5,0.5,0,0.416666667,1,3,3,2,2.25,0,1,0,0,0,1,0,0,0,0,1,0,0,1,0,0,3
924,3,0,2,2,1,1,1,0,0,0.4375,1,1,1,0,2,1,2,0,0,0,0,0.571428571,0.5,0.5,1,1,1,1,0.833333333,1,2,3,1,1.75,0,1,0,0,0,0,0,0,1,0,1,0,0,0,1,0,3
925,1,0,2,2,1,2,2,0,0,0.5625,1,0,1,0,2,2,2,0,0,0,0,0.571428571,0.5,0,1,0.5,1,0,0.5,3,3,3,1,2.5,0,1,0,0,0,0,0,0,1,0,1,0,1,0,0,0,1
926,1,2,2,2,2,1,2,2,2,0.9375,1,1,1,1,2,2,2,1,1,1,0,0.928571429,1,1,1,0.5,1,1,0.916666667,3,3,3,3,3,0,1,0,0,0,0,0,1,0,0,1,0,0,0,0,1,1
927,3,2,2,2,1,1,1,0,0,0.5625,1,1,1,0,2,2,2,0,0,0,0,0.642857143,1,1,0,1,1,1,0.833333333,3,3,3,1,2.5,0,1,0,0,0,1,0,0,0,0,1,0,0,1,0,0,3
928,1,0,2,2,2,2,1,2,2,0.8125,1,1,1,1,2,2,2,1,1,1,1,1,0,0,0,0.5,1,1,0.416666667,3,3,3,2,2.75,1,0,0,0,0,0,0,0,1,0,1,0,0,0,0,1,1
929,3,2,2,2,2,1,1,2,2,0.875,1,1,1,1,2,2,2,1,1,1,1,1,0.5,1,0.5,0.5,1,0,0.583333333,1,3,3,3,2.5,0,1,0,0,0,1,0,0,0,0,1,0,1,0,0,0,3
930,1,0,2,2,2,1,1,1,0,0.5625,1,1,1,0,2,2,2,1,1,1,1,0.928571429,0,0.5,0,0,0.5,1,0.333333333,2,3,3,2,2.5,1,0,0,0,0,0,0,1,0,0,1,0,0,0,1,0,1
931,1,2,2,2,1,2,1,0,0,0.625,1,1,1,0,2,2,2,0,0,0,0,0.642857143,0.5,0.5,1,0.5,0.5,0,0.5,2,3,3,1,2.25,0,1,0,0,0,0,0,0,1,0,1,0,0,0,1,0,1
932,1,2,2,2,2,2,1,2,2,0.9375,1,0,1,1,2,2,2,1,1,1,0,0.857142857,0.5,1,1,0.5,1,0,0.666666667,3,3,3,2,2.75,1,0,0,0,0,1,0,0,0,0,1,0,0,1,0,0,1
933,1,0,2,2,2,1,2,2,2,0.8125,1,1,1,1,2,2,2,1,1,1,1,1,0.5,1,1,1,0.5,1,0.833333333,1,3,3,3,2.5,1,0,0,0,0,1,0,0,0,0,1,0,0,1,0,0,1
934,2,0,2,1,1,1,1,1,2,0.5625,1,1,1,0,2,2,1,1,1,1,1,0.857142857,0,0,0,0.5,0,0,0.083333333,3,3,3,2,2.75,0,1,0,0,0,0,0,0,1,0,1,0,0,0,1,0,2
935,2,2,1,2,2,2,1,2,2,0.875,1,0,1,1,2,2,1,1,1,1,0,0.785714286,0.5,0.5,0.5,0.5,1,0,0.5,1,2,3,2,2,1,0,0,0,0,1,0,0,0,0,1,0,1,0,0,0,2
936,1,0,1,2,2,1,2,2,2,0.75,1,0,1,1,2,2,2,1,1,1,1,0.928571429,0,0,0.5,1,1,0,0.416666667,3,3,3,2,2.75,1,0,0,0,0,1,0,0,0,0,1,0,1,0,0,0,1
937,1,2,1,2,2,1,2,2,2,0.875,1,0,1,1,2,2,2,1,1,1,1,0.928571429,0.5,0.5,1,0,1,0,0.5,3,3,3,3,3,1,0,0,0,0,0,0,1,0,0,1,0,0,1,0,0,1
938,3,0,2,2,2,1,2,2,2,0.8125,1,1,1,1,2,2,2,1,1,1,0,0.928571429,0.5,0.5,1,1,1,0,0.666666667,3,3,3,3,3,0,1,0,0,0,1,0,0,0,0,1,0,1,0,0,0,3
939,1,0,1,2,2,1,2,2,2,0.75,1,1,1,0,2,2,2,1,1,1,1,0.928571429,0.5,1,1,1,1,1,0.916666667,3,3,3,2,2.75,1,0,0,0,0,0,1,0,0,0,1,0,0,0,0,1,1
940,2,0,2,2,2,2,1,2,2,0.8125,1,1,1,1,2,2,1,1,1,1,1,0.928571429,0.5,1,1,0.5,1,1,0.833333333,1,3,3,2,2.25,0,1,0,0,0,0,1,0,0,0,1,0,0,0,0,1,2
941,2,0,2,2,2,1,1,2,2,0.75,1,1,1,1,2,2,1,1,1,1,0,0.857142857,0.5,0,1,0.5,0.5,1,0.583333333,3,3,3,3,3,1,0,0,0,0,1,0,0,0,0,1,0,1,0,0,0,2
942,1,0,2,2,2,1,1,2,2,0.75,1,0,1,1,2,2,2,1,1,1,1,0.928571429,0.5,0.5,1,1,1,0,0.666666667,1,3,3,1,2,1,0,0,0,0,1,0,0,0,0,1,0,1,0,0,0,1
943,1,2,1,2,1,1,2,2,2,0.8125,1,1,1,0,2,2,2,1,1,1,1,0.928571429,0.5,1,1,1,1,1,0.916666667,2,3,3,2,2.5,1,0,0,0,0,0,0,1,0,0,1,0,0,1,0,0,1
944,3,0,2,2,1,1,1,2,2,0.6875,1,1,1,1,2,2,2,1,1,1,1,1,0.5,0.5,0.5,0.5,1,1,0.666666667,3,3,3,2,2.75,0,1,0,0,0,1,0,0,0,0,1,0,0,1,0,0,3
945,3,0,2,2,1,2,2,2,0,0.6875,1,0,1,1,2,2,2,1,1,1,1,0.928571429,1,1,1,0,1,1,0.833333333,1,3,3,2,2.25,0,1,0,0,0,1,0,0,0,0,1,0,1,0,0,0,3
946,0,0,2,1,0,0,0,0,0,0.1875,1,0,0,0,0,0,0,0,0,0,0,0.071428571,0.5,1,1,1,0,1,0.75,3,1,1,1,1.5,1,0,0,0,0,0,0,1,0,0,1,0,0,0,0,1,0
947,1,2,1,2,2,1,2,2,2,0.875,1,1,1,0,2,2,2,1,1,1,1,0.928571429,1,0.5,1,0,1,1,0.75,2,3,3,2,2.5,1,0,0,0,0,0,0,0,1,0,1,0,0,0,0,1,1
948,3,0,2,2,2,1,1,1,2,0.6875,1,1,1,0,2,1,2,1,1,1,1,0.857142857,0.5,0.5,0,0,1,1,0.5,3,3,3,2,2.75,0,1,0,0,0,1,0,0,0,0,1,0,1,0,0,0,3
949,1,0,2,2,2,2,2,2,2,0.875,1,1,1,1,2,2,2,1,1,1,0,0.928571429,0.5,0.5,1,0,1,0,0.5,2,3,3,3,2.75,0,1,0,0,0,0,0,1,0,0,1,0,1,0,0,0,1
950,2,0,2,2,2,2,1,1,2,0.75,1,1,1,1,2,1,1,1,1,1,1,0.857142857,0,0.5,0,0.5,1,1,0.5,1,3,3,1,2,0,1,0,0,0,0,1,0,0,0,1,0,0,0,1,0,2
951,1,0,2,1,2,2,1,2,2,0.75,1,0,1,1,2,2,2,1,1,1,0,0.857142857,0.5,0.5,1,0.5,1,0,0.583333333,3,3,3,3,3,1,0,0,0,0,0,0,1,0,0,1,0,1,0,0,0,1
952,3,0,1,1,2,2,2,2,0,0.625,1,0,1,1,1,2,2,1,1,1,1,0.857142857,0.5,1,1,0,1,0,0.583333333,1,2,3,2,2,0,1,0,0,0,1,0,0,0,0,1,0,0,1,0,0,3
953,3,0,2,2,2,1,1,0,0,0.5,1,1,1,0,2,2,2,0,0,0,0,0.642857143,0.5,0.5,1,0.5,1,1,0.75,3,3,3,1,2.5,0,1,0,0,0,1,0,0,0,0,1,0,0,1,0,0,3
954,3,0,2,2,2,2,1,2,2,0.8125,1,1,1,1,2,2,2,1,1,1,1,1,0,0.5,0,0.5,1,1,0.5,3,3,3,3,3,0,1,0,0,0,0,1,0,0,0,1,0,0,0,0,1,3
955,3,0,2,2,1,1,1,2,2,0.6875,1,1,1,1,2,2,2,1,1,1,1,1,1,0.5,0,0.5,1,0,0.5,2,2,3,2,2.25,0,1,0,0,0,1,0,0,0,0,1,0,0,1,0,0,3
956,1,0,2,2,2,1,1,2,2,0.75,1,0,1,1,2,2,2,1,1,1,1,0.928571429,0,0,0.5,1,0.5,1,0.5,2,3,3,3,2.75,1,0,0,0,0,0,0,1,0,0,1,0,0,0,0,1,1
957,2,0,2,2,2,2,1,2,0,0.6875,1,1,1,1,2,2,1,1,1,1,1,0.928571429,0,0,0,0,1,1,0.333333333,2,3,3,3,2.75,1,0,0,0,0,1,0,0,0,0,1,0,1,0,0,0,2
958,2,2,2,2,2,1,2,2,2,0.9375,1,1,1,1,2,2,1,1,1,1,1,0.928571429,0,0,0,0.5,1,0,0.25,1,3,3,3,2.5,1,0,0,0,0,0,1,0,0,0,1,0,1,0,0,0,2
959,1,0,0,1,1,2,1,2,0,0.4375,1,1,1,1,2,2,2,1,1,1,0,0.928571429,0.5,1,1,0.5,0.5,1,0.75,1,3,3,2,2.25,1,0,0,0,0,1,0,0,0,0,1,0,1,0,0,0,1
960,0,0,2,2,0,0,0,0,0,0.25,1,1,0,0,0,0,0,0,0,0,0,0.142857143,0,0,0.5,0.5,0,1,0.333333333,2,1,1,1,1.25,0,1,0,0,0,1,0,0,0,0,1,0,0,0,1,0,0
961,2,2,2,2,2,1,1,2,2,0.875,1,0,1,1,2,1,1,1,1,1,1,0.785714286,0.5,1,0.5,1,0.5,0,0.583333333,2,3,3,3,2.75,0,1,0,0,0,1,0,0,0,0,1,0,0,0,0,1,2
962,1,0,2,2,2,1,2,2,2,0.8125,1,1,1,0,2,2,2,1,1,1,0,0.857142857,0,0,0,0,0.5,0,0.083333333,3,3,3,3,3,1,0,0,0,0,1,0,0,0,0,1,0,0,1,0,0,1
963,1,0,2,2,1,1,1,2,0,0.5625,1,1,1,1,2,2,2,1,1,1,0,0.928571429,0.5,0,1,0.5,1,1,0.666666667,3,3,3,3,3,1,0,0,0,0,0,0,1,0,0,1,0,0,0,0,1,1
964,1,0,2,2,1,1,2,0,0,0.5,1,1,1,0,2,2,2,0,0,0,0,0.642857143,0.5,1,0.5,0.5,1,1,0.75,3,3,3,1,2.5,1,0,0,0,0,1,0,0,0,0,1,0,0,0,1,0,1
965,1,0,2,2,2,1,1,2,2,0.75,1,1,1,1,2,2,2,1,1,1,1,1,1,1,1,0,1,1,0.833333333,2,3,3,2,2.5,1,0,0,0,0,1,0,0,0,0,1,0,1,0,0,0,1
966,3,0,2,2,1,1,2,1,2,0.6875,1,1,1,1,2,2,1,1,1,1,1,0.928571429,0.5,1,1,0.5,1,0,0.666666667,2,3,2,3,2.5,0,1,0,0,0,1,0,0,0,0,1,0,0,0,1,0,3
967,1,0,2,2,1,1,2,2,2,0.75,1,1,1,1,2,2,2,1,1,1,1,1,1,1,1,0.5,1,1,0.916666667,1,3,3,2,2.25,1,0,0,0,0,0,0,0,1,0,1,0,0,0,0,1,1
968,1,0,2,2,1,1,1,0,0,0.4375,1,0,1,0,2,1,2,0,0,0,0,0.5,1,1,0.5,0,0.5,1,0.666666667,1,3,3,1,2,1,0,0,0,0,0,0,1,0,0,1,0,0,0,1,0,1
969,0,2,2,2,0,0,0,0,0,0.375,1,1,0,0,0,0,0,0,0,0,0,0.142857143,1,1,0,0.5,0,0,0.416666667,3,1,1,1,1.5,0,0,0,1,0,0,0,0,0,1,1,1,0,0,0,0,0
970,1,0,2,1,1,1,1,2,2,0.625,1,0,1,0,2,2,2,1,1,1,0,0.785714286,1,0.5,0.5,0.5,1,1,0.75,2,3,3,3,2.75,1,0,0,0,0,0,0,1,0,0,1,0,0,0,1,0,1
971,1,0,2,2,2,1,1,2,2,0.75,1,0,1,1,2,2,2,1,1,1,1,0.928571429,0,0.5,1,0.5,1,1,0.666666667,2,3,3,2,2.5,1,0,0,0,0,1,0,0,0,0,1,0,1,0,0,0,1
972,2,0,2,2,1,1,1,1,2,0.625,1,0,1,0,2,2,1,1,1,1,1,0.785714286,0.5,1,1,0.5,0.5,1,0.75,1,3,3,3,2.5,1,0,0,0,0,1,0,0,0,0,1,0,1,0,0,0,2
973,2,2,1,2,2,1,1,2,0,0.6875,1,1,1,1,2,0,0,1,1,1,1,0.714285714,0.5,1,1,0.5,1,0,0.666666667,1,2,2,2,1.75,0,1,0,0,0,0,1,0,0,0,1,0,0,0,1,0,2
974,0,0,1,1,0,0,0,0,0,0.125,1,0,0,0,0,0,0,0,0,0,0,0.071428571,0,0,0,0,0,0,0,1,1,1,1,1,1,0,0,0,0,0,0,0,1,0,1,0,1,0,0,0,0
975,1,0,2,2,2,1,1,2,0,0.625,1,0,1,0,2,2,2,1,1,1,0,0.785714286,0.5,0.5,1,0.5,1,0,0.583333333,3,3,3,3,3,1,0,0,0,0,0,1,0,0,0,1,0,0,0,1,0,1
976,2,2,2,2,1,1,1,0,0,0.5625,0,0,1,0,2,2,1,1,0,0,1,0.571428571,0.5,0,0.5,0.5,1,0,0.416666667,3,3,3,1,2.5,0,1,0,0,0,0,0,1,0,0,1,0,0,0,1,0,2
977,1,2,1,2,2,1,1,1,0,0.625,1,1,1,1,2,2,2,1,1,1,1,1,1,1,1,0.5,1,0,0.75,2,3,3,2,2.5,1,0,0,0,0,0,0,0,1,0,1,0,0,0,0,1,1
978,3,0,2,2,2,1,1,2,2,0.75,1,1,1,0,2,2,2,1,1,1,1,0.928571429,0,0.5,0,1,1,1,0.583333333,3,3,3,3,3,0,1,0,0,0,1,0,0,0,0,1,0,0,1,0,0,3
979,2,0,2,2,2,1,1,2,0,0.625,1,1,1,1,2,2,1,1,1,1,0,0.857142857,0.5,1,1,1,1,1,0.916666667,1,3,3,3,2.5,1,0,0,0,0,0,0,1,0,0,1,0,1,0,0,0,2
980,1,0,2,2,1,1,1,2,2,0.6875,1,1,1,1,2,2,2,1,1,1,1,1,1,0.5,0.5,0.5,0.5,1,0.666666667,3,3,3,2,2.75,0,0,0,1,0,0,1,0,0,0,1,0,0,0,1,0,1
981,2,0,2,2,2,1,1,2,0,0.625,1,1,1,1,2,2,1,1,1,1,0,0.857142857,0.5,0.5,1,0,0.5,0,0.416666667,2,3,3,3,2.75,1,0,0,0,0,1,0,0,0,0,1,0,0,1,0,0,2
982,2,2,2,2,2,1,1,2,0,0.75,1,0,1,0,2,1,1,1,1,1,1,0.714285714,0.5,1,1,1,1,1,0.916666667,3,3,3,2,2.75,1,0,0,0,0,1,0,0,0,0,1,0,0,1,0,0,2
983,1,0,2,2,1,1,1,2,2,0.6875,1,1,1,1,2,2,2,1,1,1,0,0.928571429,1,1,1,1,1,1,1,2,2,3,3,2.5,1,0,0,0,0,1,0,0,0,0,1,0,0,0,1,0,1
984,2,0,2,2,2,2,2,0,0,0.625,1,1,1,0,2,1,1,0,0,0,0,0.5,0,0,1,1,0.5,1,0.583333333,3,3,3,1,2.5,0,1,0,0,0,1,0,0,0,0,1,0,0,1,0,0,2
985,3,0,2,2,1,1,1,2,2,0.6875,1,1,1,1,2,2,2,1,1,1,1,1,0.5,1,0.5,1,1,0,0.666666667,1,2,3,1,1.75,0,1,0,0,0,1,0,0,0,0,1,0,0,1,0,0,3
986,1,2,2,2,2,1,1,2,2,0.875,1,1,1,1,2,1,2,1,1,1,1,0.928571429,0,0.5,0,0.5,1,0,0.333333333,1,3,3,3,2.5,1,0,0,0,0,0,0,0,1,0,1,0,0,0,0,1,1
987,1,0,2,1,1,1,1,2,2,0.625,1,1,1,1,2,2,2,1,1,1,1,1,1,1,0.5,0.5,1,0,0.666666667,3,2,3,1,2.25,1,0,0,0,0,1,0,0,0,0,1,0,1,0,0,0,1
988,1,0,2,2,2,1,1,2,2,0.75,1,1,1,1,2,2,2,1,1,1,1,1,0.5,0.5,0.5,0.5,1,1,0.666666667,2,3,3,3,2.75,1,0,0,0,0,1,0,0,0,0,1,0,0,1,0,0,1
989,2,2,2,1,1,1,1,1,2,0.6875,1,1,1,1,2,2,1,1,1,1,0,0.857142857,0.5,1,1,1,1,0,0.75,3,3,3,3,3,0,1,0,0,0,0,0,0,1,0,1,0,0,0,0,1,2
990,3,2,2,2,2,2,1,2,2,0.9375,1,0,1,1,2,2,1,1,1,1,1,0.857142857,0,0,0,0,1,0,0.166666667,3,3,3,2,2.75,0,1,0,0,0,1,0,0,0,0,1,0,0,1,0,0,3
991,2,2,2,2,1,1,2,2,2,0.875,1,1,1,1,2,2,1,1,1,1,1,0.928571429,0.5,1,0.5,1,1,0,0.666666667,2,3,3,2,2.5,0,1,0,0,0,0,1,0,0,0,1,0,0,0,1,0,2
992,2,0,2,2,2,1,1,1,2,0.6875,1,1,1,0,2,1,1,1,1,1,1,0.785714286,1,1,1,0.5,0.5,0,0.666666667,1,3,3,2,2.25,1,0,0,0,0,0,1,0,0,0,1,0,0,0,0,1,2
993,2,0,1,2,1,1,1,2,2,0.625,1,0,1,1,2,2,1,1,1,1,0,0.785714286,1,1,1,0.5,1,0,0.75,3,3,3,3,3,0,1,0,0,0,0,0,0,1,0,1,0,0,0,0,1,2
994,3,0,2,2,1,2,1,2,2,0.75,1,1,1,0,2,1,2,1,1,1,1,0.857142857,0,0,0,1,1,0,0.333333333,3,3,3,2,2.75,0,1,0,0,0,1,0,0,0,0,1,0,1,0,0,0,3
995,1,2,2,2,2,1,2,2,2,0.9375,1,1,1,1,2,2,2,1,1,1,1,1,0,0,0,0.5,1,1,0.416666667,3,3,3,3,3,1,0,0,0,0,0,1,0,0,0,1,0,0,1,0,0,1
996,3,0,2,2,2,2,1,2,2,0.8125,1,0,1,1,2,2,2,1,1,1,1,0.928571429,0.5,1,1,1,1,1,0.916666667,3,3,3,3,3,0,1,0,0,0,1,0,0,0,0,1,0,0,1,0,0,3
997,1,0,2,2,2,2,1,2,2,0.8125,1,1,1,1,2,2,2,1,1,1,0,0.928571429,0.5,1,0.5,1,1,0,0.666666667,1,3,3,3,2.5,0,0,0,1,0,1,0,0,0,0,1,0,0,0,1,0,1
998,1,0,2,2,1,1,1,2,2,0.6875,1,1,1,1,2,2,2,1,1,1,1,1,1,1,1,0.5,0.5,1,0.833333333,1,2,3,3,2.25,1,0,0,0,0,0,1,0,0,0,1,0,0,0,0,1,1
999,1,0,2,2,2,1,2,2,2,0.8125,1,0,1,1,2,2,2,1,1,1,1,0.928571429,1,1,1,0.5,1,0,0.75,1,3,3,2,2.25,1,0,0,0,0,1,0,0,0,0,1,0,1,0,0,0,1
1000,3,0,2,2,1,2,2,2,2,0.8125,1,1,1,0,2,2,2,1,1,1,1,0.928571429,0,0.5,0,0.5,0.5,1,0.416666667,2,2,2,2,2,0,1,0,0,0,1,0,0,0,0,1,0,1,0,0,0,3
1001,3,0,2,2,1,1,1,2,2,0.6875,1,0,1,1,2,2,1,1,1,1,0,0.785714286,1,0.5,1,0.5,1,1,0.833333333,2,3,3,2,2.5,0,1,0,0,0,1,0,0,0,0,1,0,1,0,0,0,3
1002,1,0,2,2,2,2,1,2,0,0.6875,1,1,1,1,2,2,2,1,1,1,0,0.928571429,1,1,1,0,1,0,0.666666667,1,1,1,3,1.5,0,1,0,0,0,0,1,0,0,0,1,0,0,0,1,0,1
1003,1,0,2,2,2,2,1,2,0,0.6875,0,1,1,1,2,2,2,1,1,1,0,0.857142857,1,1,1,0,1,0,0.666666667,1,2,3,3,2.25,1,0,0,0,0,1,0,0,0,0,1,0,1,0,0,0,1
1004,1,0,2,2,2,2,1,2,0,0.6875,1,0,1,1,2,2,2,1,1,1,0,0.857142857,0.5,0.5,0.5,0.5,1,0,0.5,2,3,3,3,2.75,0,1,0,0,0,0,0,1,0,0,1,0,0,0,1,0,1
1005,2,2,2,2,2,1,1,2,2,0.875,1,1,1,0,2,2,1,1,1,1,0,0.785714286,0.5,1,0.5,1,1,0,0.666666667,2,3,3,3,2.75,1,0,0,0,0,1,0,0,0,0,1,0,1,0,0,0,2
1006,1,0,2,2,1,1,2,2,2,0.75,1,0,1,1,2,2,2,1,1,1,1,0.928571429,0.5,0.5,1,0.5,1,0,0.583333333,2,3,3,3,2.75,1,0,0,0,0,1,0,0,0,0,1,0,0,1,0,0,1
1007,1,2,2,2,2,1,1,2,2,0.875,1,1,1,1,2,2,2,1,1,1,0,0.928571429,0.5,1,0,0.5,1,1,0.666666667,1,3,3,3,2.5,0,1,0,0,0,0,0,1,0,0,1,0,0,0,1,0,1
1008,2,0,2,2,1,1,2,2,0,0.625,1,1,1,1,2,1,1,1,1,1,0,0.785714286,0,0.5,0.5,0.5,1,1,0.583333333,2,3,3,2,2.5,1,0,0,0,0,0,1,0,0,0,1,0,0,0,0,1,2
1009,0,0,2,2,0,0,0,0,0,0.25,1,0,0,0,0,0,0,0,0,0,0,0.071428571,1,1,1,1,0,0,0.666666667,2,1,1,1,1.25,1,0,0,0,0,0,0,0,1,0,1,0,0,0,0,1,0
1010,1,0,2,2,1,1,2,2,2,0.75,1,0,1,1,2,2,2,1,1,1,1,0.928571429,0,0.5,0,1,1,0,0.416666667,2,3,3,3,2.75,1,0,0,0,0,0,0,1,0,0,1,0,0,0,0,1,1
1011,1,0,2,2,2,1,2,2,2,0.8125,1,0,1,1,2,2,2,1,1,1,1,0.928571429,0.5,0,1,0.5,1,1,0.666666667,2,3,3,2,2.5,1,0,0,0,0,1,0,0,0,0,1,0,0,0,1,0,1
1012,3,0,2,2,1,1,1,2,2,0.6875,1,1,1,1,2,2,1,1,1,1,0,0.857142857,1,1,1,0.5,0.5,0,0.666666667,2,2,3,3,2.5,0,1,0,0,0,1,0,0,0,0,1,0,1,0,0,0,3
1013,1,0,1,1,1,1,1,2,2,0.5625,1,0,1,0,1,1,2,1,1,1,0,0.642857143,0.5,1,1,0,1,1,0.75,2,3,3,2,2.5,1,0,0,0,0,0,0,1,0,0,1,0,0,0,0,1,1
1014,1,0,2,2,2,2,1,2,2,0.8125,1,1,1,1,2,2,2,1,1,1,1,1,0.5,1,1,0.5,1,1,0.833333333,2,2,3,3,2.5,1,0,0,0,0,1,0,0,0,0,1,0,1,0,0,0,1
1015,2,0,2,2,2,2,1,0,0,0.5625,0,0,1,0,2,2,1,0,0,0,0,0.428571429,0.5,0.5,1,0.5,1,0,0.583333333,1,2,3,1,1.75,1,0,0,0,0,1,0,0,0,0,1,0,1,0,0,0,2
1016,1,0,2,2,2,1,2,1,2,0.75,1,1,1,1,2,2,2,1,1,1,0,0.928571429,1,0.5,1,0.5,0.5,0,0.583333333,3,3,3,3,3,1,0,0,0,0,1,0,0,0,0,1,0,1,0,0,0,1
1017,1,0,2,2,2,1,1,2,2,0.75,1,0,1,1,2,2,2,1,1,1,0,0.857142857,0.5,1,1,0,1,0,0.583333333,2,3,3,3,2.75,1,0,0,0,0,0,0,1,0,0,1,0,1,0,0,0,1
1018,0,0,1,2,0,0,0,0,0,0.1875,1,0,0,0,0,0,0,0,0,0,0,0.071428571,0,0,0,1,0,0,0.166666667,3,1,1,1,1.5,1,0,0,0,0,0,0,0,1,0,1,0,1,0,0,0,0
1019,1,0,1,2,2,1,1,2,2,0.6875,1,0,1,1,2,2,2,1,1,1,0,0.857142857,1,1,0,0.5,0,0,0.416666667,2,3,3,3,2.75,0,0,0,1,0,0,0,0,1,0,1,0,0,1,0,0,1
1020,2,0,2,2,1,1,1,1,2,0.625,1,1,1,0,2,1,1,1,1,1,1,0.785714286,1,1,1,0,1,0,0.666666667,2,2,3,2,2.25,1,0,0,0,0,1,0,0,0,0,1,0,1,0,0,0,2
1021,2,0,2,2,1,2,1,0,0,0.5,1,1,1,0,2,2,1,0,0,0,0,0.571428571,0.5,0.5,1,0.5,1,0,0.583333333,1,3,3,1,2,0,1,0,0,0,0,1,0,0,0,1,0,0,0,1,0,2
1022,3,0,2,2,1,1,1,2,2,0.6875,1,1,1,1,2,2,2,1,1,1,1,1,0,0.5,0,0.5,1,0,0.333333333,3,3,3,3,3,0,1,0,0,0,1,0,0,0,0,1,0,1,0,0,0,3
1023,3,0,1,2,1,1,2,1,0,0.5,1,1,1,1,2,1,2,1,1,1,1,0.928571429,1,0.5,0.5,0.5,1,0,0.583333333,1,3,3,1,2,0,1,0,0,0,0,0,0,1,0,1,0,0,0,1,0,3
1024,1,0,2,2,1,1,2,2,2,0.75,1,1,1,0,2,2,2,1,1,1,1,0.928571429,0.5,1,0.5,0,1,0,0.5,2,3,3,3,2.75,1,0,0,0,0,1,0,0,0,0,1,0,0,1,0,0,1
1025,3,0,1,2,2,1,2,2,2,0.75,1,1,1,0,2,1,2,1,1,1,0,0.785714286,0,0,0,1,1,1,0.5,2,3,3,2,2.5,0,1,0,0,0,1,0,0,0,0,1,0,1,0,0,0,3
1026,2,2,2,2,2,1,1,1,2,0.8125,1,0,1,1,2,1,1,1,1,1,1,0.785714286,0.5,1,1,0.5,1,0,0.666666667,1,3,3,2,2.25,0,1,0,0,0,0,1,0,0,0,1,0,0,0,1,0,2
1027,3,0,2,1,2,1,1,2,2,0.6875,1,1,1,0,2,2,2,1,1,1,1,0.928571429,0,0.5,0.5,0.5,0.5,1,0.5,3,3,3,3,3,0,0,1,0,0,1,0,0,0,0,1,0,0,1,0,0,3
1028,3,0,2,2,2,1,1,2,2,0.75,1,1,1,1,2,1,2,1,1,1,1,0.928571429,0,0,0.5,1,1,1,0.583333333,3,3,3,3,3,1,0,0,0,0,1,0,0,0,0,1,0,1,0,0,0,3
1029,1,0,1,2,1,2,1,2,2,0.6875,1,0,1,1,2,2,2,1,1,1,0,0.857142857,0.5,0,1,0.5,1,1,0.666666667,3,3,3,3,3,1,0,0,0,0,1,0,0,0,0,1,0,0,1,0,0,1
1030,0,0,2,2,2,1,1,2,0,0.625,1,0,1,0,0,1,1,1,1,1,0,0.5,0,0,1,0.5,1,1,0.583333333,2,3,3,3,2.75,1,0,0,0,0,0,1,0,0,0,1,0,0,1,0,0,0
1031,3,0,2,2,1,2,1,2,2,0.75,1,1,1,1,2,1,2,1,1,1,1,0.928571429,1,1,1,0.5,1,1,0.916666667,2,3,3,2,2.5,0,1,0,0,0,1,0,0,0,0,1,0,0,0,1,0,3
1032,1,0,2,2,1,1,1,2,2,0.6875,1,0,1,0,1,2,2,1,1,1,1,0.785714286,0,0.5,1,0.5,1,0,0.5,2,3,3,3,2.75,1,0,0,0,0,0,0,1,0,0,1,0,0,0,1,0,1
1033,2,2,1,2,1,1,1,0,0,0.5,1,1,1,0,2,2,1,0,0,0,0,0.571428571,1,1,1,0.5,0.5,1,0.833333333,1,3,3,1,2,0,1,0,0,0,1,0,0,0,0,1,0,0,1,0,0,2
1034,3,2,2,2,2,1,1,1,2,0.8125,1,0,1,1,2,2,1,1,1,1,0,0.785714286,0.5,0.5,1,0,0.5,1,0.583333333,2,2,3,2,2.25,0,1,0,0,0,1,0,0,0,0,1,0,1,0,0,0,3
1036,1,0,2,2,1,1,1,2,2,0.6875,1,1,1,1,2,2,2,1,1,1,0,0.928571429,0,0,0,0.5,1,0,0.25,1,3,3,2,2.25,1,0,0,0,0,1,0,0,0,0,1,0,1,0,0,0,1
1037,2,0,2,2,1,2,1,2,2,0.75,1,1,1,0,2,2,1,1,1,1,1,0.857142857,0.5,0,1,1,1,0,0.583333333,3,3,3,2,2.75,0,1,0,0,0,0,0,0,1,0,1,0,0,0,0,1,2
1038,3,2,2,2,2,2,2,1,0,0.8125,1,1,1,1,2,2,1,1,1,1,1,0.928571429,1,0.5,0.5,1,1,0,0.666666667,3,3,3,2,2.75,0,1,0,0,0,1,0,0,0,0,1,0,0,1,0,0,3
1039,0,0,2,2,0,0,0,0,0,0.25,1,1,0,0,0,0,0,0,0,0,0,0.142857143,0,0,0,0.5,0,0,0.083333333,3,1,1,1,1.5,1,0,0,0,0,0,0,0,1,0,1,0,0,0,0,1,0
1040,3,2,2,2,2,1,1,2,0,0.75,0,1,1,1,2,2,2,1,1,1,1,0.928571429,1,0.5,1,0.5,1,1,0.833333333,1,2,3,2,2,0,1,0,0,0,1,0,0,0,0,1,0,1,0,0,0,3
1041,3,0,2,2,1,1,1,1,0,0.5,1,0,1,1,2,2,2,1,1,1,1,0.928571429,0,0,0,1,1,0,0.333333333,3,2,3,1,2.25,0,0,0,1,0,1,0,0,0,0,1,0,0,0,0,1,3
1042,3,2,2,2,2,1,1,2,2,0.875,1,1,1,0,2,2,2,1,1,1,1,0.928571429,0.5,0.5,0.5,1,0.5,1,0.666666667,3,3,3,1,2.5,0,1,0,0,0,1,0,0,0,0,1,0,0,0,1,0,3
1043,2,0,2,2,1,1,2,0,0,0.5,0,1,1,0,2,2,1,0,0,0,0,0.5,1,0.5,0.5,0.5,1,0,0.583333333,3,3,3,1,2.5,0,1,0,0,0,1,0,0,0,0,1,0,1,0,0,0,2
1044,3,0,1,2,1,2,1,2,0,0.5625,1,0,1,1,2,1,2,1,1,1,1,0.857142857,0.5,0.5,1,0.5,1,0,0.583333333,2,3,3,2,2.5,1,0,0,0,0,1,0,0,0,0,1,0,1,0,0,0,3
1045,3,0,2,2,2,1,1,2,2,0.75,1,1,1,1,2,2,2,1,1,1,0,0.928571429,0,0.5,0,0.5,1,1,0.5,2,3,3,3,2.75,0,1,0,0,0,1,0,0,0,0,1,0,0,1,0,0,3
1046,1,2,2,2,2,2,1,2,2,0.9375,1,0,1,0,2,2,2,1,1,1,0,0.785714286,0,0,0,1,1,0,0.333333333,3,3,3,3,3,1,0,0,0,0,0,0,1,0,0,1,0,0,0,1,0,1
1047,2,0,2,1,2,1,1,1,2,0.625,1,0,1,1,2,2,1,1,1,1,1,0.857142857,0,0.5,0.5,0,1,0,0.333333333,1,3,3,3,2.5,1,0,0,0,0,1,0,0,0,0,1,0,1,0,0,0,2
1048,3,0,1,2,1,1,2,2,0,0.5625,1,1,1,1,1,1,2,1,1,1,1,0.857142857,0.5,1,0.5,0.5,1,1,0.75,1,2,3,1,1.75,0,1,0,0,0,0,0,0,0,1,1,0,0,0,0,1,3
1049,0,2,2,2,0,0,0,0,0,0.375,1,0,0,0,0,0,0,0,0,0,0,0.071428571,0,0,0,0.5,0,0,0.083333333,3,1,1,1,1.5,1,0,0,0,0,1,0,0,0,0,1,0,1,0,0,0,0
1050,0,0,2,2,0,0,0,0,0,0.25,1,1,0,0,0,0,0,0,0,0,0,0.142857143,1,0,0,0,0,0,0.166666667,1,1,1,1,1,0,1,0,0,0,1,0,0,0,0,1,0,1,0,0,0,0
1051,1,0,2,2,2,2,1,2,2,0.8125,1,0,1,0,2,2,2,1,1,1,0,0.785714286,0,0,1,1,1,1,0.666666667,1,3,3,3,2.5,1,0,0,0,0,1,0,0,0,0,1,0,0,1,0,0,1
1052,2,0,1,1,2,1,1,0,0,0.375,1,0,1,0,1,1,1,0,0,0,0,0.357142857,0,0.5,0,0.5,1,1,0.5,1,1,2,1,1.25,1,0,0,0,0,0,0,0,1,0,1,0,1,0,0,0,2
1053,1,0,1,2,1,1,2,2,2,0.6875,1,0,1,1,2,2,2,1,1,1,0,0.857142857,0,0,0,0.5,1,0,0.25,3,3,3,3,3,0,1,0,0,0,0,0,1,0,0,1,0,0,0,1,0,1
1054,2,2,1,2,1,1,1,2,2,0.75,1,0,1,1,2,2,1,1,1,1,1,0.857142857,0.5,0,1,0.5,0.5,0,0.416666667,3,3,3,3,3,1,0,0,0,0,0,0,0,1,0,1,0,0,0,1,0,2
1055,2,0,2,1,2,2,1,1,2,0.6875,1,1,1,1,2,0,1,1,1,1,1,0.785714286,0.5,0.5,1,0,1,0,0.5,2,2,2,3,2.25,0,0,0,1,0,1,0,0,0,0,1,0,1,0,0,0,2
1056,1,0,1,2,1,1,1,2,2,0.625,1,1,1,1,2,1,2,1,1,1,0,0.857142857,0.5,1,1,0.5,1,1,0.833333333,2,3,3,3,2.75,1,0,0,0,0,1,0,0,0,0,1,0,0,1,0,0,1
1057,1,0,1,1,2,2,1,2,0,0.5625,1,0,1,1,2,2,2,1,1,1,0,0.857142857,0,0,0,0.5,0.5,0,0.166666667,3,3,3,3,3,1,0,0,0,0,0,0,1,0,0,1,0,0,0,0,1,1
1058,2,0,1,2,1,2,1,2,2,0.6875,1,0,1,0,2,2,1,1,1,1,0,0.714285714,1,1,0,0.5,1,0,0.583333333,2,3,2,3,2.5,1,0,0,0,0,0,0,0,1,0,1,0,0,1,0,0,2
1059,2,2,1,2,1,1,1,1,2,0.6875,1,0,1,0,1,1,1,1,1,1,1,0.642857143,0,0.5,0,1,1,0,0.416666667,3,3,3,2,2.75,1,0,0,0,0,0,0,1,0,0,1,0,1,0,0,0,2
1060,1,0,2,2,2,2,1,2,0,0.6875,1,0,1,1,2,2,2,1,1,1,1,0.928571429,0,0,0,1,0.5,1,0.416666667,3,3,3,2,2.75,1,0,0,0,0,1,0,0,0,0,1,0,0,0,1,0,1
1061,2,2,2,2,1,2,1,0,0,0.625,1,1,1,0,2,2,1,0,0,0,0,0.571428571,0.5,1,1,0.5,0.5,1,0.75,3,3,3,1,2.5,1,0,0,0,0,1,0,0,0,0,1,0,0,1,0,0,2
1062,3,0,2,2,1,1,1,2,2,0.6875,1,1,1,1,2,2,2,1,1,1,1,1,0.5,1,1,0,1,0,0.583333333,2,2,3,2,2.25,0,1,0,0,0,1,0,0,0,0,1,0,0,1,0,0,3
1063,3,0,2,2,1,2,2,2,2,0.8125,1,1,1,0,2,2,2,1,1,1,1,0.928571429,0.5,0.5,0.5,0.5,1,0,0.5,2,3,3,3,2.75,0,1,0,0,0,0,0,1,0,0,1,0,0,0,0,1,3
1064,3,2,2,2,1,1,1,2,2,0.8125,1,1,1,0,2,2,2,1,1,1,1,0.928571429,0,0,0.5,1,1,1,0.583333333,2,3,3,2,2.5,0,1,0,0,0,0,0,1,0,0,1,0,0,0,0,1,3
1065,2,0,2,2,1,1,2,2,2,0.75,1,1,1,1,2,1,1,1,1,1,1,0.857142857,0,0,0,0,1,1,0.333333333,1,3,3,3,2.5,0,1,0,0,0,1,0,0,0,0,1,0,1,0,0,0,2
1066,2,2,2,2,1,1,1,1,2,0.75,1,1,1,0,2,0,1,1,1,1,1,0.714285714,0,0,0,1,0.5,1,0.416666667,3,2,2,3,2.5,0,1,0,0,0,1,0,0,0,0,1,0,0,0,1,0,2
1067,2,0,2,2,2,1,1,2,2,0.75,1,0,1,0,2,1,1,1,1,1,0,0.642857143,0,0.5,0,0.5,1,1,0.5,2,3,3,2,2.5,1,0,0,0,0,0,0,1,0,0,1,0,0,0,1,0,2
1068,1,2,1,2,2,2,2,2,2,0.9375,1,1,1,1,2,2,2,1,1,1,0,0.928571429,0.5,1,1,0.5,1,1,0.833333333,2,3,3,3,2.75,1,0,0,0,0,1,0,0,0,0,1,0,0,0,1,0,1
1069,0,0,2,2,0,0,0,0,0,0.25,1,1,0,0,0,0,0,0,0,0,0,0.142857143,0,0.5,0.5,1,0,1,0.5,2,1,1,1,1.25,0,1,0,0,0,0,0,1,0,0,1,0,0,0,0,1,0
1070,3,0,2,2,1,1,1,2,2,0.6875,1,1,1,1,2,2,2,1,1,1,1,1,0.5,1,1,0.5,1,1,0.833333333,2,3,3,2,2.5,0,0,0,1,0,1,0,0,0,0,1,0,0,0,1,0,3
1071,1,0,2,2,1,1,1,1,2,0.625,1,1,1,0,1,2,2,1,1,1,1,0.857142857,0,0.5,0,0.5,1,0,0.333333333,3,3,3,3,3,1,0,0,0,0,0,0,1,0,0,1,0,0,0,1,0,1
1072,1,2,2,2,1,1,1,2,2,0.8125,1,1,1,0,2,2,2,1,1,1,0,0.857142857,0.5,1,1,0.5,0,0,0.5,1,3,3,2,2.25,1,0,0,0,0,1,0,0,0,0,1,0,1,0,0,0,1
1073,2,0,1,2,1,2,1,1,2,0.625,1,1,1,0,2,2,1,1,1,1,1,0.857142857,1,1,1,0,1,1,0.833333333,2,3,3,2,2.5,0,1,0,0,0,0,0,0,1,0,1,0,0,0,0,1,2
1074,2,0,2,2,1,1,1,0,0,0.4375,1,1,1,0,2,1,1,0,0,0,0,0.5,0.5,0.5,1,0.5,0.5,1,0.666666667,3,3,3,1,2.5,0,1,0,0,0,0,0,1,0,0,1,0,0,0,1,0,2
1075,2,0,2,1,1,1,1,1,2,0.5625,1,1,1,0,1,1,1,1,1,1,1,0.714285714,0,0,0,0,1,0,0.166666667,1,3,3,3,2.5,0,1,0,0,0,1,0,0,0,0,1,0,0,1,0,0,2
1076,3,0,2,2,2,1,1,1,2,0.6875,1,1,1,1,2,2,2,1,1,1,1,1,1,1,1,1,1,0,0.833333333,3,3,3,1,2.5,0,1,0,0,0,0,1,0,0,0,1,0,0,0,0,1,3
1077,2,0,1,2,1,2,2,1,2,0.6875,1,1,1,1,2,2,1,1,1,1,0,0.857142857,1,0.5,1,0,1,1,0.75,3,3,3,3,3,1,0,0,0,0,1,0,0,0,0,1,0,1,0,0,0,2
1078,3,2,2,2,2,1,2,2,2,0.9375,1,1,1,1,2,2,1,1,1,1,1,0.928571429,0.5,1,1,1,0.5,0,0.666666667,3,3,3,2,2.75,0,1,0,0,0,1,0,0,0,0,1,0,1,0,0,0,3
1079,2,0,2,2,1,1,1,1,2,0.625,1,0,1,1,2,1,1,1,1,1,0,0.714285714,0.5,1,1,0,0.5,1,0.666666667,1,3,3,3,2.5,0,1,0,0,0,1,0,0,0,0,1,0,0,1,0,0,2
1080,1,0,2,2,1,2,2,2,2,0.8125,1,1,1,1,2,2,2,1,1,1,0,0.928571429,0,0.5,0,0.5,1,1,0.5,2,3,3,3,2.75,1,0,0,0,0,0,1,0,0,0,1,0,0,0,1,0,1
1081,3,0,2,2,2,1,1,2,2,0.75,1,0,1,1,2,2,2,1,1,1,1,0.928571429,0.5,0.5,1,0.5,1,0,0.583333333,1,3,3,2,2.25,0,1,0,0,0,0,0,1,0,0,1,0,0,0,0,1,3
1082,3,0,2,1,2,2,1,1,2,0.6875,1,0,1,1,2,2,1,1,1,1,0,0.785714286,0.5,1,0.5,0,0.5,1,0.583333333,3,3,3,2,2.75,0,1,0,0,0,1,0,0,0,0,1,0,1,0,0,0,3
1083,1,2,2,2,2,1,1,0,0,0.625,1,1,1,1,2,2,2,0,0,0,0,0.714285714,0.5,0,1,0,1,0,0.416666667,1,3,3,1,2,0,0,1,0,0,0,1,0,0,0,1,0,1,0,0,0,1
1084,1,0,2,2,1,2,2,2,0,0.6875,1,1,1,1,2,2,2,1,1,1,0,0.928571429,0,0.5,0,0,1,1,0.416666667,2,3,3,3,2.75,1,0,0,0,0,1,0,0,0,0,1,0,1,0,0,0,1
1085,2,0,2,2,1,1,1,2,2,0.6875,1,1,1,0,2,2,1,1,1,1,1,0.857142857,1,0.5,0,0.5,1,0,0.5,3,3,3,3,3,1,0,0,0,0,1,0,0,0,0,1,0,0,1,0,0,2
1086,2,2,1,2,1,2,1,1,2,0.75,1,1,1,0,2,1,1,1,1,1,1,0.785714286,1,1,1,0,1,1,0.833333333,2,2,2,3,2.25,0,1,0,0,0,1,0,0,0,0,1,0,0,0,1,0,2
1087,2,0,2,2,1,1,1,1,2,0.625,1,0,1,0,2,1,1,1,1,1,1,0.714285714,0,0.5,0,0,0.5,1,0.333333333,1,2,3,1,1.75,1,0,0,0,0,0,0,1,0,0,1,0,0,0,0,1,2
1088,1,2,2,2,1,1,1,2,2,0.8125,1,1,1,0,2,2,2,1,1,1,1,0.928571429,1,1,0.5,0.5,1,1,0.833333333,2,3,3,3,2.75,1,0,0,0,0,0,1,0,0,0,1,0,0,0,1,0,1
1089,1,0,1,2,2,1,2,2,2,0.75,1,1,1,0,2,2,2,1,1,1,1,0.928571429,1,1,1,1,1,1,1,1,3,3,2,2.25,1,0,0,0,0,0,0,1,0,0,1,0,0,0,1,0,1
1090,1,2,1,2,1,1,1,2,0,0.625,1,1,1,0,2,2,2,1,1,1,1,0.928571429,1,0.5,1,0.5,1,1,0.833333333,1,3,3,2,2.25,1,0,0,0,0,0,0,1,0,0,1,0,0,0,1,0,1
1091,1,2,2,2,2,1,1,2,2,0.875,1,0,1,1,2,2,2,1,1,1,0,0.857142857,0,0,1,1,0.5,0,0.416666667,3,3,3,3,3,1,0,0,0,0,0,0,0,1,0,1,0,0,1,0,0,1
1092,3,0,2,2,2,1,1,2,2,0.75,1,1,1,1,2,2,2,1,1,1,1,1,0.5,1,1,0,1,1,0.75,2,3,3,2,2.5,0,1,0,0,0,0,0,1,0,0,1,0,0,0,1,0,3
1093,1,2,2,2,1,1,1,0,0,0.5625,1,0,1,0,2,2,2,0,0,0,0,0.571428571,1,0.5,0.5,0.5,1,0,0.583333333,3,3,3,1,2.5,0,1,0,0,0,0,0,1,0,0,1,0,1,0,0,0,1
1094,0,0,2,2,0,0,0,0,0,0.25,1,1,0,0,0,0,0,0,0,0,0,0.142857143,0,0,0,0.5,0,1,0.25,1,1,1,1,1,0,1,0,0,0,0,0,1,0,0,1,0,0,0,1,0,0
1095,3,0,2,2,1,1,2,2,2,0.75,1,1,1,1,2,2,2,1,1,1,1,1,0,0,0,0.5,1,1,0.416666667,2,3,3,3,2.75,0,1,0,0,0,1,0,0,0,0,1,0,1,0,0,0,3
1096,1,0,1,2,2,1,2,2,2,0.75,1,1,1,1,2,2,2,1,1,1,0,0.928571429,0.5,1,1,1,0.5,1,0.833333333,3,3,3,3,3,1,0,0,0,0,0,0,1,0,0,1,0,0,0,1,0,1
1097,2,0,2,2,1,1,1,2,2,0.6875,1,1,1,0,2,2,1,1,1,1,1,0.857142857,0,0,0,1,1,0,0.333333333,2,3,3,1,2.25,0,0,0,1,0,1,0,0,0,0,1,0,1,0,0,0,2
1098,3,0,2,2,1,1,2,1,2,0.6875,1,1,1,0,2,2,2,1,1,1,1,0.928571429,0,0,0,0.5,0.5,0,0.166666667,3,3,3,1,2.5,0,1,0,0,0,0,1,0,0,0,1,0,0,0,1,0,3
1099,1,0,2,2,1,1,1,2,0,0.5625,1,1,1,0,2,2,2,1,1,1,1,0.928571429,1,1,0.5,1,0.5,1,0.833333333,2,3,3,2,2.5,1,0,0,0,0,0,0,1,0,0,1,0,0,0,1,0,1
1100,1,0,1,2,1,2,1,2,0,0.5625,1,1,1,1,2,2,2,1,1,1,0,0.928571429,1,0.5,1,0.5,1,1,0.833333333,2,3,3,3,2.75,1,0,0,0,0,1,0,0,0,0,1,0,0,0,1,0,1
1357,2,0,2,2,2,2,1,2,2,0.8125,1,1,1,1,2,2,1,1,1,1,1,0.928571429,0.5,1,1,0.5,0.5,1,0.75,3,3,3,3,3,1,0,0,0,0,0,0,0,1,0,1,0,0,1,0,0,2